solid OpenSCAD_Model
  facet normal 0 0 1
    outer loop
      vertex -14.5825 -0.625 19.8
      vertex -16.9175 -0.625 19.8
      vertex -14.4917 -0.760951 19.8
    endloop
  endfacet
  facet normal 0 0 1
    outer loop
      vertex -14.3839 -5.11612 19.8
      vertex -16.7607 -5.83684 19.8
      vertex -16.75 -6 19.8
    endloop
  endfacet
  facet normal 0 0 1
    outer loop
      vertex -17.0083 -0.760951 19.8
      vertex -14.4917 -0.760951 19.8
      vertex -16.9175 -0.625 19.8
    endloop
  endfacet
  facet normal 0 0 1
    outer loop
      vertex -14.3839 -5.11612 19.8
      vertex -16.7926 -5.67648 19.8
      vertex -16.7607 -5.83684 19.8
    endloop
  endfacet
  facet normal 0 0 1
    outer loop
      vertex -14.4917 -0.760951 19.8
      vertex -17.0083 -0.760951 19.8
      vertex -14.3839 -0.883883 19.8
    endloop
  endfacet
  facet normal 0 0 1
    outer loop
      vertex -14.3839 -5.11612 19.8
      vertex -16.8451 -5.52165 19.8
      vertex -16.7926 -5.67648 19.8
    endloop
  endfacet
  facet normal 0 0 1
    outer loop
      vertex -17.1161 -0.883883 19.8
      vertex -14.3839 -0.883883 19.8
      vertex -17.0083 -0.760951 19.8
    endloop
  endfacet
  facet normal 0 0 1
    outer loop
      vertex -14.3839 -5.11612 19.8
      vertex -16.9175 -5.375 19.8
      vertex -16.8451 -5.52165 19.8
    endloop
  endfacet
  facet normal 0 0 1
    outer loop
      vertex -17.239 -0.991692 19.8
      vertex -14.3839 -0.883883 19.8
      vertex -17.1161 -0.883883 19.8
    endloop
  endfacet
  facet normal 0 0 1
    outer loop
      vertex -14.3839 -5.11612 19.8
      vertex -17.0083 -5.23905 19.8
      vertex -16.9175 -5.375 19.8
    endloop
  endfacet
  facet normal 0 0 1
    outer loop
      vertex -14.3839 -0.883883 19.8
      vertex -17.239 -0.991692 19.8
      vertex -14.3839 -5.11612 19.8
    endloop
  endfacet
  facet normal 0 0 1
    outer loop
      vertex -14.3839 -5.11612 19.8
      vertex -17.1161 -5.11612 19.8
      vertex -17.0083 -5.23905 19.8
    endloop
  endfacet
  facet normal -0 0 1
    outer loop
      vertex -17.239 -5.00831 19.8
      vertex -14.3839 -5.11612 19.8
      vertex -17.239 -0.991692 19.8
    endloop
  endfacet
  facet normal 0 0 1
    outer loop
      vertex -14.3839 -5.11612 19.8
      vertex -17.239 -5.00831 19.8
      vertex -17.1161 -5.11612 19.8
    endloop
  endfacet
  facet normal -0 0 1
    outer loop
      vertex -17.375 -1.08253 19.8
      vertex -17.239 -5.00831 19.8
      vertex -17.239 -0.991692 19.8
    endloop
  endfacet
  facet normal 0 0 1
    outer loop
      vertex -17.375 -1.08253 19.8
      vertex -17.375 -4.91747 19.8
      vertex -17.239 -5.00831 19.8
    endloop
  endfacet
  facet normal -0 0 1
    outer loop
      vertex -17.5216 -1.15485 19.8
      vertex -17.375 -4.91747 19.8
      vertex -17.375 -1.08253 19.8
    endloop
  endfacet
  facet normal 0 0 1
    outer loop
      vertex -17.5216 -1.15485 19.8
      vertex -17.5216 -4.84515 19.8
      vertex -17.375 -4.91747 19.8
    endloop
  endfacet
  facet normal -0 0 1
    outer loop
      vertex -17.6765 -1.20741 19.8
      vertex -17.5216 -4.84515 19.8
      vertex -17.5216 -1.15485 19.8
    endloop
  endfacet
  facet normal 0 0 1
    outer loop
      vertex -17.6765 -1.20741 19.8
      vertex -17.6765 -4.79259 19.8
      vertex -17.5216 -4.84515 19.8
    endloop
  endfacet
  facet normal -0 0 1
    outer loop
      vertex -17.8368 -1.23931 19.8
      vertex -17.6765 -4.79259 19.8
      vertex -17.6765 -1.20741 19.8
    endloop
  endfacet
  facet normal 0 0 1
    outer loop
      vertex -17.8368 -1.23931 19.8
      vertex -17.8368 -4.76069 19.8
      vertex -17.6765 -4.79259 19.8
    endloop
  endfacet
  facet normal -0 0 1
    outer loop
      vertex -18 -1.25 19.8
      vertex -17.8368 -4.76069 19.8
      vertex -17.8368 -1.23931 19.8
    endloop
  endfacet
  facet normal 0 0 1
    outer loop
      vertex -18 -1.25 19.8
      vertex -18 -4.75 19.8
      vertex -17.8368 -4.76069 19.8
    endloop
  endfacet
  facet normal 0 0 1
    outer loop
      vertex -18.1632 -1.23931 19.8
      vertex -18 -4.75 19.8
      vertex -18 -1.25 19.8
    endloop
  endfacet
  facet normal 0 0 1
    outer loop
      vertex -18.1632 -1.23931 19.8
      vertex -18.1632 -4.76069 19.8
      vertex -18 -4.75 19.8
    endloop
  endfacet
  facet normal 0 0 1
    outer loop
      vertex -18.3235 -1.20741 19.8
      vertex -18.1632 -4.76069 19.8
      vertex -18.1632 -1.23931 19.8
    endloop
  endfacet
  facet normal 0 0 1
    outer loop
      vertex -18.3235 -1.20741 19.8
      vertex -18.3235 -4.79259 19.8
      vertex -18.1632 -4.76069 19.8
    endloop
  endfacet
  facet normal 0 0 1
    outer loop
      vertex -18.4784 -1.15485 19.8
      vertex -18.3235 -4.79259 19.8
      vertex -18.3235 -1.20741 19.8
    endloop
  endfacet
  facet normal 0 0 1
    outer loop
      vertex -18.4784 -1.15485 19.8
      vertex -18.4784 -4.84515 19.8
      vertex -18.3235 -4.79259 19.8
    endloop
  endfacet
  facet normal 0 0 1
    outer loop
      vertex -18.625 -1.08253 19.8
      vertex -18.4784 -4.84515 19.8
      vertex -18.4784 -1.15485 19.8
    endloop
  endfacet
  facet normal 0 0 1
    outer loop
      vertex -18.625 -1.08253 19.8
      vertex -18.625 -4.91747 19.8
      vertex -18.4784 -4.84515 19.8
    endloop
  endfacet
  facet normal 0 0 1
    outer loop
      vertex -18.761 -0.991692 19.8
      vertex -18.625 -4.91747 19.8
      vertex -18.625 -1.08253 19.8
    endloop
  endfacet
  facet normal 0 0 1
    outer loop
      vertex -18.761 -0.991692 19.8
      vertex -18.761 -5.00831 19.8
      vertex -18.625 -4.91747 19.8
    endloop
  endfacet
  facet normal 0 0 1
    outer loop
      vertex -18.8839 -0.883883 19.8
      vertex -18.761 -5.00831 19.8
      vertex -18.761 -0.991692 19.8
    endloop
  endfacet
  facet normal 0 0 1
    outer loop
      vertex -18.8839 -0.883883 19.8
      vertex -18.8839 -5.11612 19.8
      vertex -18.761 -5.00831 19.8
    endloop
  endfacet
  facet normal 0 0 1
    outer loop
      vertex -18.9917 -0.760951 19.8
      vertex -18.8839 -5.11612 19.8
      vertex -18.8839 -0.883883 19.8
    endloop
  endfacet
  facet normal 0 0 1
    outer loop
      vertex -18.9917 -0.760951 19.8
      vertex -18.9917 -5.23905 19.8
      vertex -18.8839 -5.11612 19.8
    endloop
  endfacet
  facet normal 0 0 1
    outer loop
      vertex -19.0825 -0.625 19.8
      vertex -18.9917 -5.23905 19.8
      vertex -18.9917 -0.760951 19.8
    endloop
  endfacet
  facet normal 0 0 1
    outer loop
      vertex -19.0825 -0.625 19.8
      vertex -19.0825 -5.375 19.8
      vertex -18.9917 -5.23905 19.8
    endloop
  endfacet
  facet normal 0 0 1
    outer loop
      vertex -19.1549 -0.478354 19.8
      vertex -19.0825 -5.375 19.8
      vertex -19.0825 -0.625 19.8
    endloop
  endfacet
  facet normal 0 0 1
    outer loop
      vertex -19.1549 -0.478354 19.8
      vertex -19.1549 -5.52165 19.8
      vertex -19.0825 -5.375 19.8
    endloop
  endfacet
  facet normal 0 0 1
    outer loop
      vertex -22.3 -8.6 19.8
      vertex -19.1549 -0.478354 19.8
      vertex -19.2074 -0.323524 19.8
    endloop
  endfacet
  facet normal 0 0 1
    outer loop
      vertex -19.1549 -0.478354 19.8
      vertex -22.3 -8.6 19.8
      vertex -19.1549 -5.52165 19.8
    endloop
  endfacet
  facet normal 0 0 1
    outer loop
      vertex -22.3 -8.6 19.8
      vertex -19.2074 -0.323524 19.8
      vertex -19.2393 -0.163157 19.8
    endloop
  endfacet
  facet normal 0 0 1
    outer loop
      vertex -19.1549 -5.52165 19.8
      vertex -22.3 -8.6 19.8
      vertex -19.2074 -5.67648 19.8
    endloop
  endfacet
  facet normal 0 0 1
    outer loop
      vertex -22.3 -8.6 19.8
      vertex -19.2393 -0.163157 19.8
      vertex -19.25 0 19.8
    endloop
  endfacet
  facet normal 0 0 1
    outer loop
      vertex -19.2074 -5.67648 19.8
      vertex -22.3 -8.6 19.8
      vertex -19.2393 -5.83684 19.8
    endloop
  endfacet
  facet normal 0 0 1
    outer loop
      vertex -14.5825 5.375 19.8
      vertex -16.9175 5.375 19.8
      vertex -14.4917 5.23905 19.8
    endloop
  endfacet
  facet normal 0 0 1
    outer loop
      vertex -14.3839 0.883883 19.8
      vertex -16.7607 0.163157 19.8
      vertex -16.75 0 19.8
    endloop
  endfacet
  facet normal 0 0 1
    outer loop
      vertex -17.0083 5.23905 19.8
      vertex -14.4917 5.23905 19.8
      vertex -16.9175 5.375 19.8
    endloop
  endfacet
  facet normal 0 0 1
    outer loop
      vertex -14.3839 0.883883 19.8
      vertex -16.7926 0.323524 19.8
      vertex -16.7607 0.163157 19.8
    endloop
  endfacet
  facet normal 0 0 1
    outer loop
      vertex -14.4917 5.23905 19.8
      vertex -17.0083 5.23905 19.8
      vertex -14.3839 5.11612 19.8
    endloop
  endfacet
  facet normal 0 0 1
    outer loop
      vertex -14.3839 0.883883 19.8
      vertex -16.8451 0.478354 19.8
      vertex -16.7926 0.323524 19.8
    endloop
  endfacet
  facet normal 0 0 1
    outer loop
      vertex -17.1161 5.11612 19.8
      vertex -14.3839 5.11612 19.8
      vertex -17.0083 5.23905 19.8
    endloop
  endfacet
  facet normal 0 0 1
    outer loop
      vertex -14.3839 0.883883 19.8
      vertex -16.9175 0.625 19.8
      vertex -16.8451 0.478354 19.8
    endloop
  endfacet
  facet normal 0 0 1
    outer loop
      vertex -17.239 5.00831 19.8
      vertex -14.3839 5.11612 19.8
      vertex -17.1161 5.11612 19.8
    endloop
  endfacet
  facet normal 0 0 1
    outer loop
      vertex -14.3839 0.883883 19.8
      vertex -17.0083 0.760951 19.8
      vertex -16.9175 0.625 19.8
    endloop
  endfacet
  facet normal 0 0 1
    outer loop
      vertex -14.3839 5.11612 19.8
      vertex -17.239 5.00831 19.8
      vertex -14.3839 0.883883 19.8
    endloop
  endfacet
  facet normal 0 0 1
    outer loop
      vertex -14.3839 0.883883 19.8
      vertex -17.1161 0.883883 19.8
      vertex -17.0083 0.760951 19.8
    endloop
  endfacet
  facet normal -0 0 1
    outer loop
      vertex -17.239 0.991692 19.8
      vertex -14.3839 0.883883 19.8
      vertex -17.239 5.00831 19.8
    endloop
  endfacet
  facet normal 0 0 1
    outer loop
      vertex -14.3839 0.883883 19.8
      vertex -17.239 0.991692 19.8
      vertex -17.1161 0.883883 19.8
    endloop
  endfacet
  facet normal -0 0 1
    outer loop
      vertex -17.375 4.91747 19.8
      vertex -17.239 0.991692 19.8
      vertex -17.239 5.00831 19.8
    endloop
  endfacet
  facet normal 0 0 1
    outer loop
      vertex -17.375 4.91747 19.8
      vertex -17.375 1.08253 19.8
      vertex -17.239 0.991692 19.8
    endloop
  endfacet
  facet normal -0 0 1
    outer loop
      vertex -17.5216 4.84515 19.8
      vertex -17.375 1.08253 19.8
      vertex -17.375 4.91747 19.8
    endloop
  endfacet
  facet normal 0 0 1
    outer loop
      vertex -17.5216 4.84515 19.8
      vertex -17.5216 1.15485 19.8
      vertex -17.375 1.08253 19.8
    endloop
  endfacet
  facet normal -0 0 1
    outer loop
      vertex -17.6765 4.79259 19.8
      vertex -17.5216 1.15485 19.8
      vertex -17.5216 4.84515 19.8
    endloop
  endfacet
  facet normal 0 0 1
    outer loop
      vertex -17.6765 4.79259 19.8
      vertex -17.6765 1.20741 19.8
      vertex -17.5216 1.15485 19.8
    endloop
  endfacet
  facet normal -0 0 1
    outer loop
      vertex -17.8368 4.76069 19.8
      vertex -17.6765 1.20741 19.8
      vertex -17.6765 4.79259 19.8
    endloop
  endfacet
  facet normal 0 0 1
    outer loop
      vertex -17.8368 4.76069 19.8
      vertex -17.8368 1.23931 19.8
      vertex -17.6765 1.20741 19.8
    endloop
  endfacet
  facet normal -0 0 1
    outer loop
      vertex -18 4.75 19.8
      vertex -17.8368 1.23931 19.8
      vertex -17.8368 4.76069 19.8
    endloop
  endfacet
  facet normal 0 0 1
    outer loop
      vertex -18 4.75 19.8
      vertex -18 1.25 19.8
      vertex -17.8368 1.23931 19.8
    endloop
  endfacet
  facet normal 0 0 1
    outer loop
      vertex -18.1632 4.76069 19.8
      vertex -18 1.25 19.8
      vertex -18 4.75 19.8
    endloop
  endfacet
  facet normal 0 0 1
    outer loop
      vertex -18.1632 4.76069 19.8
      vertex -18.1632 1.23931 19.8
      vertex -18 1.25 19.8
    endloop
  endfacet
  facet normal 0 0 1
    outer loop
      vertex -18.3235 4.79259 19.8
      vertex -18.1632 1.23931 19.8
      vertex -18.1632 4.76069 19.8
    endloop
  endfacet
  facet normal 0 0 1
    outer loop
      vertex -18.3235 4.79259 19.8
      vertex -18.3235 1.20741 19.8
      vertex -18.1632 1.23931 19.8
    endloop
  endfacet
  facet normal 0 0 1
    outer loop
      vertex -18.4784 4.84515 19.8
      vertex -18.3235 1.20741 19.8
      vertex -18.3235 4.79259 19.8
    endloop
  endfacet
  facet normal 0 0 1
    outer loop
      vertex -18.4784 4.84515 19.8
      vertex -18.4784 1.15485 19.8
      vertex -18.3235 1.20741 19.8
    endloop
  endfacet
  facet normal 0 0 1
    outer loop
      vertex -18.625 4.91747 19.8
      vertex -18.4784 1.15485 19.8
      vertex -18.4784 4.84515 19.8
    endloop
  endfacet
  facet normal 0 0 1
    outer loop
      vertex -18.625 4.91747 19.8
      vertex -18.625 1.08253 19.8
      vertex -18.4784 1.15485 19.8
    endloop
  endfacet
  facet normal 0 0 1
    outer loop
      vertex -18.761 5.00831 19.8
      vertex -18.625 1.08253 19.8
      vertex -18.625 4.91747 19.8
    endloop
  endfacet
  facet normal 0 0 1
    outer loop
      vertex -18.761 5.00831 19.8
      vertex -18.761 0.991692 19.8
      vertex -18.625 1.08253 19.8
    endloop
  endfacet
  facet normal 0 0 1
    outer loop
      vertex -18.8839 5.11612 19.8
      vertex -18.761 0.991692 19.8
      vertex -18.761 5.00831 19.8
    endloop
  endfacet
  facet normal 0 0 1
    outer loop
      vertex -18.8839 5.11612 19.8
      vertex -18.8839 0.883883 19.8
      vertex -18.761 0.991692 19.8
    endloop
  endfacet
  facet normal 0 0 1
    outer loop
      vertex -18.9917 5.23905 19.8
      vertex -18.8839 0.883883 19.8
      vertex -18.8839 5.11612 19.8
    endloop
  endfacet
  facet normal 0 0 1
    outer loop
      vertex -18.9917 5.23905 19.8
      vertex -18.9917 0.760951 19.8
      vertex -18.8839 0.883883 19.8
    endloop
  endfacet
  facet normal 0 0 1
    outer loop
      vertex -19.0825 5.375 19.8
      vertex -18.9917 0.760951 19.8
      vertex -18.9917 5.23905 19.8
    endloop
  endfacet
  facet normal 0 0 1
    outer loop
      vertex -19.0825 5.375 19.8
      vertex -19.0825 0.625 19.8
      vertex -18.9917 0.760951 19.8
    endloop
  endfacet
  facet normal 0 0 1
    outer loop
      vertex -19.1549 5.52165 19.8
      vertex -19.0825 0.625 19.8
      vertex -19.0825 5.375 19.8
    endloop
  endfacet
  facet normal 0 0 1
    outer loop
      vertex -19.1549 5.52165 19.8
      vertex -19.1549 0.478354 19.8
      vertex -19.0825 0.625 19.8
    endloop
  endfacet
  facet normal 0 0 1
    outer loop
      vertex -22.3 8.6 19.8
      vertex -19.1549 5.52165 19.8
      vertex -19.2074 5.67648 19.8
    endloop
  endfacet
  facet normal 0 0 1
    outer loop
      vertex -19.1549 5.52165 19.8
      vertex -22.3 8.6 19.8
      vertex -19.1549 0.478354 19.8
    endloop
  endfacet
  facet normal 0 0 1
    outer loop
      vertex -22.3 8.6 19.8
      vertex -19.2074 5.67648 19.8
      vertex -19.2393 5.83684 19.8
    endloop
  endfacet
  facet normal 0 0 1
    outer loop
      vertex -19.1549 0.478354 19.8
      vertex -22.3 8.6 19.8
      vertex -19.2074 0.323524 19.8
    endloop
  endfacet
  facet normal 0 0 1
    outer loop
      vertex -22.3 8.6 19.8
      vertex -19.2393 5.83684 19.8
      vertex -19.25 6 19.8
    endloop
  endfacet
  facet normal 0 0 1
    outer loop
      vertex -19.2074 0.323524 19.8
      vertex -22.3 8.6 19.8
      vertex -19.2393 0.163157 19.8
    endloop
  endfacet
  facet normal 0 0 1
    outer loop
      vertex -10.0825 -0.625 19.8
      vertex -12.4175 -0.625 19.8
      vertex -9.99169 -0.760951 19.8
    endloop
  endfacet
  facet normal 0 0 1
    outer loop
      vertex -9.88388 -5.11612 19.8
      vertex -12.2607 -5.83684 19.8
      vertex -12.25 -6 19.8
    endloop
  endfacet
  facet normal 0 0 1
    outer loop
      vertex -12.5083 -0.760951 19.8
      vertex -9.99169 -0.760951 19.8
      vertex -12.4175 -0.625 19.8
    endloop
  endfacet
  facet normal 0 0 1
    outer loop
      vertex -9.88388 -5.11612 19.8
      vertex -12.2926 -5.67648 19.8
      vertex -12.2607 -5.83684 19.8
    endloop
  endfacet
  facet normal 0 0 1
    outer loop
      vertex -9.99169 -0.760951 19.8
      vertex -12.5083 -0.760951 19.8
      vertex -9.88388 -0.883883 19.8
    endloop
  endfacet
  facet normal 0 0 1
    outer loop
      vertex -9.88388 -5.11612 19.8
      vertex -12.3451 -5.52165 19.8
      vertex -12.2926 -5.67648 19.8
    endloop
  endfacet
  facet normal 0 0 1
    outer loop
      vertex -12.6161 -0.883883 19.8
      vertex -9.88388 -0.883883 19.8
      vertex -12.5083 -0.760951 19.8
    endloop
  endfacet
  facet normal 0 0 1
    outer loop
      vertex -9.88388 -5.11612 19.8
      vertex -12.4175 -5.375 19.8
      vertex -12.3451 -5.52165 19.8
    endloop
  endfacet
  facet normal 0 0 1
    outer loop
      vertex -12.739 -0.991692 19.8
      vertex -9.88388 -0.883883 19.8
      vertex -12.6161 -0.883883 19.8
    endloop
  endfacet
  facet normal 0 0 1
    outer loop
      vertex -9.88388 -5.11612 19.8
      vertex -12.5083 -5.23905 19.8
      vertex -12.4175 -5.375 19.8
    endloop
  endfacet
  facet normal 0 0 1
    outer loop
      vertex -9.88388 -0.883883 19.8
      vertex -12.739 -0.991692 19.8
      vertex -9.88388 -5.11612 19.8
    endloop
  endfacet
  facet normal 0 0 1
    outer loop
      vertex -9.88388 -5.11612 19.8
      vertex -12.6161 -5.11612 19.8
      vertex -12.5083 -5.23905 19.8
    endloop
  endfacet
  facet normal -0 0 1
    outer loop
      vertex -12.739 -5.00831 19.8
      vertex -9.88388 -5.11612 19.8
      vertex -12.739 -0.991692 19.8
    endloop
  endfacet
  facet normal 0 0 1
    outer loop
      vertex -9.88388 -5.11612 19.8
      vertex -12.739 -5.00831 19.8
      vertex -12.6161 -5.11612 19.8
    endloop
  endfacet
  facet normal -0 0 1
    outer loop
      vertex -12.875 -1.08253 19.8
      vertex -12.739 -5.00831 19.8
      vertex -12.739 -0.991692 19.8
    endloop
  endfacet
  facet normal 0 0 1
    outer loop
      vertex -12.875 -1.08253 19.8
      vertex -12.875 -4.91747 19.8
      vertex -12.739 -5.00831 19.8
    endloop
  endfacet
  facet normal -0 0 1
    outer loop
      vertex -13.0216 -1.15485 19.8
      vertex -12.875 -4.91747 19.8
      vertex -12.875 -1.08253 19.8
    endloop
  endfacet
  facet normal 0 0 1
    outer loop
      vertex -13.0216 -1.15485 19.8
      vertex -13.0216 -4.84515 19.8
      vertex -12.875 -4.91747 19.8
    endloop
  endfacet
  facet normal -0 0 1
    outer loop
      vertex -13.1765 -1.20741 19.8
      vertex -13.0216 -4.84515 19.8
      vertex -13.0216 -1.15485 19.8
    endloop
  endfacet
  facet normal 0 0 1
    outer loop
      vertex -13.1765 -1.20741 19.8
      vertex -13.1765 -4.79259 19.8
      vertex -13.0216 -4.84515 19.8
    endloop
  endfacet
  facet normal -0 0 1
    outer loop
      vertex -13.3368 -1.23931 19.8
      vertex -13.1765 -4.79259 19.8
      vertex -13.1765 -1.20741 19.8
    endloop
  endfacet
  facet normal 0 0 1
    outer loop
      vertex -13.3368 -1.23931 19.8
      vertex -13.3368 -4.76069 19.8
      vertex -13.1765 -4.79259 19.8
    endloop
  endfacet
  facet normal -0 0 1
    outer loop
      vertex -13.5 -1.25 19.8
      vertex -13.3368 -4.76069 19.8
      vertex -13.3368 -1.23931 19.8
    endloop
  endfacet
  facet normal 0 0 1
    outer loop
      vertex -13.5 -1.25 19.8
      vertex -13.5 -4.75 19.8
      vertex -13.3368 -4.76069 19.8
    endloop
  endfacet
  facet normal 0 0 1
    outer loop
      vertex -13.6632 -1.23931 19.8
      vertex -13.5 -4.75 19.8
      vertex -13.5 -1.25 19.8
    endloop
  endfacet
  facet normal 0 0 1
    outer loop
      vertex -13.6632 -1.23931 19.8
      vertex -13.6632 -4.76069 19.8
      vertex -13.5 -4.75 19.8
    endloop
  endfacet
  facet normal 0 0 1
    outer loop
      vertex -13.8235 -1.20741 19.8
      vertex -13.6632 -4.76069 19.8
      vertex -13.6632 -1.23931 19.8
    endloop
  endfacet
  facet normal 0 0 1
    outer loop
      vertex -13.8235 -1.20741 19.8
      vertex -13.8235 -4.79259 19.8
      vertex -13.6632 -4.76069 19.8
    endloop
  endfacet
  facet normal 0 0 1
    outer loop
      vertex -13.9784 -1.15485 19.8
      vertex -13.8235 -4.79259 19.8
      vertex -13.8235 -1.20741 19.8
    endloop
  endfacet
  facet normal 0 0 1
    outer loop
      vertex -13.9784 -1.15485 19.8
      vertex -13.9784 -4.84515 19.8
      vertex -13.8235 -4.79259 19.8
    endloop
  endfacet
  facet normal 0 0 1
    outer loop
      vertex -14.125 -1.08253 19.8
      vertex -13.9784 -4.84515 19.8
      vertex -13.9784 -1.15485 19.8
    endloop
  endfacet
  facet normal 0 0 1
    outer loop
      vertex -14.125 -1.08253 19.8
      vertex -14.125 -4.91747 19.8
      vertex -13.9784 -4.84515 19.8
    endloop
  endfacet
  facet normal 0 0 1
    outer loop
      vertex -14.261 -0.991692 19.8
      vertex -14.125 -4.91747 19.8
      vertex -14.125 -1.08253 19.8
    endloop
  endfacet
  facet normal 0 0 1
    outer loop
      vertex -14.261 -0.991692 19.8
      vertex -14.261 -5.00831 19.8
      vertex -14.125 -4.91747 19.8
    endloop
  endfacet
  facet normal 0 0 1
    outer loop
      vertex -14.3839 -0.883883 19.8
      vertex -14.261 -5.00831 19.8
      vertex -14.261 -0.991692 19.8
    endloop
  endfacet
  facet normal 0 0 1
    outer loop
      vertex -14.3839 -0.883883 19.8
      vertex -14.3839 -5.11612 19.8
      vertex -14.261 -5.00831 19.8
    endloop
  endfacet
  facet normal 0 0 1
    outer loop
      vertex -16.8451 -0.478354 19.8
      vertex -14.6548 -0.478354 19.8
      vertex -16.7926 -0.323524 19.8
    endloop
  endfacet
  facet normal 0 0 1
    outer loop
      vertex -14.6548 -0.478354 19.8
      vertex -16.8451 -0.478354 19.8
      vertex -14.5825 -0.625 19.8
    endloop
  endfacet
  facet normal 0 0 1
    outer loop
      vertex -14.7074 -0.323524 19.8
      vertex -16.7926 -0.323524 19.8
      vertex -14.6548 -0.478354 19.8
    endloop
  endfacet
  facet normal 0 0 1
    outer loop
      vertex -16.9175 -0.625 19.8
      vertex -14.5825 -0.625 19.8
      vertex -16.8451 -0.478354 19.8
    endloop
  endfacet
  facet normal 0 0 1
    outer loop
      vertex -16.7926 -0.323524 19.8
      vertex -14.7074 -0.323524 19.8
      vertex -16.7607 -0.163157 19.8
    endloop
  endfacet
  facet normal 0 0 1
    outer loop
      vertex -14.3839 -5.11612 19.8
      vertex -16.75 -6 19.8
      vertex -14.4917 -5.23905 19.8
    endloop
  endfacet
  facet normal 0 0 1
    outer loop
      vertex -14.7393 -0.163157 19.8
      vertex -16.7607 -0.163157 19.8
      vertex -14.7074 -0.323524 19.8
    endloop
  endfacet
  facet normal 0 0 1
    outer loop
      vertex -14.4917 -5.23905 19.8
      vertex -16.75 -6 19.8
      vertex -14.5825 -5.375 19.8
    endloop
  endfacet
  facet normal 0 0 1
    outer loop
      vertex -16.7607 -0.163157 19.8
      vertex -14.7393 -0.163157 19.8
      vertex -16.75 0 19.8
    endloop
  endfacet
  facet normal 0 0 1
    outer loop
      vertex -14.5825 -5.375 19.8
      vertex -16.75 -6 19.8
      vertex -14.6548 -5.52165 19.8
    endloop
  endfacet
  facet normal -0 0 1
    outer loop
      vertex -16.75 0 19.8
      vertex -14.7393 -0.163157 19.8
      vertex -14.75 0 19.8
    endloop
  endfacet
  facet normal 0 0 1
    outer loop
      vertex -14.6548 -5.52165 19.8
      vertex -16.75 -6 19.8
      vertex -14.7074 -5.67648 19.8
    endloop
  endfacet
  facet normal 0 0 1
    outer loop
      vertex -10.0825 5.375 19.8
      vertex -12.4175 5.375 19.8
      vertex -9.99169 5.23905 19.8
    endloop
  endfacet
  facet normal 0 0 1
    outer loop
      vertex -9.88388 0.883883 19.8
      vertex -12.2607 0.163157 19.8
      vertex -12.25 0 19.8
    endloop
  endfacet
  facet normal 0 0 1
    outer loop
      vertex -12.5083 5.23905 19.8
      vertex -9.99169 5.23905 19.8
      vertex -12.4175 5.375 19.8
    endloop
  endfacet
  facet normal 0 0 1
    outer loop
      vertex -9.88388 0.883883 19.8
      vertex -12.2926 0.323524 19.8
      vertex -12.2607 0.163157 19.8
    endloop
  endfacet
  facet normal 0 0 1
    outer loop
      vertex -9.99169 5.23905 19.8
      vertex -12.5083 5.23905 19.8
      vertex -9.88388 5.11612 19.8
    endloop
  endfacet
  facet normal 0 0 1
    outer loop
      vertex -9.88388 0.883883 19.8
      vertex -12.3451 0.478354 19.8
      vertex -12.2926 0.323524 19.8
    endloop
  endfacet
  facet normal 0 0 1
    outer loop
      vertex -12.6161 5.11612 19.8
      vertex -9.88388 5.11612 19.8
      vertex -12.5083 5.23905 19.8
    endloop
  endfacet
  facet normal 0 0 1
    outer loop
      vertex -9.88388 0.883883 19.8
      vertex -12.4175 0.625 19.8
      vertex -12.3451 0.478354 19.8
    endloop
  endfacet
  facet normal 0 0 1
    outer loop
      vertex -12.739 5.00831 19.8
      vertex -9.88388 5.11612 19.8
      vertex -12.6161 5.11612 19.8
    endloop
  endfacet
  facet normal 0 0 1
    outer loop
      vertex -9.88388 0.883883 19.8
      vertex -12.5083 0.760951 19.8
      vertex -12.4175 0.625 19.8
    endloop
  endfacet
  facet normal 0 0 1
    outer loop
      vertex -9.88388 5.11612 19.8
      vertex -12.739 5.00831 19.8
      vertex -9.88388 0.883883 19.8
    endloop
  endfacet
  facet normal 0 0 1
    outer loop
      vertex -9.88388 0.883883 19.8
      vertex -12.6161 0.883883 19.8
      vertex -12.5083 0.760951 19.8
    endloop
  endfacet
  facet normal -0 0 1
    outer loop
      vertex -12.739 0.991692 19.8
      vertex -9.88388 0.883883 19.8
      vertex -12.739 5.00831 19.8
    endloop
  endfacet
  facet normal 0 0 1
    outer loop
      vertex -9.88388 0.883883 19.8
      vertex -12.739 0.991692 19.8
      vertex -12.6161 0.883883 19.8
    endloop
  endfacet
  facet normal -0 0 1
    outer loop
      vertex -12.875 4.91747 19.8
      vertex -12.739 0.991692 19.8
      vertex -12.739 5.00831 19.8
    endloop
  endfacet
  facet normal 0 0 1
    outer loop
      vertex -12.875 4.91747 19.8
      vertex -12.875 1.08253 19.8
      vertex -12.739 0.991692 19.8
    endloop
  endfacet
  facet normal -0 0 1
    outer loop
      vertex -13.0216 4.84515 19.8
      vertex -12.875 1.08253 19.8
      vertex -12.875 4.91747 19.8
    endloop
  endfacet
  facet normal 0 0 1
    outer loop
      vertex -13.0216 4.84515 19.8
      vertex -13.0216 1.15485 19.8
      vertex -12.875 1.08253 19.8
    endloop
  endfacet
  facet normal -0 0 1
    outer loop
      vertex -13.1765 4.79259 19.8
      vertex -13.0216 1.15485 19.8
      vertex -13.0216 4.84515 19.8
    endloop
  endfacet
  facet normal 0 0 1
    outer loop
      vertex -13.1765 4.79259 19.8
      vertex -13.1765 1.20741 19.8
      vertex -13.0216 1.15485 19.8
    endloop
  endfacet
  facet normal -0 0 1
    outer loop
      vertex -13.3368 4.76069 19.8
      vertex -13.1765 1.20741 19.8
      vertex -13.1765 4.79259 19.8
    endloop
  endfacet
  facet normal 0 0 1
    outer loop
      vertex -13.3368 4.76069 19.8
      vertex -13.3368 1.23931 19.8
      vertex -13.1765 1.20741 19.8
    endloop
  endfacet
  facet normal -0 0 1
    outer loop
      vertex -13.5 4.75 19.8
      vertex -13.3368 1.23931 19.8
      vertex -13.3368 4.76069 19.8
    endloop
  endfacet
  facet normal 0 0 1
    outer loop
      vertex -13.5 4.75 19.8
      vertex -13.5 1.25 19.8
      vertex -13.3368 1.23931 19.8
    endloop
  endfacet
  facet normal 0 0 1
    outer loop
      vertex -13.6632 4.76069 19.8
      vertex -13.5 1.25 19.8
      vertex -13.5 4.75 19.8
    endloop
  endfacet
  facet normal 0 0 1
    outer loop
      vertex -13.6632 4.76069 19.8
      vertex -13.6632 1.23931 19.8
      vertex -13.5 1.25 19.8
    endloop
  endfacet
  facet normal 0 0 1
    outer loop
      vertex -13.8235 4.79259 19.8
      vertex -13.6632 1.23931 19.8
      vertex -13.6632 4.76069 19.8
    endloop
  endfacet
  facet normal 0 0 1
    outer loop
      vertex -13.8235 4.79259 19.8
      vertex -13.8235 1.20741 19.8
      vertex -13.6632 1.23931 19.8
    endloop
  endfacet
  facet normal 0 0 1
    outer loop
      vertex -13.9784 4.84515 19.8
      vertex -13.8235 1.20741 19.8
      vertex -13.8235 4.79259 19.8
    endloop
  endfacet
  facet normal 0 0 1
    outer loop
      vertex -13.9784 4.84515 19.8
      vertex -13.9784 1.15485 19.8
      vertex -13.8235 1.20741 19.8
    endloop
  endfacet
  facet normal 0 0 1
    outer loop
      vertex -14.125 4.91747 19.8
      vertex -13.9784 1.15485 19.8
      vertex -13.9784 4.84515 19.8
    endloop
  endfacet
  facet normal 0 0 1
    outer loop
      vertex -14.125 4.91747 19.8
      vertex -14.125 1.08253 19.8
      vertex -13.9784 1.15485 19.8
    endloop
  endfacet
  facet normal 0 0 1
    outer loop
      vertex -14.261 5.00831 19.8
      vertex -14.125 1.08253 19.8
      vertex -14.125 4.91747 19.8
    endloop
  endfacet
  facet normal 0 0 1
    outer loop
      vertex -14.261 5.00831 19.8
      vertex -14.261 0.991692 19.8
      vertex -14.125 1.08253 19.8
    endloop
  endfacet
  facet normal 0 0 1
    outer loop
      vertex -14.3839 5.11612 19.8
      vertex -14.261 0.991692 19.8
      vertex -14.261 5.00831 19.8
    endloop
  endfacet
  facet normal 0 0 1
    outer loop
      vertex -14.3839 5.11612 19.8
      vertex -14.3839 0.883883 19.8
      vertex -14.261 0.991692 19.8
    endloop
  endfacet
  facet normal 0 0 1
    outer loop
      vertex -16.8451 5.52165 19.8
      vertex -14.6548 5.52165 19.8
      vertex -16.7926 5.67648 19.8
    endloop
  endfacet
  facet normal 0 0 1
    outer loop
      vertex -14.6548 5.52165 19.8
      vertex -16.8451 5.52165 19.8
      vertex -14.5825 5.375 19.8
    endloop
  endfacet
  facet normal 0 0 1
    outer loop
      vertex -14.7074 5.67648 19.8
      vertex -16.7926 5.67648 19.8
      vertex -14.6548 5.52165 19.8
    endloop
  endfacet
  facet normal 0 0 1
    outer loop
      vertex -16.9175 5.375 19.8
      vertex -14.5825 5.375 19.8
      vertex -16.8451 5.52165 19.8
    endloop
  endfacet
  facet normal 0 0 1
    outer loop
      vertex -16.7926 5.67648 19.8
      vertex -14.7074 5.67648 19.8
      vertex -16.7607 5.83684 19.8
    endloop
  endfacet
  facet normal 0 0 1
    outer loop
      vertex -14.3839 0.883883 19.8
      vertex -16.75 0 19.8
      vertex -14.4917 0.760951 19.8
    endloop
  endfacet
  facet normal 0 0 1
    outer loop
      vertex -14.7393 5.83684 19.8
      vertex -16.7607 5.83684 19.8
      vertex -14.7074 5.67648 19.8
    endloop
  endfacet
  facet normal 0 0 1
    outer loop
      vertex -14.4917 0.760951 19.8
      vertex -16.75 0 19.8
      vertex -14.5825 0.625 19.8
    endloop
  endfacet
  facet normal 0 0 1
    outer loop
      vertex -16.7607 5.83684 19.8
      vertex -14.7393 5.83684 19.8
      vertex -16.75 6 19.8
    endloop
  endfacet
  facet normal 0 0 1
    outer loop
      vertex -14.5825 0.625 19.8
      vertex -16.75 0 19.8
      vertex -14.6548 0.478354 19.8
    endloop
  endfacet
  facet normal -0 0 1
    outer loop
      vertex -16.75 6 19.8
      vertex -14.7393 5.83684 19.8
      vertex -14.75 6 19.8
    endloop
  endfacet
  facet normal 0 0 1
    outer loop
      vertex -14.6548 0.478354 19.8
      vertex -16.75 0 19.8
      vertex -14.7074 0.323524 19.8
    endloop
  endfacet
  facet normal 0 0 1
    outer loop
      vertex -5.58253 -0.625 19.8
      vertex -7.91747 -0.625 19.8
      vertex -5.49169 -0.760951 19.8
    endloop
  endfacet
  facet normal 0 0 1
    outer loop
      vertex -5.38388 -5.11612 19.8
      vertex -7.76069 -5.83684 19.8
      vertex -7.75 -6 19.8
    endloop
  endfacet
  facet normal 0 0 1
    outer loop
      vertex -8.00831 -0.760951 19.8
      vertex -5.49169 -0.760951 19.8
      vertex -7.91747 -0.625 19.8
    endloop
  endfacet
  facet normal 0 0 1
    outer loop
      vertex -5.38388 -5.11612 19.8
      vertex -7.79259 -5.67648 19.8
      vertex -7.76069 -5.83684 19.8
    endloop
  endfacet
  facet normal 0 0 1
    outer loop
      vertex -5.49169 -0.760951 19.8
      vertex -8.00831 -0.760951 19.8
      vertex -5.38388 -0.883883 19.8
    endloop
  endfacet
  facet normal 0 0 1
    outer loop
      vertex -5.38388 -5.11612 19.8
      vertex -7.84515 -5.52165 19.8
      vertex -7.79259 -5.67648 19.8
    endloop
  endfacet
  facet normal 0 0 1
    outer loop
      vertex -8.11612 -0.883883 19.8
      vertex -5.38388 -0.883883 19.8
      vertex -8.00831 -0.760951 19.8
    endloop
  endfacet
  facet normal 0 0 1
    outer loop
      vertex -5.38388 -5.11612 19.8
      vertex -7.91747 -5.375 19.8
      vertex -7.84515 -5.52165 19.8
    endloop
  endfacet
  facet normal 0 0 1
    outer loop
      vertex -8.23905 -0.991692 19.8
      vertex -5.38388 -0.883883 19.8
      vertex -8.11612 -0.883883 19.8
    endloop
  endfacet
  facet normal 0 0 1
    outer loop
      vertex -5.38388 -5.11612 19.8
      vertex -8.00831 -5.23905 19.8
      vertex -7.91747 -5.375 19.8
    endloop
  endfacet
  facet normal 0 0 1
    outer loop
      vertex -5.38388 -0.883883 19.8
      vertex -8.23905 -0.991692 19.8
      vertex -5.38388 -5.11612 19.8
    endloop
  endfacet
  facet normal 0 0 1
    outer loop
      vertex -5.38388 -5.11612 19.8
      vertex -8.11612 -5.11612 19.8
      vertex -8.00831 -5.23905 19.8
    endloop
  endfacet
  facet normal -0 0 1
    outer loop
      vertex -8.23905 -5.00831 19.8
      vertex -5.38388 -5.11612 19.8
      vertex -8.23905 -0.991692 19.8
    endloop
  endfacet
  facet normal 0 0 1
    outer loop
      vertex -5.38388 -5.11612 19.8
      vertex -8.23905 -5.00831 19.8
      vertex -8.11612 -5.11612 19.8
    endloop
  endfacet
  facet normal -0 0 1
    outer loop
      vertex -8.375 -1.08253 19.8
      vertex -8.23905 -5.00831 19.8
      vertex -8.23905 -0.991692 19.8
    endloop
  endfacet
  facet normal 0 0 1
    outer loop
      vertex -8.375 -1.08253 19.8
      vertex -8.375 -4.91747 19.8
      vertex -8.23905 -5.00831 19.8
    endloop
  endfacet
  facet normal -0 0 1
    outer loop
      vertex -8.52165 -1.15485 19.8
      vertex -8.375 -4.91747 19.8
      vertex -8.375 -1.08253 19.8
    endloop
  endfacet
  facet normal 0 0 1
    outer loop
      vertex -8.52165 -1.15485 19.8
      vertex -8.52165 -4.84515 19.8
      vertex -8.375 -4.91747 19.8
    endloop
  endfacet
  facet normal -0 0 1
    outer loop
      vertex -8.67648 -1.20741 19.8
      vertex -8.52165 -4.84515 19.8
      vertex -8.52165 -1.15485 19.8
    endloop
  endfacet
  facet normal 0 0 1
    outer loop
      vertex -8.67648 -1.20741 19.8
      vertex -8.67648 -4.79259 19.8
      vertex -8.52165 -4.84515 19.8
    endloop
  endfacet
  facet normal -0 0 1
    outer loop
      vertex -8.83684 -1.23931 19.8
      vertex -8.67648 -4.79259 19.8
      vertex -8.67648 -1.20741 19.8
    endloop
  endfacet
  facet normal 0 0 1
    outer loop
      vertex -8.83684 -1.23931 19.8
      vertex -8.83684 -4.76069 19.8
      vertex -8.67648 -4.79259 19.8
    endloop
  endfacet
  facet normal -0 0 1
    outer loop
      vertex -9 -1.25 19.8
      vertex -8.83684 -4.76069 19.8
      vertex -8.83684 -1.23931 19.8
    endloop
  endfacet
  facet normal 0 0 1
    outer loop
      vertex -9 -1.25 19.8
      vertex -9 -4.75 19.8
      vertex -8.83684 -4.76069 19.8
    endloop
  endfacet
  facet normal 0 0 1
    outer loop
      vertex -9.16316 -1.23931 19.8
      vertex -9 -4.75 19.8
      vertex -9 -1.25 19.8
    endloop
  endfacet
  facet normal 0 0 1
    outer loop
      vertex -9.16316 -1.23931 19.8
      vertex -9.16316 -4.76069 19.8
      vertex -9 -4.75 19.8
    endloop
  endfacet
  facet normal 0 0 1
    outer loop
      vertex -9.32352 -1.20741 19.8
      vertex -9.16316 -4.76069 19.8
      vertex -9.16316 -1.23931 19.8
    endloop
  endfacet
  facet normal 0 0 1
    outer loop
      vertex -9.32352 -1.20741 19.8
      vertex -9.32352 -4.79259 19.8
      vertex -9.16316 -4.76069 19.8
    endloop
  endfacet
  facet normal 0 0 1
    outer loop
      vertex -9.47835 -1.15485 19.8
      vertex -9.32352 -4.79259 19.8
      vertex -9.32352 -1.20741 19.8
    endloop
  endfacet
  facet normal 0 0 1
    outer loop
      vertex -9.47835 -1.15485 19.8
      vertex -9.47835 -4.84515 19.8
      vertex -9.32352 -4.79259 19.8
    endloop
  endfacet
  facet normal 0 0 1
    outer loop
      vertex -9.625 -1.08253 19.8
      vertex -9.47835 -4.84515 19.8
      vertex -9.47835 -1.15485 19.8
    endloop
  endfacet
  facet normal 0 0 1
    outer loop
      vertex -9.625 -1.08253 19.8
      vertex -9.625 -4.91747 19.8
      vertex -9.47835 -4.84515 19.8
    endloop
  endfacet
  facet normal 0 0 1
    outer loop
      vertex -9.76095 -0.991692 19.8
      vertex -9.625 -4.91747 19.8
      vertex -9.625 -1.08253 19.8
    endloop
  endfacet
  facet normal 0 0 1
    outer loop
      vertex -9.76095 -0.991692 19.8
      vertex -9.76095 -5.00831 19.8
      vertex -9.625 -4.91747 19.8
    endloop
  endfacet
  facet normal 0 0 1
    outer loop
      vertex -9.88388 -0.883883 19.8
      vertex -9.76095 -5.00831 19.8
      vertex -9.76095 -0.991692 19.8
    endloop
  endfacet
  facet normal 0 0 1
    outer loop
      vertex -9.88388 -0.883883 19.8
      vertex -9.88388 -5.11612 19.8
      vertex -9.76095 -5.00831 19.8
    endloop
  endfacet
  facet normal 0 0 1
    outer loop
      vertex -12.3451 -0.478354 19.8
      vertex -10.1548 -0.478354 19.8
      vertex -12.2926 -0.323524 19.8
    endloop
  endfacet
  facet normal 0 0 1
    outer loop
      vertex -10.1548 -0.478354 19.8
      vertex -12.3451 -0.478354 19.8
      vertex -10.0825 -0.625 19.8
    endloop
  endfacet
  facet normal 0 0 1
    outer loop
      vertex -10.2074 -0.323524 19.8
      vertex -12.2926 -0.323524 19.8
      vertex -10.1548 -0.478354 19.8
    endloop
  endfacet
  facet normal 0 0 1
    outer loop
      vertex -12.4175 -0.625 19.8
      vertex -10.0825 -0.625 19.8
      vertex -12.3451 -0.478354 19.8
    endloop
  endfacet
  facet normal 0 0 1
    outer loop
      vertex -12.2926 -0.323524 19.8
      vertex -10.2074 -0.323524 19.8
      vertex -12.2607 -0.163157 19.8
    endloop
  endfacet
  facet normal 0 0 1
    outer loop
      vertex -9.88388 -5.11612 19.8
      vertex -12.25 -6 19.8
      vertex -9.99169 -5.23905 19.8
    endloop
  endfacet
  facet normal 0 0 1
    outer loop
      vertex -10.2393 -0.163157 19.8
      vertex -12.2607 -0.163157 19.8
      vertex -10.2074 -0.323524 19.8
    endloop
  endfacet
  facet normal 0 0 1
    outer loop
      vertex -9.99169 -5.23905 19.8
      vertex -12.25 -6 19.8
      vertex -10.0825 -5.375 19.8
    endloop
  endfacet
  facet normal 0 0 1
    outer loop
      vertex -12.2607 -0.163157 19.8
      vertex -10.2393 -0.163157 19.8
      vertex -12.25 0 19.8
    endloop
  endfacet
  facet normal 0 0 1
    outer loop
      vertex -10.0825 -5.375 19.8
      vertex -12.25 -6 19.8
      vertex -10.1548 -5.52165 19.8
    endloop
  endfacet
  facet normal -0 0 1
    outer loop
      vertex -12.25 0 19.8
      vertex -10.2393 -0.163157 19.8
      vertex -10.25 0 19.8
    endloop
  endfacet
  facet normal 0 0 1
    outer loop
      vertex -10.1548 -5.52165 19.8
      vertex -12.25 -6 19.8
      vertex -10.2074 -5.67648 19.8
    endloop
  endfacet
  facet normal 0 0 1
    outer loop
      vertex -5.58253 5.375 19.8
      vertex -7.91747 5.375 19.8
      vertex -5.49169 5.23905 19.8
    endloop
  endfacet
  facet normal 0 0 1
    outer loop
      vertex -5.38388 0.883883 19.8
      vertex -7.76069 0.163157 19.8
      vertex -7.75 0 19.8
    endloop
  endfacet
  facet normal 0 0 1
    outer loop
      vertex -8.00831 5.23905 19.8
      vertex -5.49169 5.23905 19.8
      vertex -7.91747 5.375 19.8
    endloop
  endfacet
  facet normal 0 0 1
    outer loop
      vertex -5.38388 0.883883 19.8
      vertex -7.79259 0.323524 19.8
      vertex -7.76069 0.163157 19.8
    endloop
  endfacet
  facet normal 0 0 1
    outer loop
      vertex -5.49169 5.23905 19.8
      vertex -8.00831 5.23905 19.8
      vertex -5.38388 5.11612 19.8
    endloop
  endfacet
  facet normal 0 0 1
    outer loop
      vertex -5.38388 0.883883 19.8
      vertex -7.84515 0.478354 19.8
      vertex -7.79259 0.323524 19.8
    endloop
  endfacet
  facet normal 0 0 1
    outer loop
      vertex -8.11612 5.11612 19.8
      vertex -5.38388 5.11612 19.8
      vertex -8.00831 5.23905 19.8
    endloop
  endfacet
  facet normal 0 0 1
    outer loop
      vertex -5.38388 0.883883 19.8
      vertex -7.91747 0.625 19.8
      vertex -7.84515 0.478354 19.8
    endloop
  endfacet
  facet normal 0 0 1
    outer loop
      vertex -8.23905 5.00831 19.8
      vertex -5.38388 5.11612 19.8
      vertex -8.11612 5.11612 19.8
    endloop
  endfacet
  facet normal 0 0 1
    outer loop
      vertex -5.38388 0.883883 19.8
      vertex -8.00831 0.760951 19.8
      vertex -7.91747 0.625 19.8
    endloop
  endfacet
  facet normal 0 0 1
    outer loop
      vertex -5.38388 5.11612 19.8
      vertex -8.23905 5.00831 19.8
      vertex -5.38388 0.883883 19.8
    endloop
  endfacet
  facet normal 0 0 1
    outer loop
      vertex -5.38388 0.883883 19.8
      vertex -8.11612 0.883883 19.8
      vertex -8.00831 0.760951 19.8
    endloop
  endfacet
  facet normal -0 0 1
    outer loop
      vertex -8.23905 0.991692 19.8
      vertex -5.38388 0.883883 19.8
      vertex -8.23905 5.00831 19.8
    endloop
  endfacet
  facet normal 0 0 1
    outer loop
      vertex -5.38388 0.883883 19.8
      vertex -8.23905 0.991692 19.8
      vertex -8.11612 0.883883 19.8
    endloop
  endfacet
  facet normal -0 0 1
    outer loop
      vertex -8.375 4.91747 19.8
      vertex -8.23905 0.991692 19.8
      vertex -8.23905 5.00831 19.8
    endloop
  endfacet
  facet normal 0 0 1
    outer loop
      vertex -8.375 4.91747 19.8
      vertex -8.375 1.08253 19.8
      vertex -8.23905 0.991692 19.8
    endloop
  endfacet
  facet normal -0 0 1
    outer loop
      vertex -8.52165 4.84515 19.8
      vertex -8.375 1.08253 19.8
      vertex -8.375 4.91747 19.8
    endloop
  endfacet
  facet normal 0 0 1
    outer loop
      vertex -8.52165 4.84515 19.8
      vertex -8.52165 1.15485 19.8
      vertex -8.375 1.08253 19.8
    endloop
  endfacet
  facet normal -0 0 1
    outer loop
      vertex -8.67648 4.79259 19.8
      vertex -8.52165 1.15485 19.8
      vertex -8.52165 4.84515 19.8
    endloop
  endfacet
  facet normal 0 0 1
    outer loop
      vertex -8.67648 4.79259 19.8
      vertex -8.67648 1.20741 19.8
      vertex -8.52165 1.15485 19.8
    endloop
  endfacet
  facet normal -0 0 1
    outer loop
      vertex -8.83684 4.76069 19.8
      vertex -8.67648 1.20741 19.8
      vertex -8.67648 4.79259 19.8
    endloop
  endfacet
  facet normal 0 0 1
    outer loop
      vertex -8.83684 4.76069 19.8
      vertex -8.83684 1.23931 19.8
      vertex -8.67648 1.20741 19.8
    endloop
  endfacet
  facet normal -0 0 1
    outer loop
      vertex -9 4.75 19.8
      vertex -8.83684 1.23931 19.8
      vertex -8.83684 4.76069 19.8
    endloop
  endfacet
  facet normal 0 0 1
    outer loop
      vertex -9 4.75 19.8
      vertex -9 1.25 19.8
      vertex -8.83684 1.23931 19.8
    endloop
  endfacet
  facet normal 0 0 1
    outer loop
      vertex -9.16316 4.76069 19.8
      vertex -9 1.25 19.8
      vertex -9 4.75 19.8
    endloop
  endfacet
  facet normal 0 0 1
    outer loop
      vertex -9.16316 4.76069 19.8
      vertex -9.16316 1.23931 19.8
      vertex -9 1.25 19.8
    endloop
  endfacet
  facet normal 0 0 1
    outer loop
      vertex -9.32352 4.79259 19.8
      vertex -9.16316 1.23931 19.8
      vertex -9.16316 4.76069 19.8
    endloop
  endfacet
  facet normal 0 0 1
    outer loop
      vertex -9.32352 4.79259 19.8
      vertex -9.32352 1.20741 19.8
      vertex -9.16316 1.23931 19.8
    endloop
  endfacet
  facet normal 0 0 1
    outer loop
      vertex -9.47835 4.84515 19.8
      vertex -9.32352 1.20741 19.8
      vertex -9.32352 4.79259 19.8
    endloop
  endfacet
  facet normal 0 0 1
    outer loop
      vertex -9.47835 4.84515 19.8
      vertex -9.47835 1.15485 19.8
      vertex -9.32352 1.20741 19.8
    endloop
  endfacet
  facet normal 0 0 1
    outer loop
      vertex -9.625 4.91747 19.8
      vertex -9.47835 1.15485 19.8
      vertex -9.47835 4.84515 19.8
    endloop
  endfacet
  facet normal 0 0 1
    outer loop
      vertex -9.625 4.91747 19.8
      vertex -9.625 1.08253 19.8
      vertex -9.47835 1.15485 19.8
    endloop
  endfacet
  facet normal 0 0 1
    outer loop
      vertex -9.76095 5.00831 19.8
      vertex -9.625 1.08253 19.8
      vertex -9.625 4.91747 19.8
    endloop
  endfacet
  facet normal 0 0 1
    outer loop
      vertex -9.76095 5.00831 19.8
      vertex -9.76095 0.991692 19.8
      vertex -9.625 1.08253 19.8
    endloop
  endfacet
  facet normal 0 0 1
    outer loop
      vertex -9.88388 5.11612 19.8
      vertex -9.76095 0.991692 19.8
      vertex -9.76095 5.00831 19.8
    endloop
  endfacet
  facet normal 0 0 1
    outer loop
      vertex -9.88388 5.11612 19.8
      vertex -9.88388 0.883883 19.8
      vertex -9.76095 0.991692 19.8
    endloop
  endfacet
  facet normal 0 0 1
    outer loop
      vertex -12.3451 5.52165 19.8
      vertex -10.1548 5.52165 19.8
      vertex -12.2926 5.67648 19.8
    endloop
  endfacet
  facet normal 0 0 1
    outer loop
      vertex -10.1548 5.52165 19.8
      vertex -12.3451 5.52165 19.8
      vertex -10.0825 5.375 19.8
    endloop
  endfacet
  facet normal 0 0 1
    outer loop
      vertex -10.2074 5.67648 19.8
      vertex -12.2926 5.67648 19.8
      vertex -10.1548 5.52165 19.8
    endloop
  endfacet
  facet normal 0 0 1
    outer loop
      vertex -12.4175 5.375 19.8
      vertex -10.0825 5.375 19.8
      vertex -12.3451 5.52165 19.8
    endloop
  endfacet
  facet normal 0 0 1
    outer loop
      vertex -12.2926 5.67648 19.8
      vertex -10.2074 5.67648 19.8
      vertex -12.2607 5.83684 19.8
    endloop
  endfacet
  facet normal 0 0 1
    outer loop
      vertex -9.88388 0.883883 19.8
      vertex -12.25 0 19.8
      vertex -9.99169 0.760951 19.8
    endloop
  endfacet
  facet normal 0 0 1
    outer loop
      vertex -10.2393 5.83684 19.8
      vertex -12.2607 5.83684 19.8
      vertex -10.2074 5.67648 19.8
    endloop
  endfacet
  facet normal 0 0 1
    outer loop
      vertex -9.99169 0.760951 19.8
      vertex -12.25 0 19.8
      vertex -10.0825 0.625 19.8
    endloop
  endfacet
  facet normal 0 0 1
    outer loop
      vertex -12.2607 5.83684 19.8
      vertex -10.2393 5.83684 19.8
      vertex -12.25 6 19.8
    endloop
  endfacet
  facet normal 0 0 1
    outer loop
      vertex -10.0825 0.625 19.8
      vertex -12.25 0 19.8
      vertex -10.1548 0.478354 19.8
    endloop
  endfacet
  facet normal -0 0 1
    outer loop
      vertex -12.25 6 19.8
      vertex -10.2393 5.83684 19.8
      vertex -10.25 6 19.8
    endloop
  endfacet
  facet normal 0 0 1
    outer loop
      vertex -10.1548 0.478354 19.8
      vertex -12.25 0 19.8
      vertex -10.2074 0.323524 19.8
    endloop
  endfacet
  facet normal 0 0 1
    outer loop
      vertex -1.08253 -0.625 19.8
      vertex -3.41747 -0.625 19.8
      vertex -0.991692 -0.760951 19.8
    endloop
  endfacet
  facet normal 0 0 1
    outer loop
      vertex -0.883883 -5.11612 19.8
      vertex -3.26069 -5.83684 19.8
      vertex -3.25 -6 19.8
    endloop
  endfacet
  facet normal 0 0 1
    outer loop
      vertex -3.50831 -0.760951 19.8
      vertex -0.991692 -0.760951 19.8
      vertex -3.41747 -0.625 19.8
    endloop
  endfacet
  facet normal 0 0 1
    outer loop
      vertex -0.883883 -5.11612 19.8
      vertex -3.29259 -5.67648 19.8
      vertex -3.26069 -5.83684 19.8
    endloop
  endfacet
  facet normal 0 0 1
    outer loop
      vertex -0.991692 -0.760951 19.8
      vertex -3.50831 -0.760951 19.8
      vertex -0.883883 -0.883883 19.8
    endloop
  endfacet
  facet normal 0 0 1
    outer loop
      vertex -0.883883 -5.11612 19.8
      vertex -3.34515 -5.52165 19.8
      vertex -3.29259 -5.67648 19.8
    endloop
  endfacet
  facet normal 0 0 1
    outer loop
      vertex -3.61612 -0.883883 19.8
      vertex -0.883883 -0.883883 19.8
      vertex -3.50831 -0.760951 19.8
    endloop
  endfacet
  facet normal 0 0 1
    outer loop
      vertex -0.883883 -5.11612 19.8
      vertex -3.41747 -5.375 19.8
      vertex -3.34515 -5.52165 19.8
    endloop
  endfacet
  facet normal 0 0 1
    outer loop
      vertex -3.73905 -0.991692 19.8
      vertex -0.883883 -0.883883 19.8
      vertex -3.61612 -0.883883 19.8
    endloop
  endfacet
  facet normal 0 0 1
    outer loop
      vertex -0.883883 -5.11612 19.8
      vertex -3.50831 -5.23905 19.8
      vertex -3.41747 -5.375 19.8
    endloop
  endfacet
  facet normal 0 0 1
    outer loop
      vertex -0.883883 -0.883883 19.8
      vertex -3.73905 -0.991692 19.8
      vertex -0.883883 -5.11612 19.8
    endloop
  endfacet
  facet normal 0 0 1
    outer loop
      vertex -0.883883 -5.11612 19.8
      vertex -3.61612 -5.11612 19.8
      vertex -3.50831 -5.23905 19.8
    endloop
  endfacet
  facet normal -0 0 1
    outer loop
      vertex -3.73905 -5.00831 19.8
      vertex -0.883883 -5.11612 19.8
      vertex -3.73905 -0.991692 19.8
    endloop
  endfacet
  facet normal 0 0 1
    outer loop
      vertex -0.883883 -5.11612 19.8
      vertex -3.73905 -5.00831 19.8
      vertex -3.61612 -5.11612 19.8
    endloop
  endfacet
  facet normal -0 0 1
    outer loop
      vertex -3.875 -1.08253 19.8
      vertex -3.73905 -5.00831 19.8
      vertex -3.73905 -0.991692 19.8
    endloop
  endfacet
  facet normal 0 0 1
    outer loop
      vertex -3.875 -1.08253 19.8
      vertex -3.875 -4.91747 19.8
      vertex -3.73905 -5.00831 19.8
    endloop
  endfacet
  facet normal -0 0 1
    outer loop
      vertex -4.02165 -1.15485 19.8
      vertex -3.875 -4.91747 19.8
      vertex -3.875 -1.08253 19.8
    endloop
  endfacet
  facet normal 0 0 1
    outer loop
      vertex -4.02165 -1.15485 19.8
      vertex -4.02165 -4.84515 19.8
      vertex -3.875 -4.91747 19.8
    endloop
  endfacet
  facet normal -0 0 1
    outer loop
      vertex -4.17648 -1.20741 19.8
      vertex -4.02165 -4.84515 19.8
      vertex -4.02165 -1.15485 19.8
    endloop
  endfacet
  facet normal 0 0 1
    outer loop
      vertex -4.17648 -1.20741 19.8
      vertex -4.17648 -4.79259 19.8
      vertex -4.02165 -4.84515 19.8
    endloop
  endfacet
  facet normal -0 0 1
    outer loop
      vertex -4.33684 -1.23931 19.8
      vertex -4.17648 -4.79259 19.8
      vertex -4.17648 -1.20741 19.8
    endloop
  endfacet
  facet normal 0 0 1
    outer loop
      vertex -4.33684 -1.23931 19.8
      vertex -4.33684 -4.76069 19.8
      vertex -4.17648 -4.79259 19.8
    endloop
  endfacet
  facet normal -0 0 1
    outer loop
      vertex -4.5 -1.25 19.8
      vertex -4.33684 -4.76069 19.8
      vertex -4.33684 -1.23931 19.8
    endloop
  endfacet
  facet normal 0 0 1
    outer loop
      vertex -4.5 -1.25 19.8
      vertex -4.5 -4.75 19.8
      vertex -4.33684 -4.76069 19.8
    endloop
  endfacet
  facet normal 0 0 1
    outer loop
      vertex -4.66316 -1.23931 19.8
      vertex -4.5 -4.75 19.8
      vertex -4.5 -1.25 19.8
    endloop
  endfacet
  facet normal 0 0 1
    outer loop
      vertex -4.66316 -1.23931 19.8
      vertex -4.66316 -4.76069 19.8
      vertex -4.5 -4.75 19.8
    endloop
  endfacet
  facet normal 0 0 1
    outer loop
      vertex -4.82352 -1.20741 19.8
      vertex -4.66316 -4.76069 19.8
      vertex -4.66316 -1.23931 19.8
    endloop
  endfacet
  facet normal 0 0 1
    outer loop
      vertex -4.82352 -1.20741 19.8
      vertex -4.82352 -4.79259 19.8
      vertex -4.66316 -4.76069 19.8
    endloop
  endfacet
  facet normal 0 0 1
    outer loop
      vertex -4.97835 -1.15485 19.8
      vertex -4.82352 -4.79259 19.8
      vertex -4.82352 -1.20741 19.8
    endloop
  endfacet
  facet normal 0 0 1
    outer loop
      vertex -4.97835 -1.15485 19.8
      vertex -4.97835 -4.84515 19.8
      vertex -4.82352 -4.79259 19.8
    endloop
  endfacet
  facet normal 0 0 1
    outer loop
      vertex -5.125 -1.08253 19.8
      vertex -4.97835 -4.84515 19.8
      vertex -4.97835 -1.15485 19.8
    endloop
  endfacet
  facet normal 0 0 1
    outer loop
      vertex -5.125 -1.08253 19.8
      vertex -5.125 -4.91747 19.8
      vertex -4.97835 -4.84515 19.8
    endloop
  endfacet
  facet normal 0 0 1
    outer loop
      vertex -5.26095 -0.991692 19.8
      vertex -5.125 -4.91747 19.8
      vertex -5.125 -1.08253 19.8
    endloop
  endfacet
  facet normal 0 0 1
    outer loop
      vertex -5.26095 -0.991692 19.8
      vertex -5.26095 -5.00831 19.8
      vertex -5.125 -4.91747 19.8
    endloop
  endfacet
  facet normal 0 0 1
    outer loop
      vertex -5.38388 -0.883883 19.8
      vertex -5.26095 -5.00831 19.8
      vertex -5.26095 -0.991692 19.8
    endloop
  endfacet
  facet normal 0 0 1
    outer loop
      vertex -5.38388 -0.883883 19.8
      vertex -5.38388 -5.11612 19.8
      vertex -5.26095 -5.00831 19.8
    endloop
  endfacet
  facet normal 0 0 1
    outer loop
      vertex -7.84515 -0.478354 19.8
      vertex -5.65485 -0.478354 19.8
      vertex -7.79259 -0.323524 19.8
    endloop
  endfacet
  facet normal 0 0 1
    outer loop
      vertex -5.65485 -0.478354 19.8
      vertex -7.84515 -0.478354 19.8
      vertex -5.58253 -0.625 19.8
    endloop
  endfacet
  facet normal 0 0 1
    outer loop
      vertex -5.70741 -0.323524 19.8
      vertex -7.79259 -0.323524 19.8
      vertex -5.65485 -0.478354 19.8
    endloop
  endfacet
  facet normal 0 0 1
    outer loop
      vertex -7.91747 -0.625 19.8
      vertex -5.58253 -0.625 19.8
      vertex -7.84515 -0.478354 19.8
    endloop
  endfacet
  facet normal 0 0 1
    outer loop
      vertex -7.79259 -0.323524 19.8
      vertex -5.70741 -0.323524 19.8
      vertex -7.76069 -0.163157 19.8
    endloop
  endfacet
  facet normal 0 0 1
    outer loop
      vertex -5.38388 -5.11612 19.8
      vertex -7.75 -6 19.8
      vertex -5.49169 -5.23905 19.8
    endloop
  endfacet
  facet normal 0 0 1
    outer loop
      vertex -5.73931 -0.163157 19.8
      vertex -7.76069 -0.163157 19.8
      vertex -5.70741 -0.323524 19.8
    endloop
  endfacet
  facet normal 0 0 1
    outer loop
      vertex -5.49169 -5.23905 19.8
      vertex -7.75 -6 19.8
      vertex -5.58253 -5.375 19.8
    endloop
  endfacet
  facet normal 0 0 1
    outer loop
      vertex -7.76069 -0.163157 19.8
      vertex -5.73931 -0.163157 19.8
      vertex -7.75 0 19.8
    endloop
  endfacet
  facet normal 0 0 1
    outer loop
      vertex -5.58253 -5.375 19.8
      vertex -7.75 -6 19.8
      vertex -5.65485 -5.52165 19.8
    endloop
  endfacet
  facet normal -0 0 1
    outer loop
      vertex -7.75 0 19.8
      vertex -5.73931 -0.163157 19.8
      vertex -5.75 0 19.8
    endloop
  endfacet
  facet normal 0 0 1
    outer loop
      vertex -5.65485 -5.52165 19.8
      vertex -7.75 -6 19.8
      vertex -5.70741 -5.67648 19.8
    endloop
  endfacet
  facet normal 0 0 1
    outer loop
      vertex -1.08253 5.375 19.8
      vertex -3.41747 5.375 19.8
      vertex -0.991692 5.23905 19.8
    endloop
  endfacet
  facet normal 0 0 1
    outer loop
      vertex -0.883883 0.883883 19.8
      vertex -3.26069 0.163157 19.8
      vertex -3.25 0 19.8
    endloop
  endfacet
  facet normal 0 0 1
    outer loop
      vertex -3.50831 5.23905 19.8
      vertex -0.991692 5.23905 19.8
      vertex -3.41747 5.375 19.8
    endloop
  endfacet
  facet normal 0 0 1
    outer loop
      vertex -0.883883 0.883883 19.8
      vertex -3.29259 0.323524 19.8
      vertex -3.26069 0.163157 19.8
    endloop
  endfacet
  facet normal 0 0 1
    outer loop
      vertex -0.991692 5.23905 19.8
      vertex -3.50831 5.23905 19.8
      vertex -0.883883 5.11612 19.8
    endloop
  endfacet
  facet normal 0 0 1
    outer loop
      vertex -0.883883 0.883883 19.8
      vertex -3.34515 0.478354 19.8
      vertex -3.29259 0.323524 19.8
    endloop
  endfacet
  facet normal 0 0 1
    outer loop
      vertex -3.61612 5.11612 19.8
      vertex -0.883883 5.11612 19.8
      vertex -3.50831 5.23905 19.8
    endloop
  endfacet
  facet normal 0 0 1
    outer loop
      vertex -0.883883 0.883883 19.8
      vertex -3.41747 0.625 19.8
      vertex -3.34515 0.478354 19.8
    endloop
  endfacet
  facet normal 0 0 1
    outer loop
      vertex -3.73905 5.00831 19.8
      vertex -0.883883 5.11612 19.8
      vertex -3.61612 5.11612 19.8
    endloop
  endfacet
  facet normal 0 0 1
    outer loop
      vertex -0.883883 0.883883 19.8
      vertex -3.50831 0.760951 19.8
      vertex -3.41747 0.625 19.8
    endloop
  endfacet
  facet normal 0 0 1
    outer loop
      vertex -0.883883 5.11612 19.8
      vertex -3.73905 5.00831 19.8
      vertex -0.883883 0.883883 19.8
    endloop
  endfacet
  facet normal 0 0 1
    outer loop
      vertex -0.883883 0.883883 19.8
      vertex -3.61612 0.883883 19.8
      vertex -3.50831 0.760951 19.8
    endloop
  endfacet
  facet normal -0 0 1
    outer loop
      vertex -3.73905 0.991692 19.8
      vertex -0.883883 0.883883 19.8
      vertex -3.73905 5.00831 19.8
    endloop
  endfacet
  facet normal 0 0 1
    outer loop
      vertex -0.883883 0.883883 19.8
      vertex -3.73905 0.991692 19.8
      vertex -3.61612 0.883883 19.8
    endloop
  endfacet
  facet normal -0 0 1
    outer loop
      vertex -3.875 4.91747 19.8
      vertex -3.73905 0.991692 19.8
      vertex -3.73905 5.00831 19.8
    endloop
  endfacet
  facet normal 0 0 1
    outer loop
      vertex -3.875 4.91747 19.8
      vertex -3.875 1.08253 19.8
      vertex -3.73905 0.991692 19.8
    endloop
  endfacet
  facet normal -0 0 1
    outer loop
      vertex -4.02165 4.84515 19.8
      vertex -3.875 1.08253 19.8
      vertex -3.875 4.91747 19.8
    endloop
  endfacet
  facet normal 0 0 1
    outer loop
      vertex -4.02165 4.84515 19.8
      vertex -4.02165 1.15485 19.8
      vertex -3.875 1.08253 19.8
    endloop
  endfacet
  facet normal -0 0 1
    outer loop
      vertex -4.17648 4.79259 19.8
      vertex -4.02165 1.15485 19.8
      vertex -4.02165 4.84515 19.8
    endloop
  endfacet
  facet normal 0 0 1
    outer loop
      vertex -4.17648 4.79259 19.8
      vertex -4.17648 1.20741 19.8
      vertex -4.02165 1.15485 19.8
    endloop
  endfacet
  facet normal -0 0 1
    outer loop
      vertex -4.33684 4.76069 19.8
      vertex -4.17648 1.20741 19.8
      vertex -4.17648 4.79259 19.8
    endloop
  endfacet
  facet normal 0 0 1
    outer loop
      vertex -4.33684 4.76069 19.8
      vertex -4.33684 1.23931 19.8
      vertex -4.17648 1.20741 19.8
    endloop
  endfacet
  facet normal -0 0 1
    outer loop
      vertex -4.5 4.75 19.8
      vertex -4.33684 1.23931 19.8
      vertex -4.33684 4.76069 19.8
    endloop
  endfacet
  facet normal 0 0 1
    outer loop
      vertex -4.5 4.75 19.8
      vertex -4.5 1.25 19.8
      vertex -4.33684 1.23931 19.8
    endloop
  endfacet
  facet normal 0 0 1
    outer loop
      vertex -4.66316 4.76069 19.8
      vertex -4.5 1.25 19.8
      vertex -4.5 4.75 19.8
    endloop
  endfacet
  facet normal 0 0 1
    outer loop
      vertex -4.66316 4.76069 19.8
      vertex -4.66316 1.23931 19.8
      vertex -4.5 1.25 19.8
    endloop
  endfacet
  facet normal 0 0 1
    outer loop
      vertex -4.82352 4.79259 19.8
      vertex -4.66316 1.23931 19.8
      vertex -4.66316 4.76069 19.8
    endloop
  endfacet
  facet normal 0 0 1
    outer loop
      vertex -4.82352 4.79259 19.8
      vertex -4.82352 1.20741 19.8
      vertex -4.66316 1.23931 19.8
    endloop
  endfacet
  facet normal 0 0 1
    outer loop
      vertex -4.97835 4.84515 19.8
      vertex -4.82352 1.20741 19.8
      vertex -4.82352 4.79259 19.8
    endloop
  endfacet
  facet normal 0 0 1
    outer loop
      vertex -4.97835 4.84515 19.8
      vertex -4.97835 1.15485 19.8
      vertex -4.82352 1.20741 19.8
    endloop
  endfacet
  facet normal 0 0 1
    outer loop
      vertex -5.125 4.91747 19.8
      vertex -4.97835 1.15485 19.8
      vertex -4.97835 4.84515 19.8
    endloop
  endfacet
  facet normal 0 0 1
    outer loop
      vertex -5.125 4.91747 19.8
      vertex -5.125 1.08253 19.8
      vertex -4.97835 1.15485 19.8
    endloop
  endfacet
  facet normal 0 0 1
    outer loop
      vertex -5.26095 5.00831 19.8
      vertex -5.125 1.08253 19.8
      vertex -5.125 4.91747 19.8
    endloop
  endfacet
  facet normal 0 0 1
    outer loop
      vertex -5.26095 5.00831 19.8
      vertex -5.26095 0.991692 19.8
      vertex -5.125 1.08253 19.8
    endloop
  endfacet
  facet normal 0 0 1
    outer loop
      vertex -5.38388 5.11612 19.8
      vertex -5.26095 0.991692 19.8
      vertex -5.26095 5.00831 19.8
    endloop
  endfacet
  facet normal 0 0 1
    outer loop
      vertex -5.38388 5.11612 19.8
      vertex -5.38388 0.883883 19.8
      vertex -5.26095 0.991692 19.8
    endloop
  endfacet
  facet normal 0 0 1
    outer loop
      vertex -7.84515 5.52165 19.8
      vertex -5.65485 5.52165 19.8
      vertex -7.79259 5.67648 19.8
    endloop
  endfacet
  facet normal 0 0 1
    outer loop
      vertex -5.65485 5.52165 19.8
      vertex -7.84515 5.52165 19.8
      vertex -5.58253 5.375 19.8
    endloop
  endfacet
  facet normal 0 0 1
    outer loop
      vertex -5.70741 5.67648 19.8
      vertex -7.79259 5.67648 19.8
      vertex -5.65485 5.52165 19.8
    endloop
  endfacet
  facet normal 0 0 1
    outer loop
      vertex -7.91747 5.375 19.8
      vertex -5.58253 5.375 19.8
      vertex -7.84515 5.52165 19.8
    endloop
  endfacet
  facet normal 0 0 1
    outer loop
      vertex -7.79259 5.67648 19.8
      vertex -5.70741 5.67648 19.8
      vertex -7.76069 5.83684 19.8
    endloop
  endfacet
  facet normal 0 0 1
    outer loop
      vertex -5.38388 0.883883 19.8
      vertex -7.75 0 19.8
      vertex -5.49169 0.760951 19.8
    endloop
  endfacet
  facet normal 0 0 1
    outer loop
      vertex -5.73931 5.83684 19.8
      vertex -7.76069 5.83684 19.8
      vertex -5.70741 5.67648 19.8
    endloop
  endfacet
  facet normal 0 0 1
    outer loop
      vertex -5.49169 0.760951 19.8
      vertex -7.75 0 19.8
      vertex -5.58253 0.625 19.8
    endloop
  endfacet
  facet normal 0 0 1
    outer loop
      vertex -7.76069 5.83684 19.8
      vertex -5.73931 5.83684 19.8
      vertex -7.75 6 19.8
    endloop
  endfacet
  facet normal 0 0 1
    outer loop
      vertex -5.58253 0.625 19.8
      vertex -7.75 0 19.8
      vertex -5.65485 0.478354 19.8
    endloop
  endfacet
  facet normal -0 0 1
    outer loop
      vertex -7.75 6 19.8
      vertex -5.73931 5.83684 19.8
      vertex -5.75 6 19.8
    endloop
  endfacet
  facet normal 0 0 1
    outer loop
      vertex -5.65485 0.478354 19.8
      vertex -7.75 0 19.8
      vertex -5.70741 0.323524 19.8
    endloop
  endfacet
  facet normal 0 0 1
    outer loop
      vertex 3.41747 -0.625 19.8
      vertex 1.08253 -0.625 19.8
      vertex 3.50831 -0.760951 19.8
    endloop
  endfacet
  facet normal 0 0 1
    outer loop
      vertex 3.61612 -5.11612 19.8
      vertex 1.23931 -5.83684 19.8
      vertex 1.25 -6 19.8
    endloop
  endfacet
  facet normal 0 0 1
    outer loop
      vertex 0.991692 -0.760951 19.8
      vertex 3.50831 -0.760951 19.8
      vertex 1.08253 -0.625 19.8
    endloop
  endfacet
  facet normal 0 0 1
    outer loop
      vertex 3.61612 -5.11612 19.8
      vertex 1.20741 -5.67648 19.8
      vertex 1.23931 -5.83684 19.8
    endloop
  endfacet
  facet normal 0 0 1
    outer loop
      vertex 3.50831 -0.760951 19.8
      vertex 0.991692 -0.760951 19.8
      vertex 3.61612 -0.883883 19.8
    endloop
  endfacet
  facet normal 0 0 1
    outer loop
      vertex 3.61612 -5.11612 19.8
      vertex 1.15485 -5.52165 19.8
      vertex 1.20741 -5.67648 19.8
    endloop
  endfacet
  facet normal 0 0 1
    outer loop
      vertex 0.883883 -0.883883 19.8
      vertex 3.61612 -0.883883 19.8
      vertex 0.991692 -0.760951 19.8
    endloop
  endfacet
  facet normal 0 0 1
    outer loop
      vertex 3.61612 -5.11612 19.8
      vertex 1.08253 -5.375 19.8
      vertex 1.15485 -5.52165 19.8
    endloop
  endfacet
  facet normal 0 0 1
    outer loop
      vertex 0.760951 -0.991692 19.8
      vertex 3.61612 -0.883883 19.8
      vertex 0.883883 -0.883883 19.8
    endloop
  endfacet
  facet normal 0 0 1
    outer loop
      vertex 3.61612 -5.11612 19.8
      vertex 0.991692 -5.23905 19.8
      vertex 1.08253 -5.375 19.8
    endloop
  endfacet
  facet normal 0 0 1
    outer loop
      vertex 3.61612 -0.883883 19.8
      vertex 0.760951 -0.991692 19.8
      vertex 3.61612 -5.11612 19.8
    endloop
  endfacet
  facet normal 0 0 1
    outer loop
      vertex 3.61612 -5.11612 19.8
      vertex 0.883883 -5.11612 19.8
      vertex 0.991692 -5.23905 19.8
    endloop
  endfacet
  facet normal -0 0 1
    outer loop
      vertex 0.760951 -5.00831 19.8
      vertex 3.61612 -5.11612 19.8
      vertex 0.760951 -0.991692 19.8
    endloop
  endfacet
  facet normal 0 0 1
    outer loop
      vertex 3.61612 -5.11612 19.8
      vertex 0.760951 -5.00831 19.8
      vertex 0.883883 -5.11612 19.8
    endloop
  endfacet
  facet normal -0 0 1
    outer loop
      vertex 0.625 -1.08253 19.8
      vertex 0.760951 -5.00831 19.8
      vertex 0.760951 -0.991692 19.8
    endloop
  endfacet
  facet normal 0 0 1
    outer loop
      vertex 0.625 -1.08253 19.8
      vertex 0.625 -4.91747 19.8
      vertex 0.760951 -5.00831 19.8
    endloop
  endfacet
  facet normal -0 0 1
    outer loop
      vertex 0.478354 -1.15485 19.8
      vertex 0.625 -4.91747 19.8
      vertex 0.625 -1.08253 19.8
    endloop
  endfacet
  facet normal 0 0 1
    outer loop
      vertex 0.478354 -1.15485 19.8
      vertex 0.478354 -4.84515 19.8
      vertex 0.625 -4.91747 19.8
    endloop
  endfacet
  facet normal -0 0 1
    outer loop
      vertex 0.323524 -1.20741 19.8
      vertex 0.478354 -4.84515 19.8
      vertex 0.478354 -1.15485 19.8
    endloop
  endfacet
  facet normal 0 0 1
    outer loop
      vertex 0.323524 -1.20741 19.8
      vertex 0.323524 -4.79259 19.8
      vertex 0.478354 -4.84515 19.8
    endloop
  endfacet
  facet normal -0 0 1
    outer loop
      vertex 0.163157 -1.23931 19.8
      vertex 0.323524 -4.79259 19.8
      vertex 0.323524 -1.20741 19.8
    endloop
  endfacet
  facet normal 0 0 1
    outer loop
      vertex 0.163157 -1.23931 19.8
      vertex 0.163157 -4.76069 19.8
      vertex 0.323524 -4.79259 19.8
    endloop
  endfacet
  facet normal -0 0 1
    outer loop
      vertex 0 -1.25 19.8
      vertex 0.163157 -4.76069 19.8
      vertex 0.163157 -1.23931 19.8
    endloop
  endfacet
  facet normal 0 0 1
    outer loop
      vertex 0 -1.25 19.8
      vertex 0 -4.75 19.8
      vertex 0.163157 -4.76069 19.8
    endloop
  endfacet
  facet normal 0 0 1
    outer loop
      vertex -0.163157 -1.23931 19.8
      vertex 0 -4.75 19.8
      vertex 0 -1.25 19.8
    endloop
  endfacet
  facet normal 0 0 1
    outer loop
      vertex -0.163157 -1.23931 19.8
      vertex -0.163157 -4.76069 19.8
      vertex 0 -4.75 19.8
    endloop
  endfacet
  facet normal 0 0 1
    outer loop
      vertex -0.323524 -1.20741 19.8
      vertex -0.163157 -4.76069 19.8
      vertex -0.163157 -1.23931 19.8
    endloop
  endfacet
  facet normal 0 0 1
    outer loop
      vertex -0.323524 -1.20741 19.8
      vertex -0.323524 -4.79259 19.8
      vertex -0.163157 -4.76069 19.8
    endloop
  endfacet
  facet normal 0 0 1
    outer loop
      vertex -0.478354 -1.15485 19.8
      vertex -0.323524 -4.79259 19.8
      vertex -0.323524 -1.20741 19.8
    endloop
  endfacet
  facet normal 0 0 1
    outer loop
      vertex -0.478354 -1.15485 19.8
      vertex -0.478354 -4.84515 19.8
      vertex -0.323524 -4.79259 19.8
    endloop
  endfacet
  facet normal 0 0 1
    outer loop
      vertex -0.625 -1.08253 19.8
      vertex -0.478354 -4.84515 19.8
      vertex -0.478354 -1.15485 19.8
    endloop
  endfacet
  facet normal 0 0 1
    outer loop
      vertex -0.625 -1.08253 19.8
      vertex -0.625 -4.91747 19.8
      vertex -0.478354 -4.84515 19.8
    endloop
  endfacet
  facet normal 0 0 1
    outer loop
      vertex -0.760951 -0.991692 19.8
      vertex -0.625 -4.91747 19.8
      vertex -0.625 -1.08253 19.8
    endloop
  endfacet
  facet normal 0 0 1
    outer loop
      vertex -0.760951 -0.991692 19.8
      vertex -0.760951 -5.00831 19.8
      vertex -0.625 -4.91747 19.8
    endloop
  endfacet
  facet normal 0 0 1
    outer loop
      vertex -0.883883 -0.883883 19.8
      vertex -0.760951 -5.00831 19.8
      vertex -0.760951 -0.991692 19.8
    endloop
  endfacet
  facet normal 0 0 1
    outer loop
      vertex -0.883883 -0.883883 19.8
      vertex -0.883883 -5.11612 19.8
      vertex -0.760951 -5.00831 19.8
    endloop
  endfacet
  facet normal 0 0 1
    outer loop
      vertex -3.34515 -0.478354 19.8
      vertex -1.15485 -0.478354 19.8
      vertex -3.29259 -0.323524 19.8
    endloop
  endfacet
  facet normal 0 0 1
    outer loop
      vertex -1.15485 -0.478354 19.8
      vertex -3.34515 -0.478354 19.8
      vertex -1.08253 -0.625 19.8
    endloop
  endfacet
  facet normal 0 0 1
    outer loop
      vertex -1.20741 -0.323524 19.8
      vertex -3.29259 -0.323524 19.8
      vertex -1.15485 -0.478354 19.8
    endloop
  endfacet
  facet normal 0 0 1
    outer loop
      vertex -3.41747 -0.625 19.8
      vertex -1.08253 -0.625 19.8
      vertex -3.34515 -0.478354 19.8
    endloop
  endfacet
  facet normal 0 0 1
    outer loop
      vertex -3.29259 -0.323524 19.8
      vertex -1.20741 -0.323524 19.8
      vertex -3.26069 -0.163157 19.8
    endloop
  endfacet
  facet normal 0 0 1
    outer loop
      vertex -0.883883 -5.11612 19.8
      vertex -3.25 -6 19.8
      vertex -0.991692 -5.23905 19.8
    endloop
  endfacet
  facet normal 0 0 1
    outer loop
      vertex -1.23931 -0.163157 19.8
      vertex -3.26069 -0.163157 19.8
      vertex -1.20741 -0.323524 19.8
    endloop
  endfacet
  facet normal 0 0 1
    outer loop
      vertex -0.991692 -5.23905 19.8
      vertex -3.25 -6 19.8
      vertex -1.08253 -5.375 19.8
    endloop
  endfacet
  facet normal 0 0 1
    outer loop
      vertex -3.26069 -0.163157 19.8
      vertex -1.23931 -0.163157 19.8
      vertex -3.25 0 19.8
    endloop
  endfacet
  facet normal 0 0 1
    outer loop
      vertex -1.08253 -5.375 19.8
      vertex -3.25 -6 19.8
      vertex -1.15485 -5.52165 19.8
    endloop
  endfacet
  facet normal -0 0 1
    outer loop
      vertex -3.25 0 19.8
      vertex -1.23931 -0.163157 19.8
      vertex -1.25 0 19.8
    endloop
  endfacet
  facet normal 0 0 1
    outer loop
      vertex -1.15485 -5.52165 19.8
      vertex -3.25 -6 19.8
      vertex -1.20741 -5.67648 19.8
    endloop
  endfacet
  facet normal 0 0 1
    outer loop
      vertex 3.41747 5.375 19.8
      vertex 1.08253 5.375 19.8
      vertex 3.50831 5.23905 19.8
    endloop
  endfacet
  facet normal 0 0 1
    outer loop
      vertex 3.61612 0.883883 19.8
      vertex 1.23931 0.163157 19.8
      vertex 1.25 0 19.8
    endloop
  endfacet
  facet normal 0 0 1
    outer loop
      vertex 0.991692 5.23905 19.8
      vertex 3.50831 5.23905 19.8
      vertex 1.08253 5.375 19.8
    endloop
  endfacet
  facet normal 0 0 1
    outer loop
      vertex 3.61612 0.883883 19.8
      vertex 1.20741 0.323524 19.8
      vertex 1.23931 0.163157 19.8
    endloop
  endfacet
  facet normal 0 0 1
    outer loop
      vertex 3.50831 5.23905 19.8
      vertex 0.991692 5.23905 19.8
      vertex 3.61612 5.11612 19.8
    endloop
  endfacet
  facet normal 0 0 1
    outer loop
      vertex 3.61612 0.883883 19.8
      vertex 1.15485 0.478354 19.8
      vertex 1.20741 0.323524 19.8
    endloop
  endfacet
  facet normal 0 0 1
    outer loop
      vertex 0.883883 5.11612 19.8
      vertex 3.61612 5.11612 19.8
      vertex 0.991692 5.23905 19.8
    endloop
  endfacet
  facet normal 0 0 1
    outer loop
      vertex 3.61612 0.883883 19.8
      vertex 1.08253 0.625 19.8
      vertex 1.15485 0.478354 19.8
    endloop
  endfacet
  facet normal 0 0 1
    outer loop
      vertex 0.760951 5.00831 19.8
      vertex 3.61612 5.11612 19.8
      vertex 0.883883 5.11612 19.8
    endloop
  endfacet
  facet normal 0 0 1
    outer loop
      vertex 3.61612 0.883883 19.8
      vertex 0.991692 0.760951 19.8
      vertex 1.08253 0.625 19.8
    endloop
  endfacet
  facet normal 0 0 1
    outer loop
      vertex 3.61612 5.11612 19.8
      vertex 0.760951 5.00831 19.8
      vertex 3.61612 0.883883 19.8
    endloop
  endfacet
  facet normal 0 0 1
    outer loop
      vertex 3.61612 0.883883 19.8
      vertex 0.883883 0.883883 19.8
      vertex 0.991692 0.760951 19.8
    endloop
  endfacet
  facet normal -0 0 1
    outer loop
      vertex 0.760951 0.991692 19.8
      vertex 3.61612 0.883883 19.8
      vertex 0.760951 5.00831 19.8
    endloop
  endfacet
  facet normal 0 0 1
    outer loop
      vertex 3.61612 0.883883 19.8
      vertex 0.760951 0.991692 19.8
      vertex 0.883883 0.883883 19.8
    endloop
  endfacet
  facet normal -0 0 1
    outer loop
      vertex 0.625 4.91747 19.8
      vertex 0.760951 0.991692 19.8
      vertex 0.760951 5.00831 19.8
    endloop
  endfacet
  facet normal 0 0 1
    outer loop
      vertex 0.625 4.91747 19.8
      vertex 0.625 1.08253 19.8
      vertex 0.760951 0.991692 19.8
    endloop
  endfacet
  facet normal -0 0 1
    outer loop
      vertex 0.478354 4.84515 19.8
      vertex 0.625 1.08253 19.8
      vertex 0.625 4.91747 19.8
    endloop
  endfacet
  facet normal 0 0 1
    outer loop
      vertex 0.478354 4.84515 19.8
      vertex 0.478354 1.15485 19.8
      vertex 0.625 1.08253 19.8
    endloop
  endfacet
  facet normal -0 0 1
    outer loop
      vertex 0.323524 4.79259 19.8
      vertex 0.478354 1.15485 19.8
      vertex 0.478354 4.84515 19.8
    endloop
  endfacet
  facet normal 0 0 1
    outer loop
      vertex 0.323524 4.79259 19.8
      vertex 0.323524 1.20741 19.8
      vertex 0.478354 1.15485 19.8
    endloop
  endfacet
  facet normal -0 0 1
    outer loop
      vertex 0.163157 4.76069 19.8
      vertex 0.323524 1.20741 19.8
      vertex 0.323524 4.79259 19.8
    endloop
  endfacet
  facet normal 0 0 1
    outer loop
      vertex 0.163157 4.76069 19.8
      vertex 0.163157 1.23931 19.8
      vertex 0.323524 1.20741 19.8
    endloop
  endfacet
  facet normal -0 0 1
    outer loop
      vertex 0 4.75 19.8
      vertex 0.163157 1.23931 19.8
      vertex 0.163157 4.76069 19.8
    endloop
  endfacet
  facet normal 0 0 1
    outer loop
      vertex 0 4.75 19.8
      vertex 0 1.25 19.8
      vertex 0.163157 1.23931 19.8
    endloop
  endfacet
  facet normal 0 0 1
    outer loop
      vertex -0.163157 4.76069 19.8
      vertex 0 1.25 19.8
      vertex 0 4.75 19.8
    endloop
  endfacet
  facet normal 0 0 1
    outer loop
      vertex -0.163157 4.76069 19.8
      vertex -0.163157 1.23931 19.8
      vertex 0 1.25 19.8
    endloop
  endfacet
  facet normal 0 0 1
    outer loop
      vertex -0.323524 4.79259 19.8
      vertex -0.163157 1.23931 19.8
      vertex -0.163157 4.76069 19.8
    endloop
  endfacet
  facet normal 0 0 1
    outer loop
      vertex -0.323524 4.79259 19.8
      vertex -0.323524 1.20741 19.8
      vertex -0.163157 1.23931 19.8
    endloop
  endfacet
  facet normal 0 0 1
    outer loop
      vertex -0.478354 4.84515 19.8
      vertex -0.323524 1.20741 19.8
      vertex -0.323524 4.79259 19.8
    endloop
  endfacet
  facet normal 0 0 1
    outer loop
      vertex -0.478354 4.84515 19.8
      vertex -0.478354 1.15485 19.8
      vertex -0.323524 1.20741 19.8
    endloop
  endfacet
  facet normal 0 0 1
    outer loop
      vertex -0.625 4.91747 19.8
      vertex -0.478354 1.15485 19.8
      vertex -0.478354 4.84515 19.8
    endloop
  endfacet
  facet normal 0 0 1
    outer loop
      vertex -0.625 4.91747 19.8
      vertex -0.625 1.08253 19.8
      vertex -0.478354 1.15485 19.8
    endloop
  endfacet
  facet normal 0 0 1
    outer loop
      vertex -0.760951 5.00831 19.8
      vertex -0.625 1.08253 19.8
      vertex -0.625 4.91747 19.8
    endloop
  endfacet
  facet normal 0 0 1
    outer loop
      vertex -0.760951 5.00831 19.8
      vertex -0.760951 0.991692 19.8
      vertex -0.625 1.08253 19.8
    endloop
  endfacet
  facet normal 0 0 1
    outer loop
      vertex -0.883883 5.11612 19.8
      vertex -0.760951 0.991692 19.8
      vertex -0.760951 5.00831 19.8
    endloop
  endfacet
  facet normal 0 0 1
    outer loop
      vertex -0.883883 5.11612 19.8
      vertex -0.883883 0.883883 19.8
      vertex -0.760951 0.991692 19.8
    endloop
  endfacet
  facet normal 0 0 1
    outer loop
      vertex -3.34515 5.52165 19.8
      vertex -1.15485 5.52165 19.8
      vertex -3.29259 5.67648 19.8
    endloop
  endfacet
  facet normal 0 0 1
    outer loop
      vertex -1.15485 5.52165 19.8
      vertex -3.34515 5.52165 19.8
      vertex -1.08253 5.375 19.8
    endloop
  endfacet
  facet normal 0 0 1
    outer loop
      vertex -1.20741 5.67648 19.8
      vertex -3.29259 5.67648 19.8
      vertex -1.15485 5.52165 19.8
    endloop
  endfacet
  facet normal 0 0 1
    outer loop
      vertex -3.41747 5.375 19.8
      vertex -1.08253 5.375 19.8
      vertex -3.34515 5.52165 19.8
    endloop
  endfacet
  facet normal 0 0 1
    outer loop
      vertex -3.29259 5.67648 19.8
      vertex -1.20741 5.67648 19.8
      vertex -3.26069 5.83684 19.8
    endloop
  endfacet
  facet normal 0 0 1
    outer loop
      vertex -0.883883 0.883883 19.8
      vertex -3.25 0 19.8
      vertex -0.991692 0.760951 19.8
    endloop
  endfacet
  facet normal 0 0 1
    outer loop
      vertex -1.23931 5.83684 19.8
      vertex -3.26069 5.83684 19.8
      vertex -1.20741 5.67648 19.8
    endloop
  endfacet
  facet normal 0 0 1
    outer loop
      vertex -0.991692 0.760951 19.8
      vertex -3.25 0 19.8
      vertex -1.08253 0.625 19.8
    endloop
  endfacet
  facet normal 0 0 1
    outer loop
      vertex -3.26069 5.83684 19.8
      vertex -1.23931 5.83684 19.8
      vertex -3.25 6 19.8
    endloop
  endfacet
  facet normal 0 0 1
    outer loop
      vertex -1.08253 0.625 19.8
      vertex -3.25 0 19.8
      vertex -1.15485 0.478354 19.8
    endloop
  endfacet
  facet normal -0 0 1
    outer loop
      vertex -3.25 6 19.8
      vertex -1.23931 5.83684 19.8
      vertex -1.25 6 19.8
    endloop
  endfacet
  facet normal 0 0 1
    outer loop
      vertex -1.15485 0.478354 19.8
      vertex -3.25 0 19.8
      vertex -1.20741 0.323524 19.8
    endloop
  endfacet
  facet normal 0 0 1
    outer loop
      vertex 7.91747 -0.625 19.8
      vertex 5.58253 -0.625 19.8
      vertex 8.00831 -0.760951 19.8
    endloop
  endfacet
  facet normal 0 0 1
    outer loop
      vertex 8.11612 -5.11612 19.8
      vertex 5.73931 -5.83684 19.8
      vertex 5.75 -6 19.8
    endloop
  endfacet
  facet normal 0 0 1
    outer loop
      vertex 5.49169 -0.760951 19.8
      vertex 8.00831 -0.760951 19.8
      vertex 5.58253 -0.625 19.8
    endloop
  endfacet
  facet normal 0 0 1
    outer loop
      vertex 8.11612 -5.11612 19.8
      vertex 5.70741 -5.67648 19.8
      vertex 5.73931 -5.83684 19.8
    endloop
  endfacet
  facet normal 0 0 1
    outer loop
      vertex 8.00831 -0.760951 19.8
      vertex 5.49169 -0.760951 19.8
      vertex 8.11612 -0.883883 19.8
    endloop
  endfacet
  facet normal 0 0 1
    outer loop
      vertex 8.11612 -5.11612 19.8
      vertex 5.65485 -5.52165 19.8
      vertex 5.70741 -5.67648 19.8
    endloop
  endfacet
  facet normal 0 0 1
    outer loop
      vertex 5.38388 -0.883883 19.8
      vertex 8.11612 -0.883883 19.8
      vertex 5.49169 -0.760951 19.8
    endloop
  endfacet
  facet normal 0 0 1
    outer loop
      vertex 8.11612 -5.11612 19.8
      vertex 5.58253 -5.375 19.8
      vertex 5.65485 -5.52165 19.8
    endloop
  endfacet
  facet normal 0 0 1
    outer loop
      vertex 5.26095 -0.991692 19.8
      vertex 8.11612 -0.883883 19.8
      vertex 5.38388 -0.883883 19.8
    endloop
  endfacet
  facet normal 0 0 1
    outer loop
      vertex 8.11612 -5.11612 19.8
      vertex 5.49169 -5.23905 19.8
      vertex 5.58253 -5.375 19.8
    endloop
  endfacet
  facet normal 0 0 1
    outer loop
      vertex 8.11612 -0.883883 19.8
      vertex 5.26095 -0.991692 19.8
      vertex 8.11612 -5.11612 19.8
    endloop
  endfacet
  facet normal 0 0 1
    outer loop
      vertex 8.11612 -5.11612 19.8
      vertex 5.38388 -5.11612 19.8
      vertex 5.49169 -5.23905 19.8
    endloop
  endfacet
  facet normal -0 0 1
    outer loop
      vertex 5.26095 -5.00831 19.8
      vertex 8.11612 -5.11612 19.8
      vertex 5.26095 -0.991692 19.8
    endloop
  endfacet
  facet normal 0 0 1
    outer loop
      vertex 8.11612 -5.11612 19.8
      vertex 5.26095 -5.00831 19.8
      vertex 5.38388 -5.11612 19.8
    endloop
  endfacet
  facet normal -0 0 1
    outer loop
      vertex 5.125 -1.08253 19.8
      vertex 5.26095 -5.00831 19.8
      vertex 5.26095 -0.991692 19.8
    endloop
  endfacet
  facet normal 0 0 1
    outer loop
      vertex 5.125 -1.08253 19.8
      vertex 5.125 -4.91747 19.8
      vertex 5.26095 -5.00831 19.8
    endloop
  endfacet
  facet normal -0 0 1
    outer loop
      vertex 4.97835 -1.15485 19.8
      vertex 5.125 -4.91747 19.8
      vertex 5.125 -1.08253 19.8
    endloop
  endfacet
  facet normal 0 0 1
    outer loop
      vertex 4.97835 -1.15485 19.8
      vertex 4.97835 -4.84515 19.8
      vertex 5.125 -4.91747 19.8
    endloop
  endfacet
  facet normal -0 0 1
    outer loop
      vertex 4.82352 -1.20741 19.8
      vertex 4.97835 -4.84515 19.8
      vertex 4.97835 -1.15485 19.8
    endloop
  endfacet
  facet normal 0 0 1
    outer loop
      vertex 4.82352 -1.20741 19.8
      vertex 4.82352 -4.79259 19.8
      vertex 4.97835 -4.84515 19.8
    endloop
  endfacet
  facet normal -0 0 1
    outer loop
      vertex 4.66316 -1.23931 19.8
      vertex 4.82352 -4.79259 19.8
      vertex 4.82352 -1.20741 19.8
    endloop
  endfacet
  facet normal 0 0 1
    outer loop
      vertex 4.66316 -1.23931 19.8
      vertex 4.66316 -4.76069 19.8
      vertex 4.82352 -4.79259 19.8
    endloop
  endfacet
  facet normal -0 0 1
    outer loop
      vertex 4.5 -1.25 19.8
      vertex 4.66316 -4.76069 19.8
      vertex 4.66316 -1.23931 19.8
    endloop
  endfacet
  facet normal 0 0 1
    outer loop
      vertex 4.5 -1.25 19.8
      vertex 4.5 -4.75 19.8
      vertex 4.66316 -4.76069 19.8
    endloop
  endfacet
  facet normal 0 0 1
    outer loop
      vertex 4.33684 -1.23931 19.8
      vertex 4.5 -4.75 19.8
      vertex 4.5 -1.25 19.8
    endloop
  endfacet
  facet normal 0 0 1
    outer loop
      vertex 4.33684 -1.23931 19.8
      vertex 4.33684 -4.76069 19.8
      vertex 4.5 -4.75 19.8
    endloop
  endfacet
  facet normal 0 0 1
    outer loop
      vertex 4.17648 -1.20741 19.8
      vertex 4.33684 -4.76069 19.8
      vertex 4.33684 -1.23931 19.8
    endloop
  endfacet
  facet normal 0 0 1
    outer loop
      vertex 4.17648 -1.20741 19.8
      vertex 4.17648 -4.79259 19.8
      vertex 4.33684 -4.76069 19.8
    endloop
  endfacet
  facet normal 0 0 1
    outer loop
      vertex 4.02165 -1.15485 19.8
      vertex 4.17648 -4.79259 19.8
      vertex 4.17648 -1.20741 19.8
    endloop
  endfacet
  facet normal 0 0 1
    outer loop
      vertex 4.02165 -1.15485 19.8
      vertex 4.02165 -4.84515 19.8
      vertex 4.17648 -4.79259 19.8
    endloop
  endfacet
  facet normal 0 0 1
    outer loop
      vertex 3.875 -1.08253 19.8
      vertex 4.02165 -4.84515 19.8
      vertex 4.02165 -1.15485 19.8
    endloop
  endfacet
  facet normal 0 0 1
    outer loop
      vertex 3.875 -1.08253 19.8
      vertex 3.875 -4.91747 19.8
      vertex 4.02165 -4.84515 19.8
    endloop
  endfacet
  facet normal 0 0 1
    outer loop
      vertex 3.73905 -0.991692 19.8
      vertex 3.875 -4.91747 19.8
      vertex 3.875 -1.08253 19.8
    endloop
  endfacet
  facet normal 0 0 1
    outer loop
      vertex 3.73905 -0.991692 19.8
      vertex 3.73905 -5.00831 19.8
      vertex 3.875 -4.91747 19.8
    endloop
  endfacet
  facet normal 0 0 1
    outer loop
      vertex 3.61612 -0.883883 19.8
      vertex 3.73905 -5.00831 19.8
      vertex 3.73905 -0.991692 19.8
    endloop
  endfacet
  facet normal 0 0 1
    outer loop
      vertex 3.61612 -0.883883 19.8
      vertex 3.61612 -5.11612 19.8
      vertex 3.73905 -5.00831 19.8
    endloop
  endfacet
  facet normal 0 0 1
    outer loop
      vertex 1.15485 -0.478354 19.8
      vertex 3.34515 -0.478354 19.8
      vertex 1.20741 -0.323524 19.8
    endloop
  endfacet
  facet normal 0 0 1
    outer loop
      vertex 3.34515 -0.478354 19.8
      vertex 1.15485 -0.478354 19.8
      vertex 3.41747 -0.625 19.8
    endloop
  endfacet
  facet normal 0 0 1
    outer loop
      vertex 3.29259 -0.323524 19.8
      vertex 1.20741 -0.323524 19.8
      vertex 3.34515 -0.478354 19.8
    endloop
  endfacet
  facet normal 0 0 1
    outer loop
      vertex 1.08253 -0.625 19.8
      vertex 3.41747 -0.625 19.8
      vertex 1.15485 -0.478354 19.8
    endloop
  endfacet
  facet normal 0 0 1
    outer loop
      vertex 1.20741 -0.323524 19.8
      vertex 3.29259 -0.323524 19.8
      vertex 1.23931 -0.163157 19.8
    endloop
  endfacet
  facet normal 0 0 1
    outer loop
      vertex 3.61612 -5.11612 19.8
      vertex 1.25 -6 19.8
      vertex 3.50831 -5.23905 19.8
    endloop
  endfacet
  facet normal 0 0 1
    outer loop
      vertex 3.26069 -0.163157 19.8
      vertex 1.23931 -0.163157 19.8
      vertex 3.29259 -0.323524 19.8
    endloop
  endfacet
  facet normal 0 0 1
    outer loop
      vertex 3.50831 -5.23905 19.8
      vertex 1.25 -6 19.8
      vertex 3.41747 -5.375 19.8
    endloop
  endfacet
  facet normal 0 0 1
    outer loop
      vertex 1.23931 -0.163157 19.8
      vertex 3.26069 -0.163157 19.8
      vertex 1.25 0 19.8
    endloop
  endfacet
  facet normal 0 0 1
    outer loop
      vertex 3.41747 -5.375 19.8
      vertex 1.25 -6 19.8
      vertex 3.34515 -5.52165 19.8
    endloop
  endfacet
  facet normal -0 0 1
    outer loop
      vertex 1.25 0 19.8
      vertex 3.26069 -0.163157 19.8
      vertex 3.25 0 19.8
    endloop
  endfacet
  facet normal 0 0 1
    outer loop
      vertex 3.34515 -5.52165 19.8
      vertex 1.25 -6 19.8
      vertex 3.29259 -5.67648 19.8
    endloop
  endfacet
  facet normal 0 0 1
    outer loop
      vertex 7.91747 5.375 19.8
      vertex 5.58253 5.375 19.8
      vertex 8.00831 5.23905 19.8
    endloop
  endfacet
  facet normal 0 0 1
    outer loop
      vertex 8.11612 0.883883 19.8
      vertex 5.73931 0.163157 19.8
      vertex 5.75 0 19.8
    endloop
  endfacet
  facet normal 0 0 1
    outer loop
      vertex 5.49169 5.23905 19.8
      vertex 8.00831 5.23905 19.8
      vertex 5.58253 5.375 19.8
    endloop
  endfacet
  facet normal 0 0 1
    outer loop
      vertex 8.11612 0.883883 19.8
      vertex 5.70741 0.323524 19.8
      vertex 5.73931 0.163157 19.8
    endloop
  endfacet
  facet normal 0 0 1
    outer loop
      vertex 8.00831 5.23905 19.8
      vertex 5.49169 5.23905 19.8
      vertex 8.11612 5.11612 19.8
    endloop
  endfacet
  facet normal 0 0 1
    outer loop
      vertex 8.11612 0.883883 19.8
      vertex 5.65485 0.478354 19.8
      vertex 5.70741 0.323524 19.8
    endloop
  endfacet
  facet normal 0 0 1
    outer loop
      vertex 5.38388 5.11612 19.8
      vertex 8.11612 5.11612 19.8
      vertex 5.49169 5.23905 19.8
    endloop
  endfacet
  facet normal 0 0 1
    outer loop
      vertex 8.11612 0.883883 19.8
      vertex 5.58253 0.625 19.8
      vertex 5.65485 0.478354 19.8
    endloop
  endfacet
  facet normal 0 0 1
    outer loop
      vertex 5.26095 5.00831 19.8
      vertex 8.11612 5.11612 19.8
      vertex 5.38388 5.11612 19.8
    endloop
  endfacet
  facet normal 0 0 1
    outer loop
      vertex 8.11612 0.883883 19.8
      vertex 5.49169 0.760951 19.8
      vertex 5.58253 0.625 19.8
    endloop
  endfacet
  facet normal 0 0 1
    outer loop
      vertex 8.11612 5.11612 19.8
      vertex 5.26095 5.00831 19.8
      vertex 8.11612 0.883883 19.8
    endloop
  endfacet
  facet normal 0 0 1
    outer loop
      vertex 8.11612 0.883883 19.8
      vertex 5.38388 0.883883 19.8
      vertex 5.49169 0.760951 19.8
    endloop
  endfacet
  facet normal -0 0 1
    outer loop
      vertex 5.26095 0.991692 19.8
      vertex 8.11612 0.883883 19.8
      vertex 5.26095 5.00831 19.8
    endloop
  endfacet
  facet normal 0 0 1
    outer loop
      vertex 8.11612 0.883883 19.8
      vertex 5.26095 0.991692 19.8
      vertex 5.38388 0.883883 19.8
    endloop
  endfacet
  facet normal -0 0 1
    outer loop
      vertex 5.125 4.91747 19.8
      vertex 5.26095 0.991692 19.8
      vertex 5.26095 5.00831 19.8
    endloop
  endfacet
  facet normal 0 0 1
    outer loop
      vertex 5.125 4.91747 19.8
      vertex 5.125 1.08253 19.8
      vertex 5.26095 0.991692 19.8
    endloop
  endfacet
  facet normal -0 0 1
    outer loop
      vertex 4.97835 4.84515 19.8
      vertex 5.125 1.08253 19.8
      vertex 5.125 4.91747 19.8
    endloop
  endfacet
  facet normal 0 0 1
    outer loop
      vertex 4.97835 4.84515 19.8
      vertex 4.97835 1.15485 19.8
      vertex 5.125 1.08253 19.8
    endloop
  endfacet
  facet normal -0 0 1
    outer loop
      vertex 4.82352 4.79259 19.8
      vertex 4.97835 1.15485 19.8
      vertex 4.97835 4.84515 19.8
    endloop
  endfacet
  facet normal 0 0 1
    outer loop
      vertex 4.82352 4.79259 19.8
      vertex 4.82352 1.20741 19.8
      vertex 4.97835 1.15485 19.8
    endloop
  endfacet
  facet normal -0 0 1
    outer loop
      vertex 4.66316 4.76069 19.8
      vertex 4.82352 1.20741 19.8
      vertex 4.82352 4.79259 19.8
    endloop
  endfacet
  facet normal 0 0 1
    outer loop
      vertex 4.66316 4.76069 19.8
      vertex 4.66316 1.23931 19.8
      vertex 4.82352 1.20741 19.8
    endloop
  endfacet
  facet normal -0 0 1
    outer loop
      vertex 4.5 4.75 19.8
      vertex 4.66316 1.23931 19.8
      vertex 4.66316 4.76069 19.8
    endloop
  endfacet
  facet normal 0 0 1
    outer loop
      vertex 4.5 4.75 19.8
      vertex 4.5 1.25 19.8
      vertex 4.66316 1.23931 19.8
    endloop
  endfacet
  facet normal 0 0 1
    outer loop
      vertex 4.33684 4.76069 19.8
      vertex 4.5 1.25 19.8
      vertex 4.5 4.75 19.8
    endloop
  endfacet
  facet normal 0 0 1
    outer loop
      vertex 4.33684 4.76069 19.8
      vertex 4.33684 1.23931 19.8
      vertex 4.5 1.25 19.8
    endloop
  endfacet
  facet normal 0 0 1
    outer loop
      vertex 4.17648 4.79259 19.8
      vertex 4.33684 1.23931 19.8
      vertex 4.33684 4.76069 19.8
    endloop
  endfacet
  facet normal 0 0 1
    outer loop
      vertex 4.17648 4.79259 19.8
      vertex 4.17648 1.20741 19.8
      vertex 4.33684 1.23931 19.8
    endloop
  endfacet
  facet normal 0 0 1
    outer loop
      vertex 4.02165 4.84515 19.8
      vertex 4.17648 1.20741 19.8
      vertex 4.17648 4.79259 19.8
    endloop
  endfacet
  facet normal 0 0 1
    outer loop
      vertex 4.02165 4.84515 19.8
      vertex 4.02165 1.15485 19.8
      vertex 4.17648 1.20741 19.8
    endloop
  endfacet
  facet normal 0 0 1
    outer loop
      vertex 3.875 4.91747 19.8
      vertex 4.02165 1.15485 19.8
      vertex 4.02165 4.84515 19.8
    endloop
  endfacet
  facet normal 0 0 1
    outer loop
      vertex 3.875 4.91747 19.8
      vertex 3.875 1.08253 19.8
      vertex 4.02165 1.15485 19.8
    endloop
  endfacet
  facet normal 0 0 1
    outer loop
      vertex 3.73905 5.00831 19.8
      vertex 3.875 1.08253 19.8
      vertex 3.875 4.91747 19.8
    endloop
  endfacet
  facet normal 0 0 1
    outer loop
      vertex 3.73905 5.00831 19.8
      vertex 3.73905 0.991692 19.8
      vertex 3.875 1.08253 19.8
    endloop
  endfacet
  facet normal 0 0 1
    outer loop
      vertex 3.61612 5.11612 19.8
      vertex 3.73905 0.991692 19.8
      vertex 3.73905 5.00831 19.8
    endloop
  endfacet
  facet normal 0 0 1
    outer loop
      vertex 3.61612 5.11612 19.8
      vertex 3.61612 0.883883 19.8
      vertex 3.73905 0.991692 19.8
    endloop
  endfacet
  facet normal 0 0 1
    outer loop
      vertex 1.15485 5.52165 19.8
      vertex 3.34515 5.52165 19.8
      vertex 1.20741 5.67648 19.8
    endloop
  endfacet
  facet normal 0 0 1
    outer loop
      vertex 3.34515 5.52165 19.8
      vertex 1.15485 5.52165 19.8
      vertex 3.41747 5.375 19.8
    endloop
  endfacet
  facet normal 0 0 1
    outer loop
      vertex 3.29259 5.67648 19.8
      vertex 1.20741 5.67648 19.8
      vertex 3.34515 5.52165 19.8
    endloop
  endfacet
  facet normal 0 0 1
    outer loop
      vertex 1.08253 5.375 19.8
      vertex 3.41747 5.375 19.8
      vertex 1.15485 5.52165 19.8
    endloop
  endfacet
  facet normal 0 0 1
    outer loop
      vertex 1.20741 5.67648 19.8
      vertex 3.29259 5.67648 19.8
      vertex 1.23931 5.83684 19.8
    endloop
  endfacet
  facet normal 0 0 1
    outer loop
      vertex 3.61612 0.883883 19.8
      vertex 1.25 0 19.8
      vertex 3.50831 0.760951 19.8
    endloop
  endfacet
  facet normal 0 0 1
    outer loop
      vertex 3.26069 5.83684 19.8
      vertex 1.23931 5.83684 19.8
      vertex 3.29259 5.67648 19.8
    endloop
  endfacet
  facet normal 0 0 1
    outer loop
      vertex 3.50831 0.760951 19.8
      vertex 1.25 0 19.8
      vertex 3.41747 0.625 19.8
    endloop
  endfacet
  facet normal 0 0 1
    outer loop
      vertex 1.23931 5.83684 19.8
      vertex 3.26069 5.83684 19.8
      vertex 1.25 6 19.8
    endloop
  endfacet
  facet normal 0 0 1
    outer loop
      vertex 3.41747 0.625 19.8
      vertex 1.25 0 19.8
      vertex 3.34515 0.478354 19.8
    endloop
  endfacet
  facet normal -0 0 1
    outer loop
      vertex 1.25 6 19.8
      vertex 3.26069 5.83684 19.8
      vertex 3.25 6 19.8
    endloop
  endfacet
  facet normal 0 0 1
    outer loop
      vertex 3.34515 0.478354 19.8
      vertex 1.25 0 19.8
      vertex 3.29259 0.323524 19.8
    endloop
  endfacet
  facet normal 0 0 1
    outer loop
      vertex 12.4175 -0.625 19.8
      vertex 10.0825 -0.625 19.8
      vertex 12.5083 -0.760951 19.8
    endloop
  endfacet
  facet normal 0 0 1
    outer loop
      vertex 12.6161 -5.11612 19.8
      vertex 10.2393 -5.83684 19.8
      vertex 10.25 -6 19.8
    endloop
  endfacet
  facet normal 0 0 1
    outer loop
      vertex 9.99169 -0.760951 19.8
      vertex 12.5083 -0.760951 19.8
      vertex 10.0825 -0.625 19.8
    endloop
  endfacet
  facet normal 0 0 1
    outer loop
      vertex 12.6161 -5.11612 19.8
      vertex 10.2074 -5.67648 19.8
      vertex 10.2393 -5.83684 19.8
    endloop
  endfacet
  facet normal 0 0 1
    outer loop
      vertex 12.5083 -0.760951 19.8
      vertex 9.99169 -0.760951 19.8
      vertex 12.6161 -0.883883 19.8
    endloop
  endfacet
  facet normal 0 0 1
    outer loop
      vertex 12.6161 -5.11612 19.8
      vertex 10.1548 -5.52165 19.8
      vertex 10.2074 -5.67648 19.8
    endloop
  endfacet
  facet normal 0 0 1
    outer loop
      vertex 9.88388 -0.883883 19.8
      vertex 12.6161 -0.883883 19.8
      vertex 9.99169 -0.760951 19.8
    endloop
  endfacet
  facet normal 0 0 1
    outer loop
      vertex 12.6161 -5.11612 19.8
      vertex 10.0825 -5.375 19.8
      vertex 10.1548 -5.52165 19.8
    endloop
  endfacet
  facet normal 0 0 1
    outer loop
      vertex 9.76095 -0.991692 19.8
      vertex 12.6161 -0.883883 19.8
      vertex 9.88388 -0.883883 19.8
    endloop
  endfacet
  facet normal 0 0 1
    outer loop
      vertex 12.6161 -5.11612 19.8
      vertex 9.99169 -5.23905 19.8
      vertex 10.0825 -5.375 19.8
    endloop
  endfacet
  facet normal 0 0 1
    outer loop
      vertex 12.6161 -0.883883 19.8
      vertex 9.76095 -0.991692 19.8
      vertex 12.6161 -5.11612 19.8
    endloop
  endfacet
  facet normal 0 0 1
    outer loop
      vertex 12.6161 -5.11612 19.8
      vertex 9.88388 -5.11612 19.8
      vertex 9.99169 -5.23905 19.8
    endloop
  endfacet
  facet normal -0 0 1
    outer loop
      vertex 9.76095 -5.00831 19.8
      vertex 12.6161 -5.11612 19.8
      vertex 9.76095 -0.991692 19.8
    endloop
  endfacet
  facet normal 0 0 1
    outer loop
      vertex 12.6161 -5.11612 19.8
      vertex 9.76095 -5.00831 19.8
      vertex 9.88388 -5.11612 19.8
    endloop
  endfacet
  facet normal -0 0 1
    outer loop
      vertex 9.625 -1.08253 19.8
      vertex 9.76095 -5.00831 19.8
      vertex 9.76095 -0.991692 19.8
    endloop
  endfacet
  facet normal 0 0 1
    outer loop
      vertex 9.625 -1.08253 19.8
      vertex 9.625 -4.91747 19.8
      vertex 9.76095 -5.00831 19.8
    endloop
  endfacet
  facet normal -0 0 1
    outer loop
      vertex 9.47835 -1.15485 19.8
      vertex 9.625 -4.91747 19.8
      vertex 9.625 -1.08253 19.8
    endloop
  endfacet
  facet normal 0 0 1
    outer loop
      vertex 9.47835 -1.15485 19.8
      vertex 9.47835 -4.84515 19.8
      vertex 9.625 -4.91747 19.8
    endloop
  endfacet
  facet normal -0 0 1
    outer loop
      vertex 9.32352 -1.20741 19.8
      vertex 9.47835 -4.84515 19.8
      vertex 9.47835 -1.15485 19.8
    endloop
  endfacet
  facet normal 0 0 1
    outer loop
      vertex 9.32352 -1.20741 19.8
      vertex 9.32352 -4.79259 19.8
      vertex 9.47835 -4.84515 19.8
    endloop
  endfacet
  facet normal -0 0 1
    outer loop
      vertex 9.16316 -1.23931 19.8
      vertex 9.32352 -4.79259 19.8
      vertex 9.32352 -1.20741 19.8
    endloop
  endfacet
  facet normal 0 0 1
    outer loop
      vertex 9.16316 -1.23931 19.8
      vertex 9.16316 -4.76069 19.8
      vertex 9.32352 -4.79259 19.8
    endloop
  endfacet
  facet normal -0 0 1
    outer loop
      vertex 9 -1.25 19.8
      vertex 9.16316 -4.76069 19.8
      vertex 9.16316 -1.23931 19.8
    endloop
  endfacet
  facet normal 0 0 1
    outer loop
      vertex 9 -1.25 19.8
      vertex 9 -4.75 19.8
      vertex 9.16316 -4.76069 19.8
    endloop
  endfacet
  facet normal 0 0 1
    outer loop
      vertex 8.83684 -1.23931 19.8
      vertex 9 -4.75 19.8
      vertex 9 -1.25 19.8
    endloop
  endfacet
  facet normal 0 0 1
    outer loop
      vertex 8.83684 -1.23931 19.8
      vertex 8.83684 -4.76069 19.8
      vertex 9 -4.75 19.8
    endloop
  endfacet
  facet normal 0 0 1
    outer loop
      vertex 8.67648 -1.20741 19.8
      vertex 8.83684 -4.76069 19.8
      vertex 8.83684 -1.23931 19.8
    endloop
  endfacet
  facet normal 0 0 1
    outer loop
      vertex 8.67648 -1.20741 19.8
      vertex 8.67648 -4.79259 19.8
      vertex 8.83684 -4.76069 19.8
    endloop
  endfacet
  facet normal 0 0 1
    outer loop
      vertex 8.52165 -1.15485 19.8
      vertex 8.67648 -4.79259 19.8
      vertex 8.67648 -1.20741 19.8
    endloop
  endfacet
  facet normal 0 0 1
    outer loop
      vertex 8.52165 -1.15485 19.8
      vertex 8.52165 -4.84515 19.8
      vertex 8.67648 -4.79259 19.8
    endloop
  endfacet
  facet normal 0 0 1
    outer loop
      vertex 8.375 -1.08253 19.8
      vertex 8.52165 -4.84515 19.8
      vertex 8.52165 -1.15485 19.8
    endloop
  endfacet
  facet normal 0 0 1
    outer loop
      vertex 8.375 -1.08253 19.8
      vertex 8.375 -4.91747 19.8
      vertex 8.52165 -4.84515 19.8
    endloop
  endfacet
  facet normal 0 0 1
    outer loop
      vertex 8.23905 -0.991692 19.8
      vertex 8.375 -4.91747 19.8
      vertex 8.375 -1.08253 19.8
    endloop
  endfacet
  facet normal 0 0 1
    outer loop
      vertex 8.23905 -0.991692 19.8
      vertex 8.23905 -5.00831 19.8
      vertex 8.375 -4.91747 19.8
    endloop
  endfacet
  facet normal 0 0 1
    outer loop
      vertex 8.11612 -0.883883 19.8
      vertex 8.23905 -5.00831 19.8
      vertex 8.23905 -0.991692 19.8
    endloop
  endfacet
  facet normal 0 0 1
    outer loop
      vertex 8.11612 -0.883883 19.8
      vertex 8.11612 -5.11612 19.8
      vertex 8.23905 -5.00831 19.8
    endloop
  endfacet
  facet normal 0 0 1
    outer loop
      vertex 5.65485 -0.478354 19.8
      vertex 7.84515 -0.478354 19.8
      vertex 5.70741 -0.323524 19.8
    endloop
  endfacet
  facet normal 0 0 1
    outer loop
      vertex 7.84515 -0.478354 19.8
      vertex 5.65485 -0.478354 19.8
      vertex 7.91747 -0.625 19.8
    endloop
  endfacet
  facet normal 0 0 1
    outer loop
      vertex 7.79259 -0.323524 19.8
      vertex 5.70741 -0.323524 19.8
      vertex 7.84515 -0.478354 19.8
    endloop
  endfacet
  facet normal 0 0 1
    outer loop
      vertex 5.58253 -0.625 19.8
      vertex 7.91747 -0.625 19.8
      vertex 5.65485 -0.478354 19.8
    endloop
  endfacet
  facet normal 0 0 1
    outer loop
      vertex 5.70741 -0.323524 19.8
      vertex 7.79259 -0.323524 19.8
      vertex 5.73931 -0.163157 19.8
    endloop
  endfacet
  facet normal 0 0 1
    outer loop
      vertex 8.11612 -5.11612 19.8
      vertex 5.75 -6 19.8
      vertex 8.00831 -5.23905 19.8
    endloop
  endfacet
  facet normal 0 0 1
    outer loop
      vertex 7.76069 -0.163157 19.8
      vertex 5.73931 -0.163157 19.8
      vertex 7.79259 -0.323524 19.8
    endloop
  endfacet
  facet normal 0 0 1
    outer loop
      vertex 8.00831 -5.23905 19.8
      vertex 5.75 -6 19.8
      vertex 7.91747 -5.375 19.8
    endloop
  endfacet
  facet normal 0 0 1
    outer loop
      vertex 5.73931 -0.163157 19.8
      vertex 7.76069 -0.163157 19.8
      vertex 5.75 0 19.8
    endloop
  endfacet
  facet normal 0 0 1
    outer loop
      vertex 7.91747 -5.375 19.8
      vertex 5.75 -6 19.8
      vertex 7.84515 -5.52165 19.8
    endloop
  endfacet
  facet normal -0 0 1
    outer loop
      vertex 5.75 0 19.8
      vertex 7.76069 -0.163157 19.8
      vertex 7.75 0 19.8
    endloop
  endfacet
  facet normal 0 0 1
    outer loop
      vertex 7.84515 -5.52165 19.8
      vertex 5.75 -6 19.8
      vertex 7.79259 -5.67648 19.8
    endloop
  endfacet
  facet normal 0 0 1
    outer loop
      vertex 12.4175 5.375 19.8
      vertex 10.0825 5.375 19.8
      vertex 12.5083 5.23905 19.8
    endloop
  endfacet
  facet normal 0 0 1
    outer loop
      vertex 12.6161 0.883883 19.8
      vertex 10.2393 0.163157 19.8
      vertex 10.25 0 19.8
    endloop
  endfacet
  facet normal 0 0 1
    outer loop
      vertex 9.99169 5.23905 19.8
      vertex 12.5083 5.23905 19.8
      vertex 10.0825 5.375 19.8
    endloop
  endfacet
  facet normal 0 0 1
    outer loop
      vertex 12.6161 0.883883 19.8
      vertex 10.2074 0.323524 19.8
      vertex 10.2393 0.163157 19.8
    endloop
  endfacet
  facet normal 0 0 1
    outer loop
      vertex 12.5083 5.23905 19.8
      vertex 9.99169 5.23905 19.8
      vertex 12.6161 5.11612 19.8
    endloop
  endfacet
  facet normal 0 0 1
    outer loop
      vertex 12.6161 0.883883 19.8
      vertex 10.1548 0.478354 19.8
      vertex 10.2074 0.323524 19.8
    endloop
  endfacet
  facet normal 0 0 1
    outer loop
      vertex 9.88388 5.11612 19.8
      vertex 12.6161 5.11612 19.8
      vertex 9.99169 5.23905 19.8
    endloop
  endfacet
  facet normal 0 0 1
    outer loop
      vertex 12.6161 0.883883 19.8
      vertex 10.0825 0.625 19.8
      vertex 10.1548 0.478354 19.8
    endloop
  endfacet
  facet normal 0 0 1
    outer loop
      vertex 9.76095 5.00831 19.8
      vertex 12.6161 5.11612 19.8
      vertex 9.88388 5.11612 19.8
    endloop
  endfacet
  facet normal 0 0 1
    outer loop
      vertex 12.6161 0.883883 19.8
      vertex 9.99169 0.760951 19.8
      vertex 10.0825 0.625 19.8
    endloop
  endfacet
  facet normal 0 0 1
    outer loop
      vertex 12.6161 5.11612 19.8
      vertex 9.76095 5.00831 19.8
      vertex 12.6161 0.883883 19.8
    endloop
  endfacet
  facet normal 0 0 1
    outer loop
      vertex 12.6161 0.883883 19.8
      vertex 9.88388 0.883883 19.8
      vertex 9.99169 0.760951 19.8
    endloop
  endfacet
  facet normal -0 0 1
    outer loop
      vertex 9.76095 0.991692 19.8
      vertex 12.6161 0.883883 19.8
      vertex 9.76095 5.00831 19.8
    endloop
  endfacet
  facet normal 0 0 1
    outer loop
      vertex 12.6161 0.883883 19.8
      vertex 9.76095 0.991692 19.8
      vertex 9.88388 0.883883 19.8
    endloop
  endfacet
  facet normal -0 0 1
    outer loop
      vertex 9.625 4.91747 19.8
      vertex 9.76095 0.991692 19.8
      vertex 9.76095 5.00831 19.8
    endloop
  endfacet
  facet normal 0 0 1
    outer loop
      vertex 9.625 4.91747 19.8
      vertex 9.625 1.08253 19.8
      vertex 9.76095 0.991692 19.8
    endloop
  endfacet
  facet normal -0 0 1
    outer loop
      vertex 9.47835 4.84515 19.8
      vertex 9.625 1.08253 19.8
      vertex 9.625 4.91747 19.8
    endloop
  endfacet
  facet normal 0 0 1
    outer loop
      vertex 9.47835 4.84515 19.8
      vertex 9.47835 1.15485 19.8
      vertex 9.625 1.08253 19.8
    endloop
  endfacet
  facet normal -0 0 1
    outer loop
      vertex 9.32352 4.79259 19.8
      vertex 9.47835 1.15485 19.8
      vertex 9.47835 4.84515 19.8
    endloop
  endfacet
  facet normal 0 0 1
    outer loop
      vertex 9.32352 4.79259 19.8
      vertex 9.32352 1.20741 19.8
      vertex 9.47835 1.15485 19.8
    endloop
  endfacet
  facet normal -0 0 1
    outer loop
      vertex 9.16316 4.76069 19.8
      vertex 9.32352 1.20741 19.8
      vertex 9.32352 4.79259 19.8
    endloop
  endfacet
  facet normal 0 0 1
    outer loop
      vertex 9.16316 4.76069 19.8
      vertex 9.16316 1.23931 19.8
      vertex 9.32352 1.20741 19.8
    endloop
  endfacet
  facet normal -0 0 1
    outer loop
      vertex 9 4.75 19.8
      vertex 9.16316 1.23931 19.8
      vertex 9.16316 4.76069 19.8
    endloop
  endfacet
  facet normal 0 0 1
    outer loop
      vertex 9 4.75 19.8
      vertex 9 1.25 19.8
      vertex 9.16316 1.23931 19.8
    endloop
  endfacet
  facet normal 0 0 1
    outer loop
      vertex 8.83684 4.76069 19.8
      vertex 9 1.25 19.8
      vertex 9 4.75 19.8
    endloop
  endfacet
  facet normal 0 0 1
    outer loop
      vertex 8.83684 4.76069 19.8
      vertex 8.83684 1.23931 19.8
      vertex 9 1.25 19.8
    endloop
  endfacet
  facet normal 0 0 1
    outer loop
      vertex 8.67648 4.79259 19.8
      vertex 8.83684 1.23931 19.8
      vertex 8.83684 4.76069 19.8
    endloop
  endfacet
  facet normal 0 0 1
    outer loop
      vertex 8.67648 4.79259 19.8
      vertex 8.67648 1.20741 19.8
      vertex 8.83684 1.23931 19.8
    endloop
  endfacet
  facet normal 0 0 1
    outer loop
      vertex 8.52165 4.84515 19.8
      vertex 8.67648 1.20741 19.8
      vertex 8.67648 4.79259 19.8
    endloop
  endfacet
  facet normal 0 0 1
    outer loop
      vertex 8.52165 4.84515 19.8
      vertex 8.52165 1.15485 19.8
      vertex 8.67648 1.20741 19.8
    endloop
  endfacet
  facet normal 0 0 1
    outer loop
      vertex 8.375 4.91747 19.8
      vertex 8.52165 1.15485 19.8
      vertex 8.52165 4.84515 19.8
    endloop
  endfacet
  facet normal 0 0 1
    outer loop
      vertex 8.375 4.91747 19.8
      vertex 8.375 1.08253 19.8
      vertex 8.52165 1.15485 19.8
    endloop
  endfacet
  facet normal 0 0 1
    outer loop
      vertex 8.23905 5.00831 19.8
      vertex 8.375 1.08253 19.8
      vertex 8.375 4.91747 19.8
    endloop
  endfacet
  facet normal 0 0 1
    outer loop
      vertex 8.23905 5.00831 19.8
      vertex 8.23905 0.991692 19.8
      vertex 8.375 1.08253 19.8
    endloop
  endfacet
  facet normal 0 0 1
    outer loop
      vertex 8.11612 5.11612 19.8
      vertex 8.23905 0.991692 19.8
      vertex 8.23905 5.00831 19.8
    endloop
  endfacet
  facet normal 0 0 1
    outer loop
      vertex 8.11612 5.11612 19.8
      vertex 8.11612 0.883883 19.8
      vertex 8.23905 0.991692 19.8
    endloop
  endfacet
  facet normal 0 0 1
    outer loop
      vertex 5.65485 5.52165 19.8
      vertex 7.84515 5.52165 19.8
      vertex 5.70741 5.67648 19.8
    endloop
  endfacet
  facet normal 0 0 1
    outer loop
      vertex 7.84515 5.52165 19.8
      vertex 5.65485 5.52165 19.8
      vertex 7.91747 5.375 19.8
    endloop
  endfacet
  facet normal 0 0 1
    outer loop
      vertex 7.79259 5.67648 19.8
      vertex 5.70741 5.67648 19.8
      vertex 7.84515 5.52165 19.8
    endloop
  endfacet
  facet normal 0 0 1
    outer loop
      vertex 5.58253 5.375 19.8
      vertex 7.91747 5.375 19.8
      vertex 5.65485 5.52165 19.8
    endloop
  endfacet
  facet normal 0 0 1
    outer loop
      vertex 5.70741 5.67648 19.8
      vertex 7.79259 5.67648 19.8
      vertex 5.73931 5.83684 19.8
    endloop
  endfacet
  facet normal 0 0 1
    outer loop
      vertex 8.11612 0.883883 19.8
      vertex 5.75 0 19.8
      vertex 8.00831 0.760951 19.8
    endloop
  endfacet
  facet normal 0 0 1
    outer loop
      vertex 7.76069 5.83684 19.8
      vertex 5.73931 5.83684 19.8
      vertex 7.79259 5.67648 19.8
    endloop
  endfacet
  facet normal 0 0 1
    outer loop
      vertex 8.00831 0.760951 19.8
      vertex 5.75 0 19.8
      vertex 7.91747 0.625 19.8
    endloop
  endfacet
  facet normal 0 0 1
    outer loop
      vertex 5.73931 5.83684 19.8
      vertex 7.76069 5.83684 19.8
      vertex 5.75 6 19.8
    endloop
  endfacet
  facet normal 0 0 1
    outer loop
      vertex 7.91747 0.625 19.8
      vertex 5.75 0 19.8
      vertex 7.84515 0.478354 19.8
    endloop
  endfacet
  facet normal -0 0 1
    outer loop
      vertex 5.75 6 19.8
      vertex 7.76069 5.83684 19.8
      vertex 7.75 6 19.8
    endloop
  endfacet
  facet normal 0 0 1
    outer loop
      vertex 7.84515 0.478354 19.8
      vertex 5.75 0 19.8
      vertex 7.79259 0.323524 19.8
    endloop
  endfacet
  facet normal 0 0 1
    outer loop
      vertex 16.9175 -0.625 19.8
      vertex 14.5825 -0.625 19.8
      vertex 17.0083 -0.760951 19.8
    endloop
  endfacet
  facet normal 0 0 1
    outer loop
      vertex 17.1161 -5.11612 19.8
      vertex 14.7393 -5.83684 19.8
      vertex 14.75 -6 19.8
    endloop
  endfacet
  facet normal 0 0 1
    outer loop
      vertex 14.4917 -0.760951 19.8
      vertex 17.0083 -0.760951 19.8
      vertex 14.5825 -0.625 19.8
    endloop
  endfacet
  facet normal 0 0 1
    outer loop
      vertex 17.1161 -5.11612 19.8
      vertex 14.7074 -5.67648 19.8
      vertex 14.7393 -5.83684 19.8
    endloop
  endfacet
  facet normal 0 0 1
    outer loop
      vertex 17.0083 -0.760951 19.8
      vertex 14.4917 -0.760951 19.8
      vertex 17.1161 -0.883883 19.8
    endloop
  endfacet
  facet normal 0 0 1
    outer loop
      vertex 17.1161 -5.11612 19.8
      vertex 14.6548 -5.52165 19.8
      vertex 14.7074 -5.67648 19.8
    endloop
  endfacet
  facet normal 0 0 1
    outer loop
      vertex 14.3839 -0.883883 19.8
      vertex 17.1161 -0.883883 19.8
      vertex 14.4917 -0.760951 19.8
    endloop
  endfacet
  facet normal 0 0 1
    outer loop
      vertex 17.1161 -5.11612 19.8
      vertex 14.5825 -5.375 19.8
      vertex 14.6548 -5.52165 19.8
    endloop
  endfacet
  facet normal 0 0 1
    outer loop
      vertex 14.261 -0.991692 19.8
      vertex 17.1161 -0.883883 19.8
      vertex 14.3839 -0.883883 19.8
    endloop
  endfacet
  facet normal 0 0 1
    outer loop
      vertex 17.1161 -5.11612 19.8
      vertex 14.4917 -5.23905 19.8
      vertex 14.5825 -5.375 19.8
    endloop
  endfacet
  facet normal 0 0 1
    outer loop
      vertex 17.1161 -0.883883 19.8
      vertex 14.261 -0.991692 19.8
      vertex 17.1161 -5.11612 19.8
    endloop
  endfacet
  facet normal 0 0 1
    outer loop
      vertex 17.1161 -5.11612 19.8
      vertex 14.3839 -5.11612 19.8
      vertex 14.4917 -5.23905 19.8
    endloop
  endfacet
  facet normal -0 0 1
    outer loop
      vertex 14.261 -5.00831 19.8
      vertex 17.1161 -5.11612 19.8
      vertex 14.261 -0.991692 19.8
    endloop
  endfacet
  facet normal 0 0 1
    outer loop
      vertex 17.1161 -5.11612 19.8
      vertex 14.261 -5.00831 19.8
      vertex 14.3839 -5.11612 19.8
    endloop
  endfacet
  facet normal -0 0 1
    outer loop
      vertex 14.125 -1.08253 19.8
      vertex 14.261 -5.00831 19.8
      vertex 14.261 -0.991692 19.8
    endloop
  endfacet
  facet normal 0 0 1
    outer loop
      vertex 14.125 -1.08253 19.8
      vertex 14.125 -4.91747 19.8
      vertex 14.261 -5.00831 19.8
    endloop
  endfacet
  facet normal -0 0 1
    outer loop
      vertex 13.9784 -1.15485 19.8
      vertex 14.125 -4.91747 19.8
      vertex 14.125 -1.08253 19.8
    endloop
  endfacet
  facet normal 0 0 1
    outer loop
      vertex 13.9784 -1.15485 19.8
      vertex 13.9784 -4.84515 19.8
      vertex 14.125 -4.91747 19.8
    endloop
  endfacet
  facet normal -0 0 1
    outer loop
      vertex 13.8235 -1.20741 19.8
      vertex 13.9784 -4.84515 19.8
      vertex 13.9784 -1.15485 19.8
    endloop
  endfacet
  facet normal 0 0 1
    outer loop
      vertex 13.8235 -1.20741 19.8
      vertex 13.8235 -4.79259 19.8
      vertex 13.9784 -4.84515 19.8
    endloop
  endfacet
  facet normal -0 0 1
    outer loop
      vertex 13.6632 -1.23931 19.8
      vertex 13.8235 -4.79259 19.8
      vertex 13.8235 -1.20741 19.8
    endloop
  endfacet
  facet normal 0 0 1
    outer loop
      vertex 13.6632 -1.23931 19.8
      vertex 13.6632 -4.76069 19.8
      vertex 13.8235 -4.79259 19.8
    endloop
  endfacet
  facet normal -0 0 1
    outer loop
      vertex 13.5 -1.25 19.8
      vertex 13.6632 -4.76069 19.8
      vertex 13.6632 -1.23931 19.8
    endloop
  endfacet
  facet normal 0 0 1
    outer loop
      vertex 13.5 -1.25 19.8
      vertex 13.5 -4.75 19.8
      vertex 13.6632 -4.76069 19.8
    endloop
  endfacet
  facet normal 0 0 1
    outer loop
      vertex 13.3368 -1.23931 19.8
      vertex 13.5 -4.75 19.8
      vertex 13.5 -1.25 19.8
    endloop
  endfacet
  facet normal 0 0 1
    outer loop
      vertex 13.3368 -1.23931 19.8
      vertex 13.3368 -4.76069 19.8
      vertex 13.5 -4.75 19.8
    endloop
  endfacet
  facet normal 0 0 1
    outer loop
      vertex 13.1765 -1.20741 19.8
      vertex 13.3368 -4.76069 19.8
      vertex 13.3368 -1.23931 19.8
    endloop
  endfacet
  facet normal 0 0 1
    outer loop
      vertex 13.1765 -1.20741 19.8
      vertex 13.1765 -4.79259 19.8
      vertex 13.3368 -4.76069 19.8
    endloop
  endfacet
  facet normal 0 0 1
    outer loop
      vertex 13.0216 -1.15485 19.8
      vertex 13.1765 -4.79259 19.8
      vertex 13.1765 -1.20741 19.8
    endloop
  endfacet
  facet normal 0 0 1
    outer loop
      vertex 13.0216 -1.15485 19.8
      vertex 13.0216 -4.84515 19.8
      vertex 13.1765 -4.79259 19.8
    endloop
  endfacet
  facet normal 0 0 1
    outer loop
      vertex 12.875 -1.08253 19.8
      vertex 13.0216 -4.84515 19.8
      vertex 13.0216 -1.15485 19.8
    endloop
  endfacet
  facet normal 0 0 1
    outer loop
      vertex 12.875 -1.08253 19.8
      vertex 12.875 -4.91747 19.8
      vertex 13.0216 -4.84515 19.8
    endloop
  endfacet
  facet normal 0 0 1
    outer loop
      vertex 12.739 -0.991692 19.8
      vertex 12.875 -4.91747 19.8
      vertex 12.875 -1.08253 19.8
    endloop
  endfacet
  facet normal 0 0 1
    outer loop
      vertex 12.739 -0.991692 19.8
      vertex 12.739 -5.00831 19.8
      vertex 12.875 -4.91747 19.8
    endloop
  endfacet
  facet normal 0 0 1
    outer loop
      vertex 12.6161 -0.883883 19.8
      vertex 12.739 -5.00831 19.8
      vertex 12.739 -0.991692 19.8
    endloop
  endfacet
  facet normal 0 0 1
    outer loop
      vertex 12.6161 -0.883883 19.8
      vertex 12.6161 -5.11612 19.8
      vertex 12.739 -5.00831 19.8
    endloop
  endfacet
  facet normal 0 0 1
    outer loop
      vertex 10.1548 -0.478354 19.8
      vertex 12.3451 -0.478354 19.8
      vertex 10.2074 -0.323524 19.8
    endloop
  endfacet
  facet normal 0 0 1
    outer loop
      vertex 12.3451 -0.478354 19.8
      vertex 10.1548 -0.478354 19.8
      vertex 12.4175 -0.625 19.8
    endloop
  endfacet
  facet normal 0 0 1
    outer loop
      vertex 12.2926 -0.323524 19.8
      vertex 10.2074 -0.323524 19.8
      vertex 12.3451 -0.478354 19.8
    endloop
  endfacet
  facet normal 0 0 1
    outer loop
      vertex 10.0825 -0.625 19.8
      vertex 12.4175 -0.625 19.8
      vertex 10.1548 -0.478354 19.8
    endloop
  endfacet
  facet normal 0 0 1
    outer loop
      vertex 10.2074 -0.323524 19.8
      vertex 12.2926 -0.323524 19.8
      vertex 10.2393 -0.163157 19.8
    endloop
  endfacet
  facet normal 0 0 1
    outer loop
      vertex 12.6161 -5.11612 19.8
      vertex 10.25 -6 19.8
      vertex 12.5083 -5.23905 19.8
    endloop
  endfacet
  facet normal 0 0 1
    outer loop
      vertex 12.2607 -0.163157 19.8
      vertex 10.2393 -0.163157 19.8
      vertex 12.2926 -0.323524 19.8
    endloop
  endfacet
  facet normal 0 0 1
    outer loop
      vertex 12.5083 -5.23905 19.8
      vertex 10.25 -6 19.8
      vertex 12.4175 -5.375 19.8
    endloop
  endfacet
  facet normal 0 0 1
    outer loop
      vertex 10.2393 -0.163157 19.8
      vertex 12.2607 -0.163157 19.8
      vertex 10.25 0 19.8
    endloop
  endfacet
  facet normal 0 0 1
    outer loop
      vertex 12.4175 -5.375 19.8
      vertex 10.25 -6 19.8
      vertex 12.3451 -5.52165 19.8
    endloop
  endfacet
  facet normal -0 0 1
    outer loop
      vertex 10.25 0 19.8
      vertex 12.2607 -0.163157 19.8
      vertex 12.25 0 19.8
    endloop
  endfacet
  facet normal 0 0 1
    outer loop
      vertex 12.3451 -5.52165 19.8
      vertex 10.25 -6 19.8
      vertex 12.2926 -5.67648 19.8
    endloop
  endfacet
  facet normal 0 0 1
    outer loop
      vertex 16.9175 5.375 19.8
      vertex 14.5825 5.375 19.8
      vertex 17.0083 5.23905 19.8
    endloop
  endfacet
  facet normal 0 0 1
    outer loop
      vertex 17.1161 0.883883 19.8
      vertex 14.7393 0.163157 19.8
      vertex 14.75 0 19.8
    endloop
  endfacet
  facet normal 0 0 1
    outer loop
      vertex 14.4917 5.23905 19.8
      vertex 17.0083 5.23905 19.8
      vertex 14.5825 5.375 19.8
    endloop
  endfacet
  facet normal 0 0 1
    outer loop
      vertex 17.1161 0.883883 19.8
      vertex 14.7074 0.323524 19.8
      vertex 14.7393 0.163157 19.8
    endloop
  endfacet
  facet normal 0 0 1
    outer loop
      vertex 17.0083 5.23905 19.8
      vertex 14.4917 5.23905 19.8
      vertex 17.1161 5.11612 19.8
    endloop
  endfacet
  facet normal 0 0 1
    outer loop
      vertex 17.1161 0.883883 19.8
      vertex 14.6548 0.478354 19.8
      vertex 14.7074 0.323524 19.8
    endloop
  endfacet
  facet normal 0 0 1
    outer loop
      vertex 14.3839 5.11612 19.8
      vertex 17.1161 5.11612 19.8
      vertex 14.4917 5.23905 19.8
    endloop
  endfacet
  facet normal 0 0 1
    outer loop
      vertex 17.1161 0.883883 19.8
      vertex 14.5825 0.625 19.8
      vertex 14.6548 0.478354 19.8
    endloop
  endfacet
  facet normal 0 0 1
    outer loop
      vertex 14.261 5.00831 19.8
      vertex 17.1161 5.11612 19.8
      vertex 14.3839 5.11612 19.8
    endloop
  endfacet
  facet normal 0 0 1
    outer loop
      vertex 17.1161 0.883883 19.8
      vertex 14.4917 0.760951 19.8
      vertex 14.5825 0.625 19.8
    endloop
  endfacet
  facet normal 0 0 1
    outer loop
      vertex 17.1161 5.11612 19.8
      vertex 14.261 5.00831 19.8
      vertex 17.1161 0.883883 19.8
    endloop
  endfacet
  facet normal 0 0 1
    outer loop
      vertex 17.1161 0.883883 19.8
      vertex 14.3839 0.883883 19.8
      vertex 14.4917 0.760951 19.8
    endloop
  endfacet
  facet normal -0 0 1
    outer loop
      vertex 14.261 0.991692 19.8
      vertex 17.1161 0.883883 19.8
      vertex 14.261 5.00831 19.8
    endloop
  endfacet
  facet normal 0 0 1
    outer loop
      vertex 17.1161 0.883883 19.8
      vertex 14.261 0.991692 19.8
      vertex 14.3839 0.883883 19.8
    endloop
  endfacet
  facet normal -0 0 1
    outer loop
      vertex 14.125 4.91747 19.8
      vertex 14.261 0.991692 19.8
      vertex 14.261 5.00831 19.8
    endloop
  endfacet
  facet normal 0 0 1
    outer loop
      vertex 14.125 4.91747 19.8
      vertex 14.125 1.08253 19.8
      vertex 14.261 0.991692 19.8
    endloop
  endfacet
  facet normal -0 0 1
    outer loop
      vertex 13.9784 4.84515 19.8
      vertex 14.125 1.08253 19.8
      vertex 14.125 4.91747 19.8
    endloop
  endfacet
  facet normal 0 0 1
    outer loop
      vertex 13.9784 4.84515 19.8
      vertex 13.9784 1.15485 19.8
      vertex 14.125 1.08253 19.8
    endloop
  endfacet
  facet normal -0 0 1
    outer loop
      vertex 13.8235 4.79259 19.8
      vertex 13.9784 1.15485 19.8
      vertex 13.9784 4.84515 19.8
    endloop
  endfacet
  facet normal 0 0 1
    outer loop
      vertex 13.8235 4.79259 19.8
      vertex 13.8235 1.20741 19.8
      vertex 13.9784 1.15485 19.8
    endloop
  endfacet
  facet normal -0 0 1
    outer loop
      vertex 13.6632 4.76069 19.8
      vertex 13.8235 1.20741 19.8
      vertex 13.8235 4.79259 19.8
    endloop
  endfacet
  facet normal 0 0 1
    outer loop
      vertex 13.6632 4.76069 19.8
      vertex 13.6632 1.23931 19.8
      vertex 13.8235 1.20741 19.8
    endloop
  endfacet
  facet normal -0 0 1
    outer loop
      vertex 13.5 4.75 19.8
      vertex 13.6632 1.23931 19.8
      vertex 13.6632 4.76069 19.8
    endloop
  endfacet
  facet normal 0 0 1
    outer loop
      vertex 13.5 4.75 19.8
      vertex 13.5 1.25 19.8
      vertex 13.6632 1.23931 19.8
    endloop
  endfacet
  facet normal 0 0 1
    outer loop
      vertex 13.3368 4.76069 19.8
      vertex 13.5 1.25 19.8
      vertex 13.5 4.75 19.8
    endloop
  endfacet
  facet normal 0 0 1
    outer loop
      vertex 13.3368 4.76069 19.8
      vertex 13.3368 1.23931 19.8
      vertex 13.5 1.25 19.8
    endloop
  endfacet
  facet normal 0 0 1
    outer loop
      vertex 13.1765 4.79259 19.8
      vertex 13.3368 1.23931 19.8
      vertex 13.3368 4.76069 19.8
    endloop
  endfacet
  facet normal 0 0 1
    outer loop
      vertex 13.1765 4.79259 19.8
      vertex 13.1765 1.20741 19.8
      vertex 13.3368 1.23931 19.8
    endloop
  endfacet
  facet normal 0 0 1
    outer loop
      vertex 13.0216 4.84515 19.8
      vertex 13.1765 1.20741 19.8
      vertex 13.1765 4.79259 19.8
    endloop
  endfacet
  facet normal 0 0 1
    outer loop
      vertex 13.0216 4.84515 19.8
      vertex 13.0216 1.15485 19.8
      vertex 13.1765 1.20741 19.8
    endloop
  endfacet
  facet normal 0 0 1
    outer loop
      vertex 12.875 4.91747 19.8
      vertex 13.0216 1.15485 19.8
      vertex 13.0216 4.84515 19.8
    endloop
  endfacet
  facet normal 0 0 1
    outer loop
      vertex 12.875 4.91747 19.8
      vertex 12.875 1.08253 19.8
      vertex 13.0216 1.15485 19.8
    endloop
  endfacet
  facet normal 0 0 1
    outer loop
      vertex 12.739 5.00831 19.8
      vertex 12.875 1.08253 19.8
      vertex 12.875 4.91747 19.8
    endloop
  endfacet
  facet normal 0 0 1
    outer loop
      vertex 12.739 5.00831 19.8
      vertex 12.739 0.991692 19.8
      vertex 12.875 1.08253 19.8
    endloop
  endfacet
  facet normal 0 0 1
    outer loop
      vertex 12.6161 5.11612 19.8
      vertex 12.739 0.991692 19.8
      vertex 12.739 5.00831 19.8
    endloop
  endfacet
  facet normal 0 0 1
    outer loop
      vertex 12.6161 5.11612 19.8
      vertex 12.6161 0.883883 19.8
      vertex 12.739 0.991692 19.8
    endloop
  endfacet
  facet normal 0 0 1
    outer loop
      vertex 10.1548 5.52165 19.8
      vertex 12.3451 5.52165 19.8
      vertex 10.2074 5.67648 19.8
    endloop
  endfacet
  facet normal 0 0 1
    outer loop
      vertex 12.3451 5.52165 19.8
      vertex 10.1548 5.52165 19.8
      vertex 12.4175 5.375 19.8
    endloop
  endfacet
  facet normal 0 0 1
    outer loop
      vertex 12.2926 5.67648 19.8
      vertex 10.2074 5.67648 19.8
      vertex 12.3451 5.52165 19.8
    endloop
  endfacet
  facet normal 0 0 1
    outer loop
      vertex 10.0825 5.375 19.8
      vertex 12.4175 5.375 19.8
      vertex 10.1548 5.52165 19.8
    endloop
  endfacet
  facet normal 0 0 1
    outer loop
      vertex 10.2074 5.67648 19.8
      vertex 12.2926 5.67648 19.8
      vertex 10.2393 5.83684 19.8
    endloop
  endfacet
  facet normal 0 0 1
    outer loop
      vertex 12.6161 0.883883 19.8
      vertex 10.25 0 19.8
      vertex 12.5083 0.760951 19.8
    endloop
  endfacet
  facet normal 0 0 1
    outer loop
      vertex 12.2607 5.83684 19.8
      vertex 10.2393 5.83684 19.8
      vertex 12.2926 5.67648 19.8
    endloop
  endfacet
  facet normal 0 0 1
    outer loop
      vertex 12.5083 0.760951 19.8
      vertex 10.25 0 19.8
      vertex 12.4175 0.625 19.8
    endloop
  endfacet
  facet normal 0 0 1
    outer loop
      vertex 10.2393 5.83684 19.8
      vertex 12.2607 5.83684 19.8
      vertex 10.25 6 19.8
    endloop
  endfacet
  facet normal 0 0 1
    outer loop
      vertex 12.4175 0.625 19.8
      vertex 10.25 0 19.8
      vertex 12.3451 0.478354 19.8
    endloop
  endfacet
  facet normal -0 0 1
    outer loop
      vertex 10.25 6 19.8
      vertex 12.2607 5.83684 19.8
      vertex 12.25 6 19.8
    endloop
  endfacet
  facet normal 0 0 1
    outer loop
      vertex 12.3451 0.478354 19.8
      vertex 10.25 0 19.8
      vertex 12.2926 0.323524 19.8
    endloop
  endfacet
  facet normal -0 0 1
    outer loop
      vertex 19.2074 -0.323524 19.8
      vertex 22.5 -7.8 19.8
      vertex 19.2393 -0.163157 19.8
    endloop
  endfacet
  facet normal 0 0 1
    outer loop
      vertex 22.5 -7.8 19.8
      vertex 19.2393 -5.83684 19.8
      vertex 19.25 -6 19.8
    endloop
  endfacet
  facet normal -0 0 1
    outer loop
      vertex 19.1549 -0.478354 19.8
      vertex 22.5 -7.8 19.8
      vertex 19.2074 -0.323524 19.8
    endloop
  endfacet
  facet normal 0 0 1
    outer loop
      vertex 22.5 -7.8 19.8
      vertex 19.2074 -5.67648 19.8
      vertex 19.2393 -5.83684 19.8
    endloop
  endfacet
  facet normal -0 0 1
    outer loop
      vertex 19.0825 -0.625 19.8
      vertex 22.5 -7.8 19.8
      vertex 19.1549 -0.478354 19.8
    endloop
  endfacet
  facet normal 0 0 1
    outer loop
      vertex 22.5 -7.8 19.8
      vertex 19.1549 -5.52165 19.8
      vertex 19.2074 -5.67648 19.8
    endloop
  endfacet
  facet normal -0 0 1
    outer loop
      vertex 19.0825 -5.375 19.8
      vertex 22.5 -7.8 19.8
      vertex 19.0825 -0.625 19.8
    endloop
  endfacet
  facet normal 0 0 1
    outer loop
      vertex 22.5 -7.8 19.8
      vertex 19.0825 -5.375 19.8
      vertex 19.1549 -5.52165 19.8
    endloop
  endfacet
  facet normal -0 0 1
    outer loop
      vertex 18.9917 -0.760951 19.8
      vertex 19.0825 -5.375 19.8
      vertex 19.0825 -0.625 19.8
    endloop
  endfacet
  facet normal 0 0 1
    outer loop
      vertex 18.9917 -0.760951 19.8
      vertex 18.9917 -5.23905 19.8
      vertex 19.0825 -5.375 19.8
    endloop
  endfacet
  facet normal -0 0 1
    outer loop
      vertex 18.8839 -0.883883 19.8
      vertex 18.9917 -5.23905 19.8
      vertex 18.9917 -0.760951 19.8
    endloop
  endfacet
  facet normal 0 0 1
    outer loop
      vertex 18.8839 -0.883883 19.8
      vertex 18.8839 -5.11612 19.8
      vertex 18.9917 -5.23905 19.8
    endloop
  endfacet
  facet normal -0 0 1
    outer loop
      vertex 18.761 -0.991692 19.8
      vertex 18.8839 -5.11612 19.8
      vertex 18.8839 -0.883883 19.8
    endloop
  endfacet
  facet normal 0 0 1
    outer loop
      vertex 18.761 -0.991692 19.8
      vertex 18.761 -5.00831 19.8
      vertex 18.8839 -5.11612 19.8
    endloop
  endfacet
  facet normal -0 0 1
    outer loop
      vertex 18.625 -1.08253 19.8
      vertex 18.761 -5.00831 19.8
      vertex 18.761 -0.991692 19.8
    endloop
  endfacet
  facet normal 0 0 1
    outer loop
      vertex 18.625 -1.08253 19.8
      vertex 18.625 -4.91747 19.8
      vertex 18.761 -5.00831 19.8
    endloop
  endfacet
  facet normal -0 0 1
    outer loop
      vertex 18.4784 -1.15485 19.8
      vertex 18.625 -4.91747 19.8
      vertex 18.625 -1.08253 19.8
    endloop
  endfacet
  facet normal 0 0 1
    outer loop
      vertex 18.4784 -1.15485 19.8
      vertex 18.4784 -4.84515 19.8
      vertex 18.625 -4.91747 19.8
    endloop
  endfacet
  facet normal -0 0 1
    outer loop
      vertex 18.3235 -1.20741 19.8
      vertex 18.4784 -4.84515 19.8
      vertex 18.4784 -1.15485 19.8
    endloop
  endfacet
  facet normal 0 0 1
    outer loop
      vertex 18.3235 -1.20741 19.8
      vertex 18.3235 -4.79259 19.8
      vertex 18.4784 -4.84515 19.8
    endloop
  endfacet
  facet normal -0 0 1
    outer loop
      vertex 18.1632 -1.23931 19.8
      vertex 18.3235 -4.79259 19.8
      vertex 18.3235 -1.20741 19.8
    endloop
  endfacet
  facet normal 0 0 1
    outer loop
      vertex 18.1632 -1.23931 19.8
      vertex 18.1632 -4.76069 19.8
      vertex 18.3235 -4.79259 19.8
    endloop
  endfacet
  facet normal -0 0 1
    outer loop
      vertex 18 -1.25 19.8
      vertex 18.1632 -4.76069 19.8
      vertex 18.1632 -1.23931 19.8
    endloop
  endfacet
  facet normal 0 0 1
    outer loop
      vertex 18 -1.25 19.8
      vertex 18 -4.75 19.8
      vertex 18.1632 -4.76069 19.8
    endloop
  endfacet
  facet normal 0 0 1
    outer loop
      vertex 17.8368 -1.23931 19.8
      vertex 18 -4.75 19.8
      vertex 18 -1.25 19.8
    endloop
  endfacet
  facet normal 0 0 1
    outer loop
      vertex 17.8368 -1.23931 19.8
      vertex 17.8368 -4.76069 19.8
      vertex 18 -4.75 19.8
    endloop
  endfacet
  facet normal 0 0 1
    outer loop
      vertex 17.6765 -1.20741 19.8
      vertex 17.8368 -4.76069 19.8
      vertex 17.8368 -1.23931 19.8
    endloop
  endfacet
  facet normal 0 0 1
    outer loop
      vertex 17.6765 -1.20741 19.8
      vertex 17.6765 -4.79259 19.8
      vertex 17.8368 -4.76069 19.8
    endloop
  endfacet
  facet normal 0 0 1
    outer loop
      vertex 17.5216 -1.15485 19.8
      vertex 17.6765 -4.79259 19.8
      vertex 17.6765 -1.20741 19.8
    endloop
  endfacet
  facet normal 0 0 1
    outer loop
      vertex 17.5216 -1.15485 19.8
      vertex 17.5216 -4.84515 19.8
      vertex 17.6765 -4.79259 19.8
    endloop
  endfacet
  facet normal 0 0 1
    outer loop
      vertex 17.375 -1.08253 19.8
      vertex 17.5216 -4.84515 19.8
      vertex 17.5216 -1.15485 19.8
    endloop
  endfacet
  facet normal 0 0 1
    outer loop
      vertex 17.375 -1.08253 19.8
      vertex 17.375 -4.91747 19.8
      vertex 17.5216 -4.84515 19.8
    endloop
  endfacet
  facet normal 0 0 1
    outer loop
      vertex 17.239 -0.991692 19.8
      vertex 17.375 -4.91747 19.8
      vertex 17.375 -1.08253 19.8
    endloop
  endfacet
  facet normal 0 0 1
    outer loop
      vertex 17.239 -0.991692 19.8
      vertex 17.239 -5.00831 19.8
      vertex 17.375 -4.91747 19.8
    endloop
  endfacet
  facet normal 0 0 1
    outer loop
      vertex 17.1161 -0.883883 19.8
      vertex 17.239 -5.00831 19.8
      vertex 17.239 -0.991692 19.8
    endloop
  endfacet
  facet normal 0 0 1
    outer loop
      vertex 17.1161 -0.883883 19.8
      vertex 17.1161 -5.11612 19.8
      vertex 17.239 -5.00831 19.8
    endloop
  endfacet
  facet normal 0 0 1
    outer loop
      vertex 14.6548 -0.478354 19.8
      vertex 16.8451 -0.478354 19.8
      vertex 14.7074 -0.323524 19.8
    endloop
  endfacet
  facet normal 0 0 1
    outer loop
      vertex 16.8451 -0.478354 19.8
      vertex 14.6548 -0.478354 19.8
      vertex 16.9175 -0.625 19.8
    endloop
  endfacet
  facet normal 0 0 1
    outer loop
      vertex 16.7926 -0.323524 19.8
      vertex 14.7074 -0.323524 19.8
      vertex 16.8451 -0.478354 19.8
    endloop
  endfacet
  facet normal 0 0 1
    outer loop
      vertex 14.5825 -0.625 19.8
      vertex 16.9175 -0.625 19.8
      vertex 14.6548 -0.478354 19.8
    endloop
  endfacet
  facet normal 0 0 1
    outer loop
      vertex 14.7074 -0.323524 19.8
      vertex 16.7926 -0.323524 19.8
      vertex 14.7393 -0.163157 19.8
    endloop
  endfacet
  facet normal 0 0 1
    outer loop
      vertex 17.1161 -5.11612 19.8
      vertex 14.75 -6 19.8
      vertex 17.0083 -5.23905 19.8
    endloop
  endfacet
  facet normal 0 0 1
    outer loop
      vertex 16.7607 -0.163157 19.8
      vertex 14.7393 -0.163157 19.8
      vertex 16.7926 -0.323524 19.8
    endloop
  endfacet
  facet normal 0 0 1
    outer loop
      vertex 17.0083 -5.23905 19.8
      vertex 14.75 -6 19.8
      vertex 16.9175 -5.375 19.8
    endloop
  endfacet
  facet normal 0 0 1
    outer loop
      vertex 14.7393 -0.163157 19.8
      vertex 16.7607 -0.163157 19.8
      vertex 14.75 0 19.8
    endloop
  endfacet
  facet normal 0 0 1
    outer loop
      vertex 16.9175 -5.375 19.8
      vertex 14.75 -6 19.8
      vertex 16.8451 -5.52165 19.8
    endloop
  endfacet
  facet normal -0 0 1
    outer loop
      vertex 14.75 0 19.8
      vertex 16.7607 -0.163157 19.8
      vertex 16.75 0 19.8
    endloop
  endfacet
  facet normal 0 0 1
    outer loop
      vertex 16.8451 -5.52165 19.8
      vertex 14.75 -6 19.8
      vertex 16.7926 -5.67648 19.8
    endloop
  endfacet
  facet normal 0 0 1
    outer loop
      vertex 19.2074 5.67648 19.8
      vertex 22.5 7.8 19.8
      vertex 19.2393 5.83684 19.8
    endloop
  endfacet
  facet normal 0 0 1
    outer loop
      vertex 22.5 7.8 19.8
      vertex 19.2393 0.163157 19.8
      vertex 19.25 0 19.8
    endloop
  endfacet
  facet normal 0 0 1
    outer loop
      vertex 19.1549 5.52165 19.8
      vertex 22.5 7.8 19.8
      vertex 19.2074 5.67648 19.8
    endloop
  endfacet
  facet normal 0 0 1
    outer loop
      vertex 22.5 7.8 19.8
      vertex 19.2074 0.323524 19.8
      vertex 19.2393 0.163157 19.8
    endloop
  endfacet
  facet normal 0 0 1
    outer loop
      vertex 19.0825 5.375 19.8
      vertex 22.5 7.8 19.8
      vertex 19.1549 5.52165 19.8
    endloop
  endfacet
  facet normal 0 0 1
    outer loop
      vertex 22.5 7.8 19.8
      vertex 19.1549 0.478354 19.8
      vertex 19.2074 0.323524 19.8
    endloop
  endfacet
  facet normal 0 0 1
    outer loop
      vertex 19.0825 0.625 19.8
      vertex 22.5 7.8 19.8
      vertex 19.0825 5.375 19.8
    endloop
  endfacet
  facet normal 0 0 1
    outer loop
      vertex 22.5 7.8 19.8
      vertex 19.0825 0.625 19.8
      vertex 19.1549 0.478354 19.8
    endloop
  endfacet
  facet normal -0 0 1
    outer loop
      vertex 18.9917 5.23905 19.8
      vertex 19.0825 0.625 19.8
      vertex 19.0825 5.375 19.8
    endloop
  endfacet
  facet normal 0 0 1
    outer loop
      vertex 18.9917 5.23905 19.8
      vertex 18.9917 0.760951 19.8
      vertex 19.0825 0.625 19.8
    endloop
  endfacet
  facet normal -0 0 1
    outer loop
      vertex 18.8839 5.11612 19.8
      vertex 18.9917 0.760951 19.8
      vertex 18.9917 5.23905 19.8
    endloop
  endfacet
  facet normal 0 0 1
    outer loop
      vertex 18.8839 5.11612 19.8
      vertex 18.8839 0.883883 19.8
      vertex 18.9917 0.760951 19.8
    endloop
  endfacet
  facet normal -0 0 1
    outer loop
      vertex 18.761 5.00831 19.8
      vertex 18.8839 0.883883 19.8
      vertex 18.8839 5.11612 19.8
    endloop
  endfacet
  facet normal 0 0 1
    outer loop
      vertex 18.761 5.00831 19.8
      vertex 18.761 0.991692 19.8
      vertex 18.8839 0.883883 19.8
    endloop
  endfacet
  facet normal -0 0 1
    outer loop
      vertex 18.625 4.91747 19.8
      vertex 18.761 0.991692 19.8
      vertex 18.761 5.00831 19.8
    endloop
  endfacet
  facet normal 0 0 1
    outer loop
      vertex 18.625 4.91747 19.8
      vertex 18.625 1.08253 19.8
      vertex 18.761 0.991692 19.8
    endloop
  endfacet
  facet normal -0 0 1
    outer loop
      vertex 18.4784 4.84515 19.8
      vertex 18.625 1.08253 19.8
      vertex 18.625 4.91747 19.8
    endloop
  endfacet
  facet normal 0 0 1
    outer loop
      vertex 18.4784 4.84515 19.8
      vertex 18.4784 1.15485 19.8
      vertex 18.625 1.08253 19.8
    endloop
  endfacet
  facet normal -0 0 1
    outer loop
      vertex 18.3235 4.79259 19.8
      vertex 18.4784 1.15485 19.8
      vertex 18.4784 4.84515 19.8
    endloop
  endfacet
  facet normal 0 0 1
    outer loop
      vertex 18.3235 4.79259 19.8
      vertex 18.3235 1.20741 19.8
      vertex 18.4784 1.15485 19.8
    endloop
  endfacet
  facet normal -0 0 1
    outer loop
      vertex 18.1632 4.76069 19.8
      vertex 18.3235 1.20741 19.8
      vertex 18.3235 4.79259 19.8
    endloop
  endfacet
  facet normal 0 0 1
    outer loop
      vertex 18.1632 4.76069 19.8
      vertex 18.1632 1.23931 19.8
      vertex 18.3235 1.20741 19.8
    endloop
  endfacet
  facet normal -0 0 1
    outer loop
      vertex 18 4.75 19.8
      vertex 18.1632 1.23931 19.8
      vertex 18.1632 4.76069 19.8
    endloop
  endfacet
  facet normal 0 0 1
    outer loop
      vertex 18 4.75 19.8
      vertex 18 1.25 19.8
      vertex 18.1632 1.23931 19.8
    endloop
  endfacet
  facet normal 0 0 1
    outer loop
      vertex 17.8368 4.76069 19.8
      vertex 18 1.25 19.8
      vertex 18 4.75 19.8
    endloop
  endfacet
  facet normal 0 0 1
    outer loop
      vertex 17.8368 4.76069 19.8
      vertex 17.8368 1.23931 19.8
      vertex 18 1.25 19.8
    endloop
  endfacet
  facet normal 0 0 1
    outer loop
      vertex 17.6765 4.79259 19.8
      vertex 17.8368 1.23931 19.8
      vertex 17.8368 4.76069 19.8
    endloop
  endfacet
  facet normal 0 0 1
    outer loop
      vertex 17.6765 4.79259 19.8
      vertex 17.6765 1.20741 19.8
      vertex 17.8368 1.23931 19.8
    endloop
  endfacet
  facet normal 0 0 1
    outer loop
      vertex 17.5216 4.84515 19.8
      vertex 17.6765 1.20741 19.8
      vertex 17.6765 4.79259 19.8
    endloop
  endfacet
  facet normal 0 0 1
    outer loop
      vertex 17.5216 4.84515 19.8
      vertex 17.5216 1.15485 19.8
      vertex 17.6765 1.20741 19.8
    endloop
  endfacet
  facet normal 0 0 1
    outer loop
      vertex 17.375 4.91747 19.8
      vertex 17.5216 1.15485 19.8
      vertex 17.5216 4.84515 19.8
    endloop
  endfacet
  facet normal 0 0 1
    outer loop
      vertex 17.375 4.91747 19.8
      vertex 17.375 1.08253 19.8
      vertex 17.5216 1.15485 19.8
    endloop
  endfacet
  facet normal 0 0 1
    outer loop
      vertex 17.239 5.00831 19.8
      vertex 17.375 1.08253 19.8
      vertex 17.375 4.91747 19.8
    endloop
  endfacet
  facet normal 0 0 1
    outer loop
      vertex 17.239 5.00831 19.8
      vertex 17.239 0.991692 19.8
      vertex 17.375 1.08253 19.8
    endloop
  endfacet
  facet normal 0 0 1
    outer loop
      vertex 17.1161 5.11612 19.8
      vertex 17.239 0.991692 19.8
      vertex 17.239 5.00831 19.8
    endloop
  endfacet
  facet normal 0 0 1
    outer loop
      vertex 17.1161 5.11612 19.8
      vertex 17.1161 0.883883 19.8
      vertex 17.239 0.991692 19.8
    endloop
  endfacet
  facet normal 0 0 1
    outer loop
      vertex 14.6548 5.52165 19.8
      vertex 16.8451 5.52165 19.8
      vertex 14.7074 5.67648 19.8
    endloop
  endfacet
  facet normal 0 0 1
    outer loop
      vertex 16.8451 5.52165 19.8
      vertex 14.6548 5.52165 19.8
      vertex 16.9175 5.375 19.8
    endloop
  endfacet
  facet normal 0 0 1
    outer loop
      vertex 16.7926 5.67648 19.8
      vertex 14.7074 5.67648 19.8
      vertex 16.8451 5.52165 19.8
    endloop
  endfacet
  facet normal 0 0 1
    outer loop
      vertex 14.5825 5.375 19.8
      vertex 16.9175 5.375 19.8
      vertex 14.6548 5.52165 19.8
    endloop
  endfacet
  facet normal 0 0 1
    outer loop
      vertex 14.7074 5.67648 19.8
      vertex 16.7926 5.67648 19.8
      vertex 14.7393 5.83684 19.8
    endloop
  endfacet
  facet normal 0 0 1
    outer loop
      vertex 17.1161 0.883883 19.8
      vertex 14.75 0 19.8
      vertex 17.0083 0.760951 19.8
    endloop
  endfacet
  facet normal 0 0 1
    outer loop
      vertex 16.7607 5.83684 19.8
      vertex 14.7393 5.83684 19.8
      vertex 16.7926 5.67648 19.8
    endloop
  endfacet
  facet normal 0 0 1
    outer loop
      vertex 17.0083 0.760951 19.8
      vertex 14.75 0 19.8
      vertex 16.9175 0.625 19.8
    endloop
  endfacet
  facet normal 0 0 1
    outer loop
      vertex 14.7393 5.83684 19.8
      vertex 16.7607 5.83684 19.8
      vertex 14.75 6 19.8
    endloop
  endfacet
  facet normal 0 0 1
    outer loop
      vertex 16.9175 0.625 19.8
      vertex 14.75 0 19.8
      vertex 16.8451 0.478354 19.8
    endloop
  endfacet
  facet normal -0 0 1
    outer loop
      vertex 14.75 6 19.8
      vertex 16.7607 5.83684 19.8
      vertex 16.75 6 19.8
    endloop
  endfacet
  facet normal 0 0 1
    outer loop
      vertex 16.8451 0.478354 19.8
      vertex 14.75 0 19.8
      vertex 16.7926 0.323524 19.8
    endloop
  endfacet
  facet normal 0 0 1
    outer loop
      vertex 23.3 8.6 19.8
      vertex 23.25 8.23301 19.8
      vertex 23.3 8.1996 19.8
    endloop
  endfacet
  facet normal 0 0 1
    outer loop
      vertex 23.3 8.6 19.8
      vertex 23.1913 8.26194 19.8
      vertex 23.25 8.23301 19.8
    endloop
  endfacet
  facet normal 0 0 1
    outer loop
      vertex 23.3 8.6 19.8
      vertex 23.1294 8.28296 19.8
      vertex 23.1913 8.26194 19.8
    endloop
  endfacet
  facet normal 0 0 1
    outer loop
      vertex 23.3 8.6 19.8
      vertex 23.0653 8.29572 19.8
      vertex 23.1294 8.28296 19.8
    endloop
  endfacet
  facet normal 0 0 1
    outer loop
      vertex 23.3 8.6 19.8
      vertex 23 8.3 19.8
      vertex 23.0653 8.29572 19.8
    endloop
  endfacet
  facet normal 0 0 1
    outer loop
      vertex 23.3 8.6 19.8
      vertex 22.9347 8.29572 19.8
      vertex 23 8.3 19.8
    endloop
  endfacet
  facet normal 0 0 1
    outer loop
      vertex 23.3 8.6 19.8
      vertex 22.8706 8.28296 19.8
      vertex 22.9347 8.29572 19.8
    endloop
  endfacet
  facet normal 0 0 1
    outer loop
      vertex 23.3 8.6 19.8
      vertex 22.8087 8.26194 19.8
      vertex 22.8706 8.28296 19.8
    endloop
  endfacet
  facet normal 0 0 1
    outer loop
      vertex 23.3 8.6 19.8
      vertex 22.75 8.23301 19.8
      vertex 22.8087 8.26194 19.8
    endloop
  endfacet
  facet normal 0 0 1
    outer loop
      vertex 19.2393 5.83684 19.8
      vertex 22.5 7.8 19.8
      vertex 19.25 6 19.8
    endloop
  endfacet
  facet normal 0 0 1
    outer loop
      vertex 18.9917 6.76095 19.8
      vertex 22.5 7.8 19.8
      vertex 22.5043 7.86526 19.8
    endloop
  endfacet
  facet normal 0 0 1
    outer loop
      vertex 18.8839 6.88388 19.8
      vertex 22.5043 7.86526 19.8
      vertex 22.517 7.92941 19.8
    endloop
  endfacet
  facet normal 0 0 1
    outer loop
      vertex 18.761 6.99169 19.8
      vertex 22.517 7.92941 19.8
      vertex 22.5381 7.99134 19.8
    endloop
  endfacet
  facet normal 0 0 1
    outer loop
      vertex 18.761 6.99169 19.8
      vertex 22.5381 7.99134 19.8
      vertex 22.567 8.05 19.8
    endloop
  endfacet
  facet normal 0 0 1
    outer loop
      vertex 18.625 7.08253 19.8
      vertex 22.567 8.05 19.8
      vertex 22.6033 8.10438 19.8
    endloop
  endfacet
  facet normal 0 0 1
    outer loop
      vertex 18.4784 7.15485 19.8
      vertex 22.6033 8.10438 19.8
      vertex 22.6464 8.15355 19.8
    endloop
  endfacet
  facet normal 0 0 1
    outer loop
      vertex 18.3235 7.20741 19.8
      vertex 22.6464 8.15355 19.8
      vertex 22.6956 8.19668 19.8
    endloop
  endfacet
  facet normal 0 0 1
    outer loop
      vertex 18.1632 7.23931 19.8
      vertex 22.6956 8.19668 19.8
      vertex 22.75 8.23301 19.8
    endloop
  endfacet
  facet normal 0 0 1
    outer loop
      vertex 18.1632 7.23931 19.8
      vertex 22.75 8.23301 19.8
      vertex 23.3 8.6 19.8
    endloop
  endfacet
  facet normal 0 0 1
    outer loop
      vertex 22.5 7.8 19.8
      vertex 19.2393 6.16316 19.8
      vertex 19.25 6 19.8
    endloop
  endfacet
  facet normal 0 0 1
    outer loop
      vertex 22.5 7.8 19.8
      vertex 19.2074 6.32352 19.8
      vertex 19.2393 6.16316 19.8
    endloop
  endfacet
  facet normal 0 0 1
    outer loop
      vertex 22.5 7.8 19.8
      vertex 19.1549 6.47835 19.8
      vertex 19.2074 6.32352 19.8
    endloop
  endfacet
  facet normal 0 0 1
    outer loop
      vertex 22.5 7.8 19.8
      vertex 19.0825 6.625 19.8
      vertex 19.1549 6.47835 19.8
    endloop
  endfacet
  facet normal 0 0 1
    outer loop
      vertex 22.5 7.8 19.8
      vertex 18.9917 6.76095 19.8
      vertex 19.0825 6.625 19.8
    endloop
  endfacet
  facet normal 0 0 1
    outer loop
      vertex 22.5043 7.86526 19.8
      vertex 18.8839 6.88388 19.8
      vertex 18.9917 6.76095 19.8
    endloop
  endfacet
  facet normal 0 0 1
    outer loop
      vertex 22.517 7.92941 19.8
      vertex 18.761 6.99169 19.8
      vertex 18.8839 6.88388 19.8
    endloop
  endfacet
  facet normal 0 0 1
    outer loop
      vertex 22.567 8.05 19.8
      vertex 18.625 7.08253 19.8
      vertex 18.761 6.99169 19.8
    endloop
  endfacet
  facet normal 0 0 1
    outer loop
      vertex 22.6033 8.10438 19.8
      vertex 18.4784 7.15485 19.8
      vertex 18.625 7.08253 19.8
    endloop
  endfacet
  facet normal 0 0 1
    outer loop
      vertex 22.6464 8.15355 19.8
      vertex 18.3235 7.20741 19.8
      vertex 18.4784 7.15485 19.8
    endloop
  endfacet
  facet normal 0 0 1
    outer loop
      vertex 22.6956 8.19668 19.8
      vertex 18.1632 7.23931 19.8
      vertex 18.3235 7.20741 19.8
    endloop
  endfacet
  facet normal 0 0 1
    outer loop
      vertex 23.3 8.6 19.8
      vertex 18 7.25 19.8
      vertex 18.1632 7.23931 19.8
    endloop
  endfacet
  facet normal 0 0 1
    outer loop
      vertex 23.3 8.6 19.8
      vertex 17.8368 7.23931 19.8
      vertex 18 7.25 19.8
    endloop
  endfacet
  facet normal 0 0 1
    outer loop
      vertex 13.6632 7.23931 19.8
      vertex 17.8368 7.23931 19.8
      vertex 23.3 8.6 19.8
    endloop
  endfacet
  facet normal 0 0 1
    outer loop
      vertex 16.7607 0.163157 19.8
      vertex 14.75 0 19.8
      vertex 16.75 0 19.8
    endloop
  endfacet
  facet normal 0 0 1
    outer loop
      vertex 16.7926 0.323524 19.8
      vertex 14.75 0 19.8
      vertex 16.7607 0.163157 19.8
    endloop
  endfacet
  facet normal 0 0 1
    outer loop
      vertex 16.7607 6.16316 19.8
      vertex 14.75 6 19.8
      vertex 16.75 6 19.8
    endloop
  endfacet
  facet normal 0 0 1
    outer loop
      vertex 14.7393 6.16316 19.8
      vertex 16.7607 6.16316 19.8
      vertex 16.7926 6.32352 19.8
    endloop
  endfacet
  facet normal 0 0 1
    outer loop
      vertex 14.7074 6.32352 19.8
      vertex 16.7926 6.32352 19.8
      vertex 16.8451 6.47835 19.8
    endloop
  endfacet
  facet normal 0 0 1
    outer loop
      vertex 14.6548 6.47835 19.8
      vertex 16.8451 6.47835 19.8
      vertex 16.9175 6.625 19.8
    endloop
  endfacet
  facet normal 0 0 1
    outer loop
      vertex 14.5825 6.625 19.8
      vertex 16.9175 6.625 19.8
      vertex 17.0083 6.76095 19.8
    endloop
  endfacet
  facet normal 0 0 1
    outer loop
      vertex 14.4917 6.76095 19.8
      vertex 17.0083 6.76095 19.8
      vertex 17.1161 6.88388 19.8
    endloop
  endfacet
  facet normal 0 0 1
    outer loop
      vertex 14.3839 6.88388 19.8
      vertex 17.1161 6.88388 19.8
      vertex 17.239 6.99169 19.8
    endloop
  endfacet
  facet normal 0 0 1
    outer loop
      vertex 14.261 6.99169 19.8
      vertex 17.239 6.99169 19.8
      vertex 17.375 7.08253 19.8
    endloop
  endfacet
  facet normal 0 0 1
    outer loop
      vertex 14.125 7.08253 19.8
      vertex 17.375 7.08253 19.8
      vertex 17.5216 7.15485 19.8
    endloop
  endfacet
  facet normal 0 0 1
    outer loop
      vertex 16.7607 6.16316 19.8
      vertex 14.7393 6.16316 19.8
      vertex 14.75 6 19.8
    endloop
  endfacet
  facet normal 0 0 1
    outer loop
      vertex 16.7926 6.32352 19.8
      vertex 14.7074 6.32352 19.8
      vertex 14.7393 6.16316 19.8
    endloop
  endfacet
  facet normal 0 0 1
    outer loop
      vertex 13.9784 7.15485 19.8
      vertex 17.5216 7.15485 19.8
      vertex 17.6765 7.20741 19.8
    endloop
  endfacet
  facet normal 0 0 1
    outer loop
      vertex 16.8451 6.47835 19.8
      vertex 14.6548 6.47835 19.8
      vertex 14.7074 6.32352 19.8
    endloop
  endfacet
  facet normal 0 0 1
    outer loop
      vertex 17.8368 7.23931 19.8
      vertex 13.6632 7.23931 19.8
      vertex 17.6765 7.20741 19.8
    endloop
  endfacet
  facet normal 0 0 1
    outer loop
      vertex 16.9175 6.625 19.8
      vertex 14.5825 6.625 19.8
      vertex 14.6548 6.47835 19.8
    endloop
  endfacet
  facet normal 0 0 1
    outer loop
      vertex 17.0083 6.76095 19.8
      vertex 14.4917 6.76095 19.8
      vertex 14.5825 6.625 19.8
    endloop
  endfacet
  facet normal 0 0 1
    outer loop
      vertex 17.1161 6.88388 19.8
      vertex 14.3839 6.88388 19.8
      vertex 14.4917 6.76095 19.8
    endloop
  endfacet
  facet normal 0 0 1
    outer loop
      vertex 17.239 6.99169 19.8
      vertex 14.261 6.99169 19.8
      vertex 14.3839 6.88388 19.8
    endloop
  endfacet
  facet normal 0 0 1
    outer loop
      vertex 17.375 7.08253 19.8
      vertex 14.125 7.08253 19.8
      vertex 14.261 6.99169 19.8
    endloop
  endfacet
  facet normal 0 0 1
    outer loop
      vertex 17.5216 7.15485 19.8
      vertex 13.9784 7.15485 19.8
      vertex 14.125 7.08253 19.8
    endloop
  endfacet
  facet normal 0 0 1
    outer loop
      vertex 17.6765 7.20741 19.8
      vertex 13.8235 7.20741 19.8
      vertex 13.9784 7.15485 19.8
    endloop
  endfacet
  facet normal 0 0 1
    outer loop
      vertex 17.6765 7.20741 19.8
      vertex 13.6632 7.23931 19.8
      vertex 13.8235 7.20741 19.8
    endloop
  endfacet
  facet normal 0 0 1
    outer loop
      vertex 23.3 8.6 19.8
      vertex 13.5 7.25 19.8
      vertex 13.6632 7.23931 19.8
    endloop
  endfacet
  facet normal 0 0 1
    outer loop
      vertex 9 7.25 19.8
      vertex 13.5 7.25 19.8
      vertex 23.3 8.6 19.8
    endloop
  endfacet
  facet normal 0 0 1
    outer loop
      vertex 12.2607 0.163157 19.8
      vertex 10.25 0 19.8
      vertex 12.25 0 19.8
    endloop
  endfacet
  facet normal 0 0 1
    outer loop
      vertex 12.2926 0.323524 19.8
      vertex 10.25 0 19.8
      vertex 12.2607 0.163157 19.8
    endloop
  endfacet
  facet normal 0 0 1
    outer loop
      vertex 12.2607 6.16316 19.8
      vertex 10.25 6 19.8
      vertex 12.25 6 19.8
    endloop
  endfacet
  facet normal 0 0 1
    outer loop
      vertex 10.2393 6.16316 19.8
      vertex 12.2607 6.16316 19.8
      vertex 12.2926 6.32352 19.8
    endloop
  endfacet
  facet normal 0 0 1
    outer loop
      vertex 10.2074 6.32352 19.8
      vertex 12.2926 6.32352 19.8
      vertex 12.3451 6.47835 19.8
    endloop
  endfacet
  facet normal 0 0 1
    outer loop
      vertex 10.1548 6.47835 19.8
      vertex 12.3451 6.47835 19.8
      vertex 12.4175 6.625 19.8
    endloop
  endfacet
  facet normal 0 0 1
    outer loop
      vertex 10.0825 6.625 19.8
      vertex 12.4175 6.625 19.8
      vertex 12.5083 6.76095 19.8
    endloop
  endfacet
  facet normal 0 0 1
    outer loop
      vertex 9.99169 6.76095 19.8
      vertex 12.5083 6.76095 19.8
      vertex 12.6161 6.88388 19.8
    endloop
  endfacet
  facet normal 0 0 1
    outer loop
      vertex 9.88388 6.88388 19.8
      vertex 12.6161 6.88388 19.8
      vertex 12.739 6.99169 19.8
    endloop
  endfacet
  facet normal 0 0 1
    outer loop
      vertex 9.76095 6.99169 19.8
      vertex 12.739 6.99169 19.8
      vertex 12.875 7.08253 19.8
    endloop
  endfacet
  facet normal 0 0 1
    outer loop
      vertex 9.625 7.08253 19.8
      vertex 12.875 7.08253 19.8
      vertex 13.0216 7.15485 19.8
    endloop
  endfacet
  facet normal 0 0 1
    outer loop
      vertex 12.2607 6.16316 19.8
      vertex 10.2393 6.16316 19.8
      vertex 10.25 6 19.8
    endloop
  endfacet
  facet normal 0 0 1
    outer loop
      vertex 12.2926 6.32352 19.8
      vertex 10.2074 6.32352 19.8
      vertex 10.2393 6.16316 19.8
    endloop
  endfacet
  facet normal 0 0 1
    outer loop
      vertex 9.47835 7.15485 19.8
      vertex 13.0216 7.15485 19.8
      vertex 13.1765 7.20741 19.8
    endloop
  endfacet
  facet normal 0 0 1
    outer loop
      vertex 12.3451 6.47835 19.8
      vertex 10.1548 6.47835 19.8
      vertex 10.2074 6.32352 19.8
    endloop
  endfacet
  facet normal 0 0 1
    outer loop
      vertex 12.4175 6.625 19.8
      vertex 10.0825 6.625 19.8
      vertex 10.1548 6.47835 19.8
    endloop
  endfacet
  facet normal 0 0 1
    outer loop
      vertex 9.32352 7.20741 19.8
      vertex 13.1765 7.20741 19.8
      vertex 13.3368 7.23931 19.8
    endloop
  endfacet
  facet normal 0 0 1
    outer loop
      vertex 12.5083 6.76095 19.8
      vertex 9.99169 6.76095 19.8
      vertex 10.0825 6.625 19.8
    endloop
  endfacet
  facet normal 0 0 1
    outer loop
      vertex 12.6161 6.88388 19.8
      vertex 9.88388 6.88388 19.8
      vertex 9.99169 6.76095 19.8
    endloop
  endfacet
  facet normal 0 0 1
    outer loop
      vertex 13.5 7.25 19.8
      vertex 9 7.25 19.8
      vertex 13.3368 7.23931 19.8
    endloop
  endfacet
  facet normal 0 0 1
    outer loop
      vertex 12.739 6.99169 19.8
      vertex 9.76095 6.99169 19.8
      vertex 9.88388 6.88388 19.8
    endloop
  endfacet
  facet normal 0 0 1
    outer loop
      vertex 12.875 7.08253 19.8
      vertex 9.625 7.08253 19.8
      vertex 9.76095 6.99169 19.8
    endloop
  endfacet
  facet normal 0 0 1
    outer loop
      vertex 13.0216 7.15485 19.8
      vertex 9.47835 7.15485 19.8
      vertex 9.625 7.08253 19.8
    endloop
  endfacet
  facet normal 0 0 1
    outer loop
      vertex 13.1765 7.20741 19.8
      vertex 9.32352 7.20741 19.8
      vertex 9.47835 7.15485 19.8
    endloop
  endfacet
  facet normal 0 0 1
    outer loop
      vertex 13.3368 7.23931 19.8
      vertex 9.16316 7.23931 19.8
      vertex 9.32352 7.20741 19.8
    endloop
  endfacet
  facet normal 0 0 1
    outer loop
      vertex 13.3368 7.23931 19.8
      vertex 9 7.25 19.8
      vertex 9.16316 7.23931 19.8
    endloop
  endfacet
  facet normal 0 0 1
    outer loop
      vertex 4.5 7.25 19.8
      vertex 9 7.25 19.8
      vertex 23.3 8.6 19.8
    endloop
  endfacet
  facet normal 0 0 1
    outer loop
      vertex 7.76069 0.163157 19.8
      vertex 5.75 0 19.8
      vertex 7.75 0 19.8
    endloop
  endfacet
  facet normal 0 0 1
    outer loop
      vertex 7.79259 0.323524 19.8
      vertex 5.75 0 19.8
      vertex 7.76069 0.163157 19.8
    endloop
  endfacet
  facet normal 0 0 1
    outer loop
      vertex 7.76069 6.16316 19.8
      vertex 5.75 6 19.8
      vertex 7.75 6 19.8
    endloop
  endfacet
  facet normal 0 0 1
    outer loop
      vertex 5.73931 6.16316 19.8
      vertex 7.76069 6.16316 19.8
      vertex 7.79259 6.32352 19.8
    endloop
  endfacet
  facet normal 0 0 1
    outer loop
      vertex 5.70741 6.32352 19.8
      vertex 7.79259 6.32352 19.8
      vertex 7.84515 6.47835 19.8
    endloop
  endfacet
  facet normal 0 0 1
    outer loop
      vertex 5.65485 6.47835 19.8
      vertex 7.84515 6.47835 19.8
      vertex 7.91747 6.625 19.8
    endloop
  endfacet
  facet normal 0 0 1
    outer loop
      vertex 5.58253 6.625 19.8
      vertex 7.91747 6.625 19.8
      vertex 8.00831 6.76095 19.8
    endloop
  endfacet
  facet normal 0 0 1
    outer loop
      vertex 5.49169 6.76095 19.8
      vertex 8.00831 6.76095 19.8
      vertex 8.11612 6.88388 19.8
    endloop
  endfacet
  facet normal 0 0 1
    outer loop
      vertex 5.38388 6.88388 19.8
      vertex 8.11612 6.88388 19.8
      vertex 8.23905 6.99169 19.8
    endloop
  endfacet
  facet normal 0 0 1
    outer loop
      vertex 5.26095 6.99169 19.8
      vertex 8.23905 6.99169 19.8
      vertex 8.375 7.08253 19.8
    endloop
  endfacet
  facet normal 0 0 1
    outer loop
      vertex 5.125 7.08253 19.8
      vertex 8.375 7.08253 19.8
      vertex 8.52165 7.15485 19.8
    endloop
  endfacet
  facet normal 0 0 1
    outer loop
      vertex 7.76069 6.16316 19.8
      vertex 5.73931 6.16316 19.8
      vertex 5.75 6 19.8
    endloop
  endfacet
  facet normal 0 0 1
    outer loop
      vertex 7.79259 6.32352 19.8
      vertex 5.70741 6.32352 19.8
      vertex 5.73931 6.16316 19.8
    endloop
  endfacet
  facet normal 0 0 1
    outer loop
      vertex 4.97835 7.15485 19.8
      vertex 8.52165 7.15485 19.8
      vertex 8.67648 7.20741 19.8
    endloop
  endfacet
  facet normal 0 0 1
    outer loop
      vertex 7.84515 6.47835 19.8
      vertex 5.65485 6.47835 19.8
      vertex 5.70741 6.32352 19.8
    endloop
  endfacet
  facet normal 0 0 1
    outer loop
      vertex 7.91747 6.625 19.8
      vertex 5.58253 6.625 19.8
      vertex 5.65485 6.47835 19.8
    endloop
  endfacet
  facet normal 0 0 1
    outer loop
      vertex 4.82352 7.20741 19.8
      vertex 8.67648 7.20741 19.8
      vertex 8.83684 7.23931 19.8
    endloop
  endfacet
  facet normal 0 0 1
    outer loop
      vertex 8.00831 6.76095 19.8
      vertex 5.49169 6.76095 19.8
      vertex 5.58253 6.625 19.8
    endloop
  endfacet
  facet normal 0 0 1
    outer loop
      vertex 8.11612 6.88388 19.8
      vertex 5.38388 6.88388 19.8
      vertex 5.49169 6.76095 19.8
    endloop
  endfacet
  facet normal 0 0 1
    outer loop
      vertex 8.23905 6.99169 19.8
      vertex 5.26095 6.99169 19.8
      vertex 5.38388 6.88388 19.8
    endloop
  endfacet
  facet normal 0 0 1
    outer loop
      vertex 9 7.25 19.8
      vertex 4.5 7.25 19.8
      vertex 8.83684 7.23931 19.8
    endloop
  endfacet
  facet normal 0 0 1
    outer loop
      vertex 8.375 7.08253 19.8
      vertex 5.125 7.08253 19.8
      vertex 5.26095 6.99169 19.8
    endloop
  endfacet
  facet normal 0 0 1
    outer loop
      vertex 8.52165 7.15485 19.8
      vertex 4.97835 7.15485 19.8
      vertex 5.125 7.08253 19.8
    endloop
  endfacet
  facet normal 0 0 1
    outer loop
      vertex 8.67648 7.20741 19.8
      vertex 4.82352 7.20741 19.8
      vertex 4.97835 7.15485 19.8
    endloop
  endfacet
  facet normal 0 0 1
    outer loop
      vertex 8.83684 7.23931 19.8
      vertex 4.66316 7.23931 19.8
      vertex 4.82352 7.20741 19.8
    endloop
  endfacet
  facet normal 0 0 1
    outer loop
      vertex 8.83684 7.23931 19.8
      vertex 4.5 7.25 19.8
      vertex 4.66316 7.23931 19.8
    endloop
  endfacet
  facet normal 0 0 1
    outer loop
      vertex 0 7.25 19.8
      vertex 4.5 7.25 19.8
      vertex 23.3 8.6 19.8
    endloop
  endfacet
  facet normal 0 0 1
    outer loop
      vertex 3.26069 0.163157 19.8
      vertex 1.25 0 19.8
      vertex 3.25 0 19.8
    endloop
  endfacet
  facet normal 0 0 1
    outer loop
      vertex 3.29259 0.323524 19.8
      vertex 1.25 0 19.8
      vertex 3.26069 0.163157 19.8
    endloop
  endfacet
  facet normal 0 0 1
    outer loop
      vertex 3.26069 6.16316 19.8
      vertex 1.25 6 19.8
      vertex 3.25 6 19.8
    endloop
  endfacet
  facet normal 0 0 1
    outer loop
      vertex 1.23931 6.16316 19.8
      vertex 3.26069 6.16316 19.8
      vertex 3.29259 6.32352 19.8
    endloop
  endfacet
  facet normal 0 0 1
    outer loop
      vertex 1.20741 6.32352 19.8
      vertex 3.29259 6.32352 19.8
      vertex 3.34515 6.47835 19.8
    endloop
  endfacet
  facet normal 0 0 1
    outer loop
      vertex 1.15485 6.47835 19.8
      vertex 3.34515 6.47835 19.8
      vertex 3.41747 6.625 19.8
    endloop
  endfacet
  facet normal 0 0 1
    outer loop
      vertex 1.08253 6.625 19.8
      vertex 3.41747 6.625 19.8
      vertex 3.50831 6.76095 19.8
    endloop
  endfacet
  facet normal 0 0 1
    outer loop
      vertex 0.991692 6.76095 19.8
      vertex 3.50831 6.76095 19.8
      vertex 3.61612 6.88388 19.8
    endloop
  endfacet
  facet normal 0 0 1
    outer loop
      vertex 0.883883 6.88388 19.8
      vertex 3.61612 6.88388 19.8
      vertex 3.73905 6.99169 19.8
    endloop
  endfacet
  facet normal 0 0 1
    outer loop
      vertex 0.760951 6.99169 19.8
      vertex 3.73905 6.99169 19.8
      vertex 3.875 7.08253 19.8
    endloop
  endfacet
  facet normal 0 0 1
    outer loop
      vertex 0.625 7.08253 19.8
      vertex 3.875 7.08253 19.8
      vertex 4.02165 7.15485 19.8
    endloop
  endfacet
  facet normal 0 0 1
    outer loop
      vertex 3.26069 6.16316 19.8
      vertex 1.23931 6.16316 19.8
      vertex 1.25 6 19.8
    endloop
  endfacet
  facet normal 0 0 1
    outer loop
      vertex 3.29259 6.32352 19.8
      vertex 1.20741 6.32352 19.8
      vertex 1.23931 6.16316 19.8
    endloop
  endfacet
  facet normal 0 0 1
    outer loop
      vertex 0.478354 7.15485 19.8
      vertex 4.02165 7.15485 19.8
      vertex 4.17648 7.20741 19.8
    endloop
  endfacet
  facet normal 0 0 1
    outer loop
      vertex 3.34515 6.47835 19.8
      vertex 1.15485 6.47835 19.8
      vertex 1.20741 6.32352 19.8
    endloop
  endfacet
  facet normal 0 0 1
    outer loop
      vertex 3.41747 6.625 19.8
      vertex 1.08253 6.625 19.8
      vertex 1.15485 6.47835 19.8
    endloop
  endfacet
  facet normal 0 0 1
    outer loop
      vertex 0.323524 7.20741 19.8
      vertex 4.17648 7.20741 19.8
      vertex 4.33684 7.23931 19.8
    endloop
  endfacet
  facet normal 0 0 1
    outer loop
      vertex 3.50831 6.76095 19.8
      vertex 0.991692 6.76095 19.8
      vertex 1.08253 6.625 19.8
    endloop
  endfacet
  facet normal 0 0 1
    outer loop
      vertex 3.61612 6.88388 19.8
      vertex 0.883883 6.88388 19.8
      vertex 0.991692 6.76095 19.8
    endloop
  endfacet
  facet normal 0 0 1
    outer loop
      vertex 3.73905 6.99169 19.8
      vertex 0.760951 6.99169 19.8
      vertex 0.883883 6.88388 19.8
    endloop
  endfacet
  facet normal 0 0 1
    outer loop
      vertex 4.5 7.25 19.8
      vertex 0 7.25 19.8
      vertex 4.33684 7.23931 19.8
    endloop
  endfacet
  facet normal 0 0 1
    outer loop
      vertex 3.875 7.08253 19.8
      vertex 0.625 7.08253 19.8
      vertex 0.760951 6.99169 19.8
    endloop
  endfacet
  facet normal 0 0 1
    outer loop
      vertex 4.02165 7.15485 19.8
      vertex 0.478354 7.15485 19.8
      vertex 0.625 7.08253 19.8
    endloop
  endfacet
  facet normal 0 0 1
    outer loop
      vertex 4.17648 7.20741 19.8
      vertex 0.323524 7.20741 19.8
      vertex 0.478354 7.15485 19.8
    endloop
  endfacet
  facet normal 0 0 1
    outer loop
      vertex 4.33684 7.23931 19.8
      vertex 0.163157 7.23931 19.8
      vertex 0.323524 7.20741 19.8
    endloop
  endfacet
  facet normal 0 0 1
    outer loop
      vertex 4.33684 7.23931 19.8
      vertex 0 7.25 19.8
      vertex 0.163157 7.23931 19.8
    endloop
  endfacet
  facet normal 0 0 1
    outer loop
      vertex -1.23931 0.163157 19.8
      vertex -3.25 0 19.8
      vertex -1.25 0 19.8
    endloop
  endfacet
  facet normal 0 0 1
    outer loop
      vertex -1.20741 0.323524 19.8
      vertex -3.25 0 19.8
      vertex -1.23931 0.163157 19.8
    endloop
  endfacet
  facet normal 0 0 1
    outer loop
      vertex -1.23931 6.16316 19.8
      vertex -3.25 6 19.8
      vertex -1.25 6 19.8
    endloop
  endfacet
  facet normal 0 0 1
    outer loop
      vertex -3.26069 6.16316 19.8
      vertex -1.23931 6.16316 19.8
      vertex -1.20741 6.32352 19.8
    endloop
  endfacet
  facet normal 0 0 1
    outer loop
      vertex -3.29259 6.32352 19.8
      vertex -1.20741 6.32352 19.8
      vertex -1.15485 6.47835 19.8
    endloop
  endfacet
  facet normal 0 0 1
    outer loop
      vertex -3.34515 6.47835 19.8
      vertex -1.15485 6.47835 19.8
      vertex -1.08253 6.625 19.8
    endloop
  endfacet
  facet normal 0 0 1
    outer loop
      vertex -3.41747 6.625 19.8
      vertex -1.08253 6.625 19.8
      vertex -0.991692 6.76095 19.8
    endloop
  endfacet
  facet normal 0 0 1
    outer loop
      vertex -3.50831 6.76095 19.8
      vertex -0.991692 6.76095 19.8
      vertex -0.883883 6.88388 19.8
    endloop
  endfacet
  facet normal 0 0 1
    outer loop
      vertex -3.61612 6.88388 19.8
      vertex -0.883883 6.88388 19.8
      vertex -0.760951 6.99169 19.8
    endloop
  endfacet
  facet normal 0 0 1
    outer loop
      vertex -3.73905 6.99169 19.8
      vertex -0.760951 6.99169 19.8
      vertex -0.625 7.08253 19.8
    endloop
  endfacet
  facet normal 0 0 1
    outer loop
      vertex -3.875 7.08253 19.8
      vertex -0.625 7.08253 19.8
      vertex -0.478354 7.15485 19.8
    endloop
  endfacet
  facet normal 0 0 1
    outer loop
      vertex -1.23931 6.16316 19.8
      vertex -3.26069 6.16316 19.8
      vertex -3.25 6 19.8
    endloop
  endfacet
  facet normal 0 0 1
    outer loop
      vertex -1.20741 6.32352 19.8
      vertex -3.29259 6.32352 19.8
      vertex -3.26069 6.16316 19.8
    endloop
  endfacet
  facet normal 0 0 1
    outer loop
      vertex -4.02165 7.15485 19.8
      vertex -0.478354 7.15485 19.8
      vertex -0.323524 7.20741 19.8
    endloop
  endfacet
  facet normal 0 0 1
    outer loop
      vertex -1.15485 6.47835 19.8
      vertex -3.34515 6.47835 19.8
      vertex -3.29259 6.32352 19.8
    endloop
  endfacet
  facet normal 0 0 1
    outer loop
      vertex -1.08253 6.625 19.8
      vertex -3.41747 6.625 19.8
      vertex -3.34515 6.47835 19.8
    endloop
  endfacet
  facet normal 0 0 1
    outer loop
      vertex -4.17648 7.20741 19.8
      vertex -0.323524 7.20741 19.8
      vertex -0.163157 7.23931 19.8
    endloop
  endfacet
  facet normal 0 0 1
    outer loop
      vertex -0.991692 6.76095 19.8
      vertex -3.50831 6.76095 19.8
      vertex -3.41747 6.625 19.8
    endloop
  endfacet
  facet normal 0 0 1
    outer loop
      vertex -0.883883 6.88388 19.8
      vertex -3.61612 6.88388 19.8
      vertex -3.50831 6.76095 19.8
    endloop
  endfacet
  facet normal 0 0 1
    outer loop
      vertex -0.760951 6.99169 19.8
      vertex -3.73905 6.99169 19.8
      vertex -3.61612 6.88388 19.8
    endloop
  endfacet
  facet normal 0 0 1
    outer loop
      vertex -0.625 7.08253 19.8
      vertex -3.875 7.08253 19.8
      vertex -3.73905 6.99169 19.8
    endloop
  endfacet
  facet normal 0 0 1
    outer loop
      vertex -4.33684 7.23931 19.8
      vertex -0.163157 7.23931 19.8
      vertex 0 7.25 19.8
    endloop
  endfacet
  facet normal -0 0 1
    outer loop
      vertex -22.3 8.6 19.8
      vertex 0 7.25 19.8
      vertex 23.3 8.6 19.8
    endloop
  endfacet
  facet normal 0 0 1
    outer loop
      vertex -0.478354 7.15485 19.8
      vertex -4.02165 7.15485 19.8
      vertex -3.875 7.08253 19.8
    endloop
  endfacet
  facet normal 0 0 1
    outer loop
      vertex -0.323524 7.20741 19.8
      vertex -4.17648 7.20741 19.8
      vertex -4.02165 7.15485 19.8
    endloop
  endfacet
  facet normal 0 0 1
    outer loop
      vertex -0.163157 7.23931 19.8
      vertex -4.33684 7.23931 19.8
      vertex -4.17648 7.20741 19.8
    endloop
  endfacet
  facet normal 0 0 1
    outer loop
      vertex 0 7.25 19.8
      vertex -4.5 7.25 19.8
      vertex -4.33684 7.23931 19.8
    endloop
  endfacet
  facet normal 0 0 1
    outer loop
      vertex -5.73931 0.163157 19.8
      vertex -7.75 0 19.8
      vertex -5.75 0 19.8
    endloop
  endfacet
  facet normal 0 0 1
    outer loop
      vertex -5.70741 0.323524 19.8
      vertex -7.75 0 19.8
      vertex -5.73931 0.163157 19.8
    endloop
  endfacet
  facet normal 0 0 1
    outer loop
      vertex -5.73931 6.16316 19.8
      vertex -7.75 6 19.8
      vertex -5.75 6 19.8
    endloop
  endfacet
  facet normal 0 0 1
    outer loop
      vertex -7.76069 6.16316 19.8
      vertex -5.73931 6.16316 19.8
      vertex -5.70741 6.32352 19.8
    endloop
  endfacet
  facet normal 0 0 1
    outer loop
      vertex -7.79259 6.32352 19.8
      vertex -5.70741 6.32352 19.8
      vertex -5.65485 6.47835 19.8
    endloop
  endfacet
  facet normal 0 0 1
    outer loop
      vertex -7.84515 6.47835 19.8
      vertex -5.65485 6.47835 19.8
      vertex -5.58253 6.625 19.8
    endloop
  endfacet
  facet normal 0 0 1
    outer loop
      vertex -7.91747 6.625 19.8
      vertex -5.58253 6.625 19.8
      vertex -5.49169 6.76095 19.8
    endloop
  endfacet
  facet normal 0 0 1
    outer loop
      vertex -8.00831 6.76095 19.8
      vertex -5.49169 6.76095 19.8
      vertex -5.38388 6.88388 19.8
    endloop
  endfacet
  facet normal 0 0 1
    outer loop
      vertex -8.11612 6.88388 19.8
      vertex -5.38388 6.88388 19.8
      vertex -5.26095 6.99169 19.8
    endloop
  endfacet
  facet normal 0 0 1
    outer loop
      vertex -8.23905 6.99169 19.8
      vertex -5.26095 6.99169 19.8
      vertex -5.125 7.08253 19.8
    endloop
  endfacet
  facet normal 0 0 1
    outer loop
      vertex -8.375 7.08253 19.8
      vertex -5.125 7.08253 19.8
      vertex -4.97835 7.15485 19.8
    endloop
  endfacet
  facet normal 0 0 1
    outer loop
      vertex -5.73931 6.16316 19.8
      vertex -7.76069 6.16316 19.8
      vertex -7.75 6 19.8
    endloop
  endfacet
  facet normal 0 0 1
    outer loop
      vertex -5.70741 6.32352 19.8
      vertex -7.79259 6.32352 19.8
      vertex -7.76069 6.16316 19.8
    endloop
  endfacet
  facet normal 0 0 1
    outer loop
      vertex -8.52165 7.15485 19.8
      vertex -4.97835 7.15485 19.8
      vertex -4.82352 7.20741 19.8
    endloop
  endfacet
  facet normal 0 0 1
    outer loop
      vertex -5.65485 6.47835 19.8
      vertex -7.84515 6.47835 19.8
      vertex -7.79259 6.32352 19.8
    endloop
  endfacet
  facet normal 0 0 1
    outer loop
      vertex -5.58253 6.625 19.8
      vertex -7.91747 6.625 19.8
      vertex -7.84515 6.47835 19.8
    endloop
  endfacet
  facet normal 0 0 1
    outer loop
      vertex -8.67648 7.20741 19.8
      vertex -4.82352 7.20741 19.8
      vertex -4.66316 7.23931 19.8
    endloop
  endfacet
  facet normal 0 0 1
    outer loop
      vertex -5.49169 6.76095 19.8
      vertex -8.00831 6.76095 19.8
      vertex -7.91747 6.625 19.8
    endloop
  endfacet
  facet normal 0 0 1
    outer loop
      vertex -5.38388 6.88388 19.8
      vertex -8.11612 6.88388 19.8
      vertex -8.00831 6.76095 19.8
    endloop
  endfacet
  facet normal 0 0 1
    outer loop
      vertex -5.26095 6.99169 19.8
      vertex -8.23905 6.99169 19.8
      vertex -8.11612 6.88388 19.8
    endloop
  endfacet
  facet normal 0 0 1
    outer loop
      vertex -5.125 7.08253 19.8
      vertex -8.375 7.08253 19.8
      vertex -8.23905 6.99169 19.8
    endloop
  endfacet
  facet normal 0 0 1
    outer loop
      vertex -8.83684 7.23931 19.8
      vertex -4.66316 7.23931 19.8
      vertex -4.5 7.25 19.8
    endloop
  endfacet
  facet normal 0 0 1
    outer loop
      vertex 0 7.25 19.8
      vertex -22.3 8.6 19.8
      vertex -4.5 7.25 19.8
    endloop
  endfacet
  facet normal 0 0 1
    outer loop
      vertex -4.97835 7.15485 19.8
      vertex -8.52165 7.15485 19.8
      vertex -8.375 7.08253 19.8
    endloop
  endfacet
  facet normal 0 0 1
    outer loop
      vertex -4.82352 7.20741 19.8
      vertex -8.67648 7.20741 19.8
      vertex -8.52165 7.15485 19.8
    endloop
  endfacet
  facet normal 0 0 1
    outer loop
      vertex -4.66316 7.23931 19.8
      vertex -8.83684 7.23931 19.8
      vertex -8.67648 7.20741 19.8
    endloop
  endfacet
  facet normal 0 0 1
    outer loop
      vertex -4.5 7.25 19.8
      vertex -9 7.25 19.8
      vertex -8.83684 7.23931 19.8
    endloop
  endfacet
  facet normal 0 0 1
    outer loop
      vertex -10.2393 0.163157 19.8
      vertex -12.25 0 19.8
      vertex -10.25 0 19.8
    endloop
  endfacet
  facet normal 0 0 1
    outer loop
      vertex -10.2074 0.323524 19.8
      vertex -12.25 0 19.8
      vertex -10.2393 0.163157 19.8
    endloop
  endfacet
  facet normal 0 0 1
    outer loop
      vertex -10.2393 6.16316 19.8
      vertex -12.25 6 19.8
      vertex -10.25 6 19.8
    endloop
  endfacet
  facet normal 0 0 1
    outer loop
      vertex -12.2607 6.16316 19.8
      vertex -10.2393 6.16316 19.8
      vertex -10.2074 6.32352 19.8
    endloop
  endfacet
  facet normal 0 0 1
    outer loop
      vertex -12.2926 6.32352 19.8
      vertex -10.2074 6.32352 19.8
      vertex -10.1548 6.47835 19.8
    endloop
  endfacet
  facet normal 0 0 1
    outer loop
      vertex -12.3451 6.47835 19.8
      vertex -10.1548 6.47835 19.8
      vertex -10.0825 6.625 19.8
    endloop
  endfacet
  facet normal 0 0 1
    outer loop
      vertex -12.4175 6.625 19.8
      vertex -10.0825 6.625 19.8
      vertex -9.99169 6.76095 19.8
    endloop
  endfacet
  facet normal 0 0 1
    outer loop
      vertex -12.5083 6.76095 19.8
      vertex -9.99169 6.76095 19.8
      vertex -9.88388 6.88388 19.8
    endloop
  endfacet
  facet normal 0 0 1
    outer loop
      vertex -12.6161 6.88388 19.8
      vertex -9.88388 6.88388 19.8
      vertex -9.76095 6.99169 19.8
    endloop
  endfacet
  facet normal 0 0 1
    outer loop
      vertex -12.739 6.99169 19.8
      vertex -9.76095 6.99169 19.8
      vertex -9.625 7.08253 19.8
    endloop
  endfacet
  facet normal 0 0 1
    outer loop
      vertex -12.875 7.08253 19.8
      vertex -9.625 7.08253 19.8
      vertex -9.47835 7.15485 19.8
    endloop
  endfacet
  facet normal 0 0 1
    outer loop
      vertex -10.2393 6.16316 19.8
      vertex -12.2607 6.16316 19.8
      vertex -12.25 6 19.8
    endloop
  endfacet
  facet normal 0 0 1
    outer loop
      vertex -10.2074 6.32352 19.8
      vertex -12.2926 6.32352 19.8
      vertex -12.2607 6.16316 19.8
    endloop
  endfacet
  facet normal 0 0 1
    outer loop
      vertex -13.0216 7.15485 19.8
      vertex -9.47835 7.15485 19.8
      vertex -9.32352 7.20741 19.8
    endloop
  endfacet
  facet normal 0 0 1
    outer loop
      vertex -10.1548 6.47835 19.8
      vertex -12.3451 6.47835 19.8
      vertex -12.2926 6.32352 19.8
    endloop
  endfacet
  facet normal 0 0 1
    outer loop
      vertex -10.0825 6.625 19.8
      vertex -12.4175 6.625 19.8
      vertex -12.3451 6.47835 19.8
    endloop
  endfacet
  facet normal 0 0 1
    outer loop
      vertex -13.1765 7.20741 19.8
      vertex -9.32352 7.20741 19.8
      vertex -9.16316 7.23931 19.8
    endloop
  endfacet
  facet normal 0 0 1
    outer loop
      vertex -9.99169 6.76095 19.8
      vertex -12.5083 6.76095 19.8
      vertex -12.4175 6.625 19.8
    endloop
  endfacet
  facet normal 0 0 1
    outer loop
      vertex -9.88388 6.88388 19.8
      vertex -12.6161 6.88388 19.8
      vertex -12.5083 6.76095 19.8
    endloop
  endfacet
  facet normal 0 0 1
    outer loop
      vertex -9.76095 6.99169 19.8
      vertex -12.739 6.99169 19.8
      vertex -12.6161 6.88388 19.8
    endloop
  endfacet
  facet normal 0 0 1
    outer loop
      vertex -9.625 7.08253 19.8
      vertex -12.875 7.08253 19.8
      vertex -12.739 6.99169 19.8
    endloop
  endfacet
  facet normal 0 0 1
    outer loop
      vertex -13.3368 7.23931 19.8
      vertex -9.16316 7.23931 19.8
      vertex -9 7.25 19.8
    endloop
  endfacet
  facet normal 0 0 1
    outer loop
      vertex -9.47835 7.15485 19.8
      vertex -13.0216 7.15485 19.8
      vertex -12.875 7.08253 19.8
    endloop
  endfacet
  facet normal 0 0 1
    outer loop
      vertex -4.5 7.25 19.8
      vertex -22.3 8.6 19.8
      vertex -9 7.25 19.8
    endloop
  endfacet
  facet normal 0 0 1
    outer loop
      vertex -9.32352 7.20741 19.8
      vertex -13.1765 7.20741 19.8
      vertex -13.0216 7.15485 19.8
    endloop
  endfacet
  facet normal 0 0 1
    outer loop
      vertex -9.16316 7.23931 19.8
      vertex -13.3368 7.23931 19.8
      vertex -13.1765 7.20741 19.8
    endloop
  endfacet
  facet normal 0 -0 1
    outer loop
      vertex -13.5 7.25 19.8
      vertex -9 7.25 19.8
      vertex -22.3 8.6 19.8
    endloop
  endfacet
  facet normal 0 0 1
    outer loop
      vertex -14.7393 0.163157 19.8
      vertex -16.75 0 19.8
      vertex -14.75 0 19.8
    endloop
  endfacet
  facet normal 0 0 1
    outer loop
      vertex -14.7074 0.323524 19.8
      vertex -16.75 0 19.8
      vertex -14.7393 0.163157 19.8
    endloop
  endfacet
  facet normal 0 0 1
    outer loop
      vertex -14.7393 6.16316 19.8
      vertex -16.75 6 19.8
      vertex -14.75 6 19.8
    endloop
  endfacet
  facet normal 0 0 1
    outer loop
      vertex -16.7607 6.16316 19.8
      vertex -14.7393 6.16316 19.8
      vertex -14.7074 6.32352 19.8
    endloop
  endfacet
  facet normal 0 0 1
    outer loop
      vertex -16.7926 6.32352 19.8
      vertex -14.7074 6.32352 19.8
      vertex -14.6548 6.47835 19.8
    endloop
  endfacet
  facet normal 0 0 1
    outer loop
      vertex -16.8451 6.47835 19.8
      vertex -14.6548 6.47835 19.8
      vertex -14.5825 6.625 19.8
    endloop
  endfacet
  facet normal 0 0 1
    outer loop
      vertex -16.9175 6.625 19.8
      vertex -14.5825 6.625 19.8
      vertex -14.4917 6.76095 19.8
    endloop
  endfacet
  facet normal 0 0 1
    outer loop
      vertex -17.0083 6.76095 19.8
      vertex -14.4917 6.76095 19.8
      vertex -14.3839 6.88388 19.8
    endloop
  endfacet
  facet normal 0 0 1
    outer loop
      vertex -17.1161 6.88388 19.8
      vertex -14.3839 6.88388 19.8
      vertex -14.261 6.99169 19.8
    endloop
  endfacet
  facet normal 0 0 1
    outer loop
      vertex -17.239 6.99169 19.8
      vertex -14.261 6.99169 19.8
      vertex -14.125 7.08253 19.8
    endloop
  endfacet
  facet normal 0 0 1
    outer loop
      vertex -17.375 7.08253 19.8
      vertex -14.125 7.08253 19.8
      vertex -13.9784 7.15485 19.8
    endloop
  endfacet
  facet normal 0 0 1
    outer loop
      vertex -14.7393 6.16316 19.8
      vertex -16.7607 6.16316 19.8
      vertex -16.75 6 19.8
    endloop
  endfacet
  facet normal 0 0 1
    outer loop
      vertex -14.7074 6.32352 19.8
      vertex -16.7926 6.32352 19.8
      vertex -16.7607 6.16316 19.8
    endloop
  endfacet
  facet normal 0 0 1
    outer loop
      vertex -17.5216 7.15485 19.8
      vertex -13.9784 7.15485 19.8
      vertex -13.8235 7.20741 19.8
    endloop
  endfacet
  facet normal 0 0 1
    outer loop
      vertex -14.6548 6.47835 19.8
      vertex -16.8451 6.47835 19.8
      vertex -16.7926 6.32352 19.8
    endloop
  endfacet
  facet normal 0 0 1
    outer loop
      vertex -14.5825 6.625 19.8
      vertex -16.9175 6.625 19.8
      vertex -16.8451 6.47835 19.8
    endloop
  endfacet
  facet normal 0 0 1
    outer loop
      vertex -17.6765 7.20741 19.8
      vertex -13.8235 7.20741 19.8
      vertex -13.6632 7.23931 19.8
    endloop
  endfacet
  facet normal 0 0 1
    outer loop
      vertex -14.4917 6.76095 19.8
      vertex -17.0083 6.76095 19.8
      vertex -16.9175 6.625 19.8
    endloop
  endfacet
  facet normal 0 0 1
    outer loop
      vertex -14.3839 6.88388 19.8
      vertex -17.1161 6.88388 19.8
      vertex -17.0083 6.76095 19.8
    endloop
  endfacet
  facet normal 0 0 1
    outer loop
      vertex -14.261 6.99169 19.8
      vertex -17.239 6.99169 19.8
      vertex -17.1161 6.88388 19.8
    endloop
  endfacet
  facet normal 0 0 1
    outer loop
      vertex -14.125 7.08253 19.8
      vertex -17.375 7.08253 19.8
      vertex -17.239 6.99169 19.8
    endloop
  endfacet
  facet normal 0 0 1
    outer loop
      vertex -22.3 8.6 19.8
      vertex -13.6632 7.23931 19.8
      vertex -13.5 7.25 19.8
    endloop
  endfacet
  facet normal 0 0 1
    outer loop
      vertex -13.9784 7.15485 19.8
      vertex -17.5216 7.15485 19.8
      vertex -17.375 7.08253 19.8
    endloop
  endfacet
  facet normal 0 0 1
    outer loop
      vertex -9 7.25 19.8
      vertex -13.5 7.25 19.8
      vertex -13.3368 7.23931 19.8
    endloop
  endfacet
  facet normal 0 0 1
    outer loop
      vertex -13.8235 7.20741 19.8
      vertex -17.6765 7.20741 19.8
      vertex -17.5216 7.15485 19.8
    endloop
  endfacet
  facet normal 0 0 1
    outer loop
      vertex -13.6632 7.23931 19.8
      vertex -22.3 8.6 19.8
      vertex -17.8368 7.23931 19.8
    endloop
  endfacet
  facet normal 0 0 1
    outer loop
      vertex -13.6632 7.23931 19.8
      vertex -17.8368 7.23931 19.8
      vertex -17.6765 7.20741 19.8
    endloop
  endfacet
  facet normal 0 0 1
    outer loop
      vertex -19.2393 0.163157 19.8
      vertex -22.3 8.6 19.8
      vertex -19.25 0 19.8
    endloop
  endfacet
  facet normal 0 0 1
    outer loop
      vertex -22.3 -8.6 19.8
      vertex -19.25 0 19.8
      vertex -22.3 8.6 19.8
    endloop
  endfacet
  facet normal 0 0 1
    outer loop
      vertex -19.2393 6.16316 19.8
      vertex -22.3 8.6 19.8
      vertex -19.25 6 19.8
    endloop
  endfacet
  facet normal 0 0 1
    outer loop
      vertex -19.2074 6.32352 19.8
      vertex -22.3 8.6 19.8
      vertex -19.2393 6.16316 19.8
    endloop
  endfacet
  facet normal 0 0 1
    outer loop
      vertex -19.1549 6.47835 19.8
      vertex -22.3 8.6 19.8
      vertex -19.2074 6.32352 19.8
    endloop
  endfacet
  facet normal 0 0 1
    outer loop
      vertex -19.0825 6.625 19.8
      vertex -22.3 8.6 19.8
      vertex -19.1549 6.47835 19.8
    endloop
  endfacet
  facet normal 0 0 1
    outer loop
      vertex -18.9917 6.76095 19.8
      vertex -22.3 8.6 19.8
      vertex -19.0825 6.625 19.8
    endloop
  endfacet
  facet normal 0 0 1
    outer loop
      vertex -18.8839 6.88388 19.8
      vertex -22.3 8.6 19.8
      vertex -18.9917 6.76095 19.8
    endloop
  endfacet
  facet normal 0 0 1
    outer loop
      vertex -18.761 6.99169 19.8
      vertex -22.3 8.6 19.8
      vertex -18.8839 6.88388 19.8
    endloop
  endfacet
  facet normal 0 0 1
    outer loop
      vertex -18.625 7.08253 19.8
      vertex -22.3 8.6 19.8
      vertex -18.761 6.99169 19.8
    endloop
  endfacet
  facet normal 0 0 1
    outer loop
      vertex -18.4784 7.15485 19.8
      vertex -22.3 8.6 19.8
      vertex -18.625 7.08253 19.8
    endloop
  endfacet
  facet normal 0 0 1
    outer loop
      vertex -18.3235 7.20741 19.8
      vertex -22.3 8.6 19.8
      vertex -18.4784 7.15485 19.8
    endloop
  endfacet
  facet normal 0 0 1
    outer loop
      vertex -18.1632 7.23931 19.8
      vertex -22.3 8.6 19.8
      vertex -18.3235 7.20741 19.8
    endloop
  endfacet
  facet normal 0 0 1
    outer loop
      vertex -18 7.25 19.8
      vertex -22.3 8.6 19.8
      vertex -18.1632 7.23931 19.8
    endloop
  endfacet
  facet normal 0 0 1
    outer loop
      vertex -17.8368 7.23931 19.8
      vertex -22.3 8.6 19.8
      vertex -18 7.25 19.8
    endloop
  endfacet
  facet normal -0 0 1
    outer loop
      vertex 23.25 -8.23301 19.8
      vertex 23.3 -8.6 19.8
      vertex 23.3 -8.1996 19.8
    endloop
  endfacet
  facet normal -0 0 1
    outer loop
      vertex 23.1913 -8.26194 19.8
      vertex 23.3 -8.6 19.8
      vertex 23.25 -8.23301 19.8
    endloop
  endfacet
  facet normal -0 0 1
    outer loop
      vertex 23.1294 -8.28296 19.8
      vertex 23.3 -8.6 19.8
      vertex 23.1913 -8.26194 19.8
    endloop
  endfacet
  facet normal -0 0 1
    outer loop
      vertex 23.0653 -8.29572 19.8
      vertex 23.3 -8.6 19.8
      vertex 23.1294 -8.28296 19.8
    endloop
  endfacet
  facet normal -0 0 1
    outer loop
      vertex 23 -8.3 19.8
      vertex 23.3 -8.6 19.8
      vertex 23.0653 -8.29572 19.8
    endloop
  endfacet
  facet normal 0 0 1
    outer loop
      vertex 22.9347 -8.29572 19.8
      vertex 23.3 -8.6 19.8
      vertex 23 -8.3 19.8
    endloop
  endfacet
  facet normal 0 0 1
    outer loop
      vertex 22.8706 -8.28296 19.8
      vertex 23.3 -8.6 19.8
      vertex 22.9347 -8.29572 19.8
    endloop
  endfacet
  facet normal 0 0 1
    outer loop
      vertex 22.8087 -8.26194 19.8
      vertex 23.3 -8.6 19.8
      vertex 22.8706 -8.28296 19.8
    endloop
  endfacet
  facet normal 0 0 1
    outer loop
      vertex 22.75 -8.23301 19.8
      vertex 23.3 -8.6 19.8
      vertex 22.8087 -8.26194 19.8
    endloop
  endfacet
  facet normal 0 0 1
    outer loop
      vertex 22.5 7.8 19.8
      vertex 19.25 0 19.8
      vertex 22.5 -7.8 19.8
    endloop
  endfacet
  facet normal -0 0 1
    outer loop
      vertex 19.2393 -0.163157 19.8
      vertex 22.5 -7.8 19.8
      vertex 19.25 0 19.8
    endloop
  endfacet
  facet normal -0 0 1
    outer loop
      vertex 19.2393 -6.16316 19.8
      vertex 22.5 -7.8 19.8
      vertex 19.25 -6 19.8
    endloop
  endfacet
  facet normal -0 0 1
    outer loop
      vertex 19.2074 -6.32352 19.8
      vertex 22.5 -7.8 19.8
      vertex 19.2393 -6.16316 19.8
    endloop
  endfacet
  facet normal -0 0 1
    outer loop
      vertex 19.1549 -6.47835 19.8
      vertex 22.5 -7.8 19.8
      vertex 19.2074 -6.32352 19.8
    endloop
  endfacet
  facet normal -0 0 1
    outer loop
      vertex 19.0825 -6.625 19.8
      vertex 22.5 -7.8 19.8
      vertex 19.1549 -6.47835 19.8
    endloop
  endfacet
  facet normal -0 0 1
    outer loop
      vertex 18.9917 -6.76095 19.8
      vertex 22.5 -7.8 19.8
      vertex 19.0825 -6.625 19.8
    endloop
  endfacet
  facet normal 0 0 1
    outer loop
      vertex 22.5 -7.8 19.8
      vertex 18.9917 -6.76095 19.8
      vertex 22.5043 -7.86526 19.8
    endloop
  endfacet
  facet normal -0 0 1
    outer loop
      vertex 18.8839 -6.88388 19.8
      vertex 22.5043 -7.86526 19.8
      vertex 18.9917 -6.76095 19.8
    endloop
  endfacet
  facet normal 0 0 1
    outer loop
      vertex 22.5043 -7.86526 19.8
      vertex 18.8839 -6.88388 19.8
      vertex 22.517 -7.92941 19.8
    endloop
  endfacet
  facet normal -0 0 1
    outer loop
      vertex 18.761 -6.99169 19.8
      vertex 22.517 -7.92941 19.8
      vertex 18.8839 -6.88388 19.8
    endloop
  endfacet
  facet normal 0 0 1
    outer loop
      vertex 22.517 -7.92941 19.8
      vertex 18.761 -6.99169 19.8
      vertex 22.5381 -7.99134 19.8
    endloop
  endfacet
  facet normal 0 0 1
    outer loop
      vertex 22.5381 -7.99134 19.8
      vertex 18.761 -6.99169 19.8
      vertex 22.567 -8.05 19.8
    endloop
  endfacet
  facet normal -0 0 1
    outer loop
      vertex 18.625 -7.08253 19.8
      vertex 22.567 -8.05 19.8
      vertex 18.761 -6.99169 19.8
    endloop
  endfacet
  facet normal 0 0 1
    outer loop
      vertex 22.567 -8.05 19.8
      vertex 18.625 -7.08253 19.8
      vertex 22.6033 -8.10438 19.8
    endloop
  endfacet
  facet normal -0 0 1
    outer loop
      vertex 18.4784 -7.15485 19.8
      vertex 22.6033 -8.10438 19.8
      vertex 18.625 -7.08253 19.8
    endloop
  endfacet
  facet normal 0 0 1
    outer loop
      vertex 22.6033 -8.10438 19.8
      vertex 18.4784 -7.15485 19.8
      vertex 22.6464 -8.15355 19.8
    endloop
  endfacet
  facet normal -0 0 1
    outer loop
      vertex 18.3235 -7.20741 19.8
      vertex 22.6464 -8.15355 19.8
      vertex 18.4784 -7.15485 19.8
    endloop
  endfacet
  facet normal 0 0 1
    outer loop
      vertex 22.6464 -8.15355 19.8
      vertex 18.3235 -7.20741 19.8
      vertex 22.6956 -8.19668 19.8
    endloop
  endfacet
  facet normal -0 0 1
    outer loop
      vertex 18.1632 -7.23931 19.8
      vertex 22.6956 -8.19668 19.8
      vertex 18.3235 -7.20741 19.8
    endloop
  endfacet
  facet normal 0 0 1
    outer loop
      vertex 22.6956 -8.19668 19.8
      vertex 18.1632 -7.23931 19.8
      vertex 22.75 -8.23301 19.8
    endloop
  endfacet
  facet normal 0 0 1
    outer loop
      vertex 22.75 -8.23301 19.8
      vertex 18.1632 -7.23931 19.8
      vertex 23.3 -8.6 19.8
    endloop
  endfacet
  facet normal -0 0 1
    outer loop
      vertex 18 -7.25 19.8
      vertex 23.3 -8.6 19.8
      vertex 18.1632 -7.23931 19.8
    endloop
  endfacet
  facet normal 0 0 1
    outer loop
      vertex 17.8368 -7.23931 19.8
      vertex 23.3 -8.6 19.8
      vertex 18 -7.25 19.8
    endloop
  endfacet
  facet normal 0 0 1
    outer loop
      vertex 13.6632 -7.23931 19.8
      vertex 17.8368 -7.23931 19.8
      vertex 17.6765 -7.20741 19.8
    endloop
  endfacet
  facet normal 0 0 1
    outer loop
      vertex 16.7926 -5.67648 19.8
      vertex 14.75 -6 19.8
      vertex 16.7607 -5.83684 19.8
    endloop
  endfacet
  facet normal 0 0 1
    outer loop
      vertex 16.7607 -5.83684 19.8
      vertex 14.75 -6 19.8
      vertex 16.75 -6 19.8
    endloop
  endfacet
  facet normal 0 0 1
    outer loop
      vertex 16.75 -6 19.8
      vertex 14.75 -6 19.8
      vertex 16.7607 -6.16316 19.8
    endloop
  endfacet
  facet normal 0 0 1
    outer loop
      vertex 14.7393 -6.16316 19.8
      vertex 16.7607 -6.16316 19.8
      vertex 14.75 -6 19.8
    endloop
  endfacet
  facet normal 0 0 1
    outer loop
      vertex 16.7607 -6.16316 19.8
      vertex 14.7393 -6.16316 19.8
      vertex 16.7926 -6.32352 19.8
    endloop
  endfacet
  facet normal 0 0 1
    outer loop
      vertex 14.7074 -6.32352 19.8
      vertex 16.7926 -6.32352 19.8
      vertex 14.7393 -6.16316 19.8
    endloop
  endfacet
  facet normal 0 0 1
    outer loop
      vertex 16.7926 -6.32352 19.8
      vertex 14.7074 -6.32352 19.8
      vertex 16.8451 -6.47835 19.8
    endloop
  endfacet
  facet normal 0 0 1
    outer loop
      vertex 14.6548 -6.47835 19.8
      vertex 16.8451 -6.47835 19.8
      vertex 14.7074 -6.32352 19.8
    endloop
  endfacet
  facet normal 0 0 1
    outer loop
      vertex 16.8451 -6.47835 19.8
      vertex 14.6548 -6.47835 19.8
      vertex 16.9175 -6.625 19.8
    endloop
  endfacet
  facet normal 0 0 1
    outer loop
      vertex 14.5825 -6.625 19.8
      vertex 16.9175 -6.625 19.8
      vertex 14.6548 -6.47835 19.8
    endloop
  endfacet
  facet normal 0 0 1
    outer loop
      vertex 16.9175 -6.625 19.8
      vertex 14.5825 -6.625 19.8
      vertex 17.0083 -6.76095 19.8
    endloop
  endfacet
  facet normal 0 0 1
    outer loop
      vertex 14.4917 -6.76095 19.8
      vertex 17.0083 -6.76095 19.8
      vertex 14.5825 -6.625 19.8
    endloop
  endfacet
  facet normal 0 0 1
    outer loop
      vertex 17.0083 -6.76095 19.8
      vertex 14.4917 -6.76095 19.8
      vertex 17.1161 -6.88388 19.8
    endloop
  endfacet
  facet normal 0 0 1
    outer loop
      vertex 14.3839 -6.88388 19.8
      vertex 17.1161 -6.88388 19.8
      vertex 14.4917 -6.76095 19.8
    endloop
  endfacet
  facet normal 0 0 1
    outer loop
      vertex 17.1161 -6.88388 19.8
      vertex 14.3839 -6.88388 19.8
      vertex 17.239 -6.99169 19.8
    endloop
  endfacet
  facet normal 0 0 1
    outer loop
      vertex 14.261 -6.99169 19.8
      vertex 17.239 -6.99169 19.8
      vertex 14.3839 -6.88388 19.8
    endloop
  endfacet
  facet normal 0 0 1
    outer loop
      vertex 17.239 -6.99169 19.8
      vertex 14.261 -6.99169 19.8
      vertex 17.375 -7.08253 19.8
    endloop
  endfacet
  facet normal 0 0 1
    outer loop
      vertex 14.125 -7.08253 19.8
      vertex 17.375 -7.08253 19.8
      vertex 14.261 -6.99169 19.8
    endloop
  endfacet
  facet normal 0 0 1
    outer loop
      vertex 17.375 -7.08253 19.8
      vertex 14.125 -7.08253 19.8
      vertex 17.5216 -7.15485 19.8
    endloop
  endfacet
  facet normal 0 0 1
    outer loop
      vertex 13.9784 -7.15485 19.8
      vertex 17.5216 -7.15485 19.8
      vertex 14.125 -7.08253 19.8
    endloop
  endfacet
  facet normal 0 0 1
    outer loop
      vertex 17.5216 -7.15485 19.8
      vertex 13.9784 -7.15485 19.8
      vertex 17.6765 -7.20741 19.8
    endloop
  endfacet
  facet normal 0 0 1
    outer loop
      vertex 13.8235 -7.20741 19.8
      vertex 17.6765 -7.20741 19.8
      vertex 13.9784 -7.15485 19.8
    endloop
  endfacet
  facet normal 0 0 1
    outer loop
      vertex 13.6632 -7.23931 19.8
      vertex 17.6765 -7.20741 19.8
      vertex 13.8235 -7.20741 19.8
    endloop
  endfacet
  facet normal 0 0 1
    outer loop
      vertex 17.8368 -7.23931 19.8
      vertex 13.6632 -7.23931 19.8
      vertex 23.3 -8.6 19.8
    endloop
  endfacet
  facet normal -0 0 1
    outer loop
      vertex 13.5 -7.25 19.8
      vertex 23.3 -8.6 19.8
      vertex 13.6632 -7.23931 19.8
    endloop
  endfacet
  facet normal 0 0 1
    outer loop
      vertex 9 -7.25 19.8
      vertex 13.5 -7.25 19.8
      vertex 13.3368 -7.23931 19.8
    endloop
  endfacet
  facet normal 0 0 1
    outer loop
      vertex 12.2926 -5.67648 19.8
      vertex 10.25 -6 19.8
      vertex 12.2607 -5.83684 19.8
    endloop
  endfacet
  facet normal 0 0 1
    outer loop
      vertex 12.2607 -5.83684 19.8
      vertex 10.25 -6 19.8
      vertex 12.25 -6 19.8
    endloop
  endfacet
  facet normal 0 0 1
    outer loop
      vertex 12.25 -6 19.8
      vertex 10.25 -6 19.8
      vertex 12.2607 -6.16316 19.8
    endloop
  endfacet
  facet normal 0 0 1
    outer loop
      vertex 10.2393 -6.16316 19.8
      vertex 12.2607 -6.16316 19.8
      vertex 10.25 -6 19.8
    endloop
  endfacet
  facet normal 0 0 1
    outer loop
      vertex 12.2607 -6.16316 19.8
      vertex 10.2393 -6.16316 19.8
      vertex 12.2926 -6.32352 19.8
    endloop
  endfacet
  facet normal 0 0 1
    outer loop
      vertex 10.2074 -6.32352 19.8
      vertex 12.2926 -6.32352 19.8
      vertex 10.2393 -6.16316 19.8
    endloop
  endfacet
  facet normal 0 0 1
    outer loop
      vertex 12.2926 -6.32352 19.8
      vertex 10.2074 -6.32352 19.8
      vertex 12.3451 -6.47835 19.8
    endloop
  endfacet
  facet normal 0 0 1
    outer loop
      vertex 10.1548 -6.47835 19.8
      vertex 12.3451 -6.47835 19.8
      vertex 10.2074 -6.32352 19.8
    endloop
  endfacet
  facet normal 0 0 1
    outer loop
      vertex 12.3451 -6.47835 19.8
      vertex 10.1548 -6.47835 19.8
      vertex 12.4175 -6.625 19.8
    endloop
  endfacet
  facet normal 0 0 1
    outer loop
      vertex 10.0825 -6.625 19.8
      vertex 12.4175 -6.625 19.8
      vertex 10.1548 -6.47835 19.8
    endloop
  endfacet
  facet normal 0 0 1
    outer loop
      vertex 12.4175 -6.625 19.8
      vertex 10.0825 -6.625 19.8
      vertex 12.5083 -6.76095 19.8
    endloop
  endfacet
  facet normal 0 0 1
    outer loop
      vertex 9.99169 -6.76095 19.8
      vertex 12.5083 -6.76095 19.8
      vertex 10.0825 -6.625 19.8
    endloop
  endfacet
  facet normal 0 0 1
    outer loop
      vertex 12.5083 -6.76095 19.8
      vertex 9.99169 -6.76095 19.8
      vertex 12.6161 -6.88388 19.8
    endloop
  endfacet
  facet normal 0 0 1
    outer loop
      vertex 9.88388 -6.88388 19.8
      vertex 12.6161 -6.88388 19.8
      vertex 9.99169 -6.76095 19.8
    endloop
  endfacet
  facet normal 0 0 1
    outer loop
      vertex 12.6161 -6.88388 19.8
      vertex 9.88388 -6.88388 19.8
      vertex 12.739 -6.99169 19.8
    endloop
  endfacet
  facet normal 0 0 1
    outer loop
      vertex 9.76095 -6.99169 19.8
      vertex 12.739 -6.99169 19.8
      vertex 9.88388 -6.88388 19.8
    endloop
  endfacet
  facet normal 0 0 1
    outer loop
      vertex 12.739 -6.99169 19.8
      vertex 9.76095 -6.99169 19.8
      vertex 12.875 -7.08253 19.8
    endloop
  endfacet
  facet normal 0 0 1
    outer loop
      vertex 9.625 -7.08253 19.8
      vertex 12.875 -7.08253 19.8
      vertex 9.76095 -6.99169 19.8
    endloop
  endfacet
  facet normal 0 0 1
    outer loop
      vertex 12.875 -7.08253 19.8
      vertex 9.625 -7.08253 19.8
      vertex 13.0216 -7.15485 19.8
    endloop
  endfacet
  facet normal 0 0 1
    outer loop
      vertex 9.47835 -7.15485 19.8
      vertex 13.0216 -7.15485 19.8
      vertex 9.625 -7.08253 19.8
    endloop
  endfacet
  facet normal 0 0 1
    outer loop
      vertex 13.0216 -7.15485 19.8
      vertex 9.47835 -7.15485 19.8
      vertex 13.1765 -7.20741 19.8
    endloop
  endfacet
  facet normal 0 0 1
    outer loop
      vertex 9.32352 -7.20741 19.8
      vertex 13.1765 -7.20741 19.8
      vertex 9.47835 -7.15485 19.8
    endloop
  endfacet
  facet normal 0 0 1
    outer loop
      vertex 13.1765 -7.20741 19.8
      vertex 9.32352 -7.20741 19.8
      vertex 13.3368 -7.23931 19.8
    endloop
  endfacet
  facet normal 0 0 1
    outer loop
      vertex 9.16316 -7.23931 19.8
      vertex 13.3368 -7.23931 19.8
      vertex 9.32352 -7.20741 19.8
    endloop
  endfacet
  facet normal 0 0 1
    outer loop
      vertex 9 -7.25 19.8
      vertex 13.3368 -7.23931 19.8
      vertex 9.16316 -7.23931 19.8
    endloop
  endfacet
  facet normal 0 0 1
    outer loop
      vertex 13.5 -7.25 19.8
      vertex 9 -7.25 19.8
      vertex 23.3 -8.6 19.8
    endloop
  endfacet
  facet normal 0 0 1
    outer loop
      vertex 4.5 -7.25 19.8
      vertex 9 -7.25 19.8
      vertex 8.83684 -7.23931 19.8
    endloop
  endfacet
  facet normal 0 0 1
    outer loop
      vertex 7.79259 -5.67648 19.8
      vertex 5.75 -6 19.8
      vertex 7.76069 -5.83684 19.8
    endloop
  endfacet
  facet normal 0 0 1
    outer loop
      vertex 7.76069 -5.83684 19.8
      vertex 5.75 -6 19.8
      vertex 7.75 -6 19.8
    endloop
  endfacet
  facet normal 0 0 1
    outer loop
      vertex 7.75 -6 19.8
      vertex 5.75 -6 19.8
      vertex 7.76069 -6.16316 19.8
    endloop
  endfacet
  facet normal 0 0 1
    outer loop
      vertex 5.73931 -6.16316 19.8
      vertex 7.76069 -6.16316 19.8
      vertex 5.75 -6 19.8
    endloop
  endfacet
  facet normal 0 0 1
    outer loop
      vertex 7.76069 -6.16316 19.8
      vertex 5.73931 -6.16316 19.8
      vertex 7.79259 -6.32352 19.8
    endloop
  endfacet
  facet normal 0 0 1
    outer loop
      vertex 5.70741 -6.32352 19.8
      vertex 7.79259 -6.32352 19.8
      vertex 5.73931 -6.16316 19.8
    endloop
  endfacet
  facet normal 0 0 1
    outer loop
      vertex 7.79259 -6.32352 19.8
      vertex 5.70741 -6.32352 19.8
      vertex 7.84515 -6.47835 19.8
    endloop
  endfacet
  facet normal 0 0 1
    outer loop
      vertex 5.65485 -6.47835 19.8
      vertex 7.84515 -6.47835 19.8
      vertex 5.70741 -6.32352 19.8
    endloop
  endfacet
  facet normal 0 0 1
    outer loop
      vertex 7.84515 -6.47835 19.8
      vertex 5.65485 -6.47835 19.8
      vertex 7.91747 -6.625 19.8
    endloop
  endfacet
  facet normal 0 0 1
    outer loop
      vertex 5.58253 -6.625 19.8
      vertex 7.91747 -6.625 19.8
      vertex 5.65485 -6.47835 19.8
    endloop
  endfacet
  facet normal 0 0 1
    outer loop
      vertex 7.91747 -6.625 19.8
      vertex 5.58253 -6.625 19.8
      vertex 8.00831 -6.76095 19.8
    endloop
  endfacet
  facet normal 0 0 1
    outer loop
      vertex 5.49169 -6.76095 19.8
      vertex 8.00831 -6.76095 19.8
      vertex 5.58253 -6.625 19.8
    endloop
  endfacet
  facet normal 0 0 1
    outer loop
      vertex 8.00831 -6.76095 19.8
      vertex 5.49169 -6.76095 19.8
      vertex 8.11612 -6.88388 19.8
    endloop
  endfacet
  facet normal 0 0 1
    outer loop
      vertex 5.38388 -6.88388 19.8
      vertex 8.11612 -6.88388 19.8
      vertex 5.49169 -6.76095 19.8
    endloop
  endfacet
  facet normal 0 0 1
    outer loop
      vertex 8.11612 -6.88388 19.8
      vertex 5.38388 -6.88388 19.8
      vertex 8.23905 -6.99169 19.8
    endloop
  endfacet
  facet normal 0 0 1
    outer loop
      vertex 5.26095 -6.99169 19.8
      vertex 8.23905 -6.99169 19.8
      vertex 5.38388 -6.88388 19.8
    endloop
  endfacet
  facet normal 0 0 1
    outer loop
      vertex 8.23905 -6.99169 19.8
      vertex 5.26095 -6.99169 19.8
      vertex 8.375 -7.08253 19.8
    endloop
  endfacet
  facet normal 0 0 1
    outer loop
      vertex 5.125 -7.08253 19.8
      vertex 8.375 -7.08253 19.8
      vertex 5.26095 -6.99169 19.8
    endloop
  endfacet
  facet normal 0 0 1
    outer loop
      vertex 8.375 -7.08253 19.8
      vertex 5.125 -7.08253 19.8
      vertex 8.52165 -7.15485 19.8
    endloop
  endfacet
  facet normal 0 0 1
    outer loop
      vertex 4.97835 -7.15485 19.8
      vertex 8.52165 -7.15485 19.8
      vertex 5.125 -7.08253 19.8
    endloop
  endfacet
  facet normal 0 0 1
    outer loop
      vertex 8.52165 -7.15485 19.8
      vertex 4.97835 -7.15485 19.8
      vertex 8.67648 -7.20741 19.8
    endloop
  endfacet
  facet normal 0 0 1
    outer loop
      vertex 4.82352 -7.20741 19.8
      vertex 8.67648 -7.20741 19.8
      vertex 4.97835 -7.15485 19.8
    endloop
  endfacet
  facet normal 0 0 1
    outer loop
      vertex 8.67648 -7.20741 19.8
      vertex 4.82352 -7.20741 19.8
      vertex 8.83684 -7.23931 19.8
    endloop
  endfacet
  facet normal 0 0 1
    outer loop
      vertex 4.66316 -7.23931 19.8
      vertex 8.83684 -7.23931 19.8
      vertex 4.82352 -7.20741 19.8
    endloop
  endfacet
  facet normal 0 0 1
    outer loop
      vertex 4.5 -7.25 19.8
      vertex 8.83684 -7.23931 19.8
      vertex 4.66316 -7.23931 19.8
    endloop
  endfacet
  facet normal 0 0 1
    outer loop
      vertex 9 -7.25 19.8
      vertex 4.5 -7.25 19.8
      vertex 23.3 -8.6 19.8
    endloop
  endfacet
  facet normal 0 0 1
    outer loop
      vertex 0 -7.25 19.8
      vertex 4.5 -7.25 19.8
      vertex 4.33684 -7.23931 19.8
    endloop
  endfacet
  facet normal 0 0 1
    outer loop
      vertex 3.29259 -5.67648 19.8
      vertex 1.25 -6 19.8
      vertex 3.26069 -5.83684 19.8
    endloop
  endfacet
  facet normal 0 0 1
    outer loop
      vertex 3.26069 -5.83684 19.8
      vertex 1.25 -6 19.8
      vertex 3.25 -6 19.8
    endloop
  endfacet
  facet normal 0 0 1
    outer loop
      vertex 3.25 -6 19.8
      vertex 1.25 -6 19.8
      vertex 3.26069 -6.16316 19.8
    endloop
  endfacet
  facet normal 0 0 1
    outer loop
      vertex 1.23931 -6.16316 19.8
      vertex 3.26069 -6.16316 19.8
      vertex 1.25 -6 19.8
    endloop
  endfacet
  facet normal 0 0 1
    outer loop
      vertex 3.26069 -6.16316 19.8
      vertex 1.23931 -6.16316 19.8
      vertex 3.29259 -6.32352 19.8
    endloop
  endfacet
  facet normal 0 0 1
    outer loop
      vertex 1.20741 -6.32352 19.8
      vertex 3.29259 -6.32352 19.8
      vertex 1.23931 -6.16316 19.8
    endloop
  endfacet
  facet normal 0 0 1
    outer loop
      vertex 3.29259 -6.32352 19.8
      vertex 1.20741 -6.32352 19.8
      vertex 3.34515 -6.47835 19.8
    endloop
  endfacet
  facet normal 0 0 1
    outer loop
      vertex 1.15485 -6.47835 19.8
      vertex 3.34515 -6.47835 19.8
      vertex 1.20741 -6.32352 19.8
    endloop
  endfacet
  facet normal 0 0 1
    outer loop
      vertex 3.34515 -6.47835 19.8
      vertex 1.15485 -6.47835 19.8
      vertex 3.41747 -6.625 19.8
    endloop
  endfacet
  facet normal 0 0 1
    outer loop
      vertex 1.08253 -6.625 19.8
      vertex 3.41747 -6.625 19.8
      vertex 1.15485 -6.47835 19.8
    endloop
  endfacet
  facet normal 0 0 1
    outer loop
      vertex 3.41747 -6.625 19.8
      vertex 1.08253 -6.625 19.8
      vertex 3.50831 -6.76095 19.8
    endloop
  endfacet
  facet normal 0 0 1
    outer loop
      vertex 0.991692 -6.76095 19.8
      vertex 3.50831 -6.76095 19.8
      vertex 1.08253 -6.625 19.8
    endloop
  endfacet
  facet normal 0 0 1
    outer loop
      vertex 3.50831 -6.76095 19.8
      vertex 0.991692 -6.76095 19.8
      vertex 3.61612 -6.88388 19.8
    endloop
  endfacet
  facet normal 0 0 1
    outer loop
      vertex 0.883883 -6.88388 19.8
      vertex 3.61612 -6.88388 19.8
      vertex 0.991692 -6.76095 19.8
    endloop
  endfacet
  facet normal 0 0 1
    outer loop
      vertex 3.61612 -6.88388 19.8
      vertex 0.883883 -6.88388 19.8
      vertex 3.73905 -6.99169 19.8
    endloop
  endfacet
  facet normal 0 0 1
    outer loop
      vertex 0.760951 -6.99169 19.8
      vertex 3.73905 -6.99169 19.8
      vertex 0.883883 -6.88388 19.8
    endloop
  endfacet
  facet normal 0 0 1
    outer loop
      vertex 3.73905 -6.99169 19.8
      vertex 0.760951 -6.99169 19.8
      vertex 3.875 -7.08253 19.8
    endloop
  endfacet
  facet normal 0 0 1
    outer loop
      vertex 0.625 -7.08253 19.8
      vertex 3.875 -7.08253 19.8
      vertex 0.760951 -6.99169 19.8
    endloop
  endfacet
  facet normal 0 0 1
    outer loop
      vertex 3.875 -7.08253 19.8
      vertex 0.625 -7.08253 19.8
      vertex 4.02165 -7.15485 19.8
    endloop
  endfacet
  facet normal 0 0 1
    outer loop
      vertex 0.478354 -7.15485 19.8
      vertex 4.02165 -7.15485 19.8
      vertex 0.625 -7.08253 19.8
    endloop
  endfacet
  facet normal 0 0 1
    outer loop
      vertex 4.02165 -7.15485 19.8
      vertex 0.478354 -7.15485 19.8
      vertex 4.17648 -7.20741 19.8
    endloop
  endfacet
  facet normal 0 0 1
    outer loop
      vertex 0.323524 -7.20741 19.8
      vertex 4.17648 -7.20741 19.8
      vertex 0.478354 -7.15485 19.8
    endloop
  endfacet
  facet normal 0 0 1
    outer loop
      vertex 4.17648 -7.20741 19.8
      vertex 0.323524 -7.20741 19.8
      vertex 4.33684 -7.23931 19.8
    endloop
  endfacet
  facet normal 0 0 1
    outer loop
      vertex 0.163157 -7.23931 19.8
      vertex 4.33684 -7.23931 19.8
      vertex 0.323524 -7.20741 19.8
    endloop
  endfacet
  facet normal 0 0 1
    outer loop
      vertex 0 -7.25 19.8
      vertex 4.33684 -7.23931 19.8
      vertex 0.163157 -7.23931 19.8
    endloop
  endfacet
  facet normal 0 0 1
    outer loop
      vertex 4.5 -7.25 19.8
      vertex 0 -7.25 19.8
      vertex 23.3 -8.6 19.8
    endloop
  endfacet
  facet normal 0 0 1
    outer loop
      vertex -1.20741 -5.67648 19.8
      vertex -3.25 -6 19.8
      vertex -1.23931 -5.83684 19.8
    endloop
  endfacet
  facet normal 0 0 1
    outer loop
      vertex -1.23931 -5.83684 19.8
      vertex -3.25 -6 19.8
      vertex -1.25 -6 19.8
    endloop
  endfacet
  facet normal 0 0 1
    outer loop
      vertex -1.25 -6 19.8
      vertex -3.25 -6 19.8
      vertex -1.23931 -6.16316 19.8
    endloop
  endfacet
  facet normal 0 0 1
    outer loop
      vertex -3.26069 -6.16316 19.8
      vertex -1.23931 -6.16316 19.8
      vertex -3.25 -6 19.8
    endloop
  endfacet
  facet normal 0 0 1
    outer loop
      vertex -1.23931 -6.16316 19.8
      vertex -3.26069 -6.16316 19.8
      vertex -1.20741 -6.32352 19.8
    endloop
  endfacet
  facet normal 0 0 1
    outer loop
      vertex -3.29259 -6.32352 19.8
      vertex -1.20741 -6.32352 19.8
      vertex -3.26069 -6.16316 19.8
    endloop
  endfacet
  facet normal 0 0 1
    outer loop
      vertex -1.20741 -6.32352 19.8
      vertex -3.29259 -6.32352 19.8
      vertex -1.15485 -6.47835 19.8
    endloop
  endfacet
  facet normal 0 0 1
    outer loop
      vertex -3.34515 -6.47835 19.8
      vertex -1.15485 -6.47835 19.8
      vertex -3.29259 -6.32352 19.8
    endloop
  endfacet
  facet normal 0 0 1
    outer loop
      vertex -1.15485 -6.47835 19.8
      vertex -3.34515 -6.47835 19.8
      vertex -1.08253 -6.625 19.8
    endloop
  endfacet
  facet normal 0 0 1
    outer loop
      vertex -3.41747 -6.625 19.8
      vertex -1.08253 -6.625 19.8
      vertex -3.34515 -6.47835 19.8
    endloop
  endfacet
  facet normal 0 0 1
    outer loop
      vertex -1.08253 -6.625 19.8
      vertex -3.41747 -6.625 19.8
      vertex -0.991692 -6.76095 19.8
    endloop
  endfacet
  facet normal 0 0 1
    outer loop
      vertex -3.50831 -6.76095 19.8
      vertex -0.991692 -6.76095 19.8
      vertex -3.41747 -6.625 19.8
    endloop
  endfacet
  facet normal 0 0 1
    outer loop
      vertex -0.991692 -6.76095 19.8
      vertex -3.50831 -6.76095 19.8
      vertex -0.883883 -6.88388 19.8
    endloop
  endfacet
  facet normal 0 0 1
    outer loop
      vertex -3.61612 -6.88388 19.8
      vertex -0.883883 -6.88388 19.8
      vertex -3.50831 -6.76095 19.8
    endloop
  endfacet
  facet normal 0 0 1
    outer loop
      vertex -0.883883 -6.88388 19.8
      vertex -3.61612 -6.88388 19.8
      vertex -0.760951 -6.99169 19.8
    endloop
  endfacet
  facet normal 0 0 1
    outer loop
      vertex -3.73905 -6.99169 19.8
      vertex -0.760951 -6.99169 19.8
      vertex -3.61612 -6.88388 19.8
    endloop
  endfacet
  facet normal 0 0 1
    outer loop
      vertex -0.760951 -6.99169 19.8
      vertex -3.73905 -6.99169 19.8
      vertex -0.625 -7.08253 19.8
    endloop
  endfacet
  facet normal 0 0 1
    outer loop
      vertex -3.875 -7.08253 19.8
      vertex -0.625 -7.08253 19.8
      vertex -3.73905 -6.99169 19.8
    endloop
  endfacet
  facet normal 0 0 1
    outer loop
      vertex -0.625 -7.08253 19.8
      vertex -3.875 -7.08253 19.8
      vertex -0.478354 -7.15485 19.8
    endloop
  endfacet
  facet normal 0 0 1
    outer loop
      vertex -4.02165 -7.15485 19.8
      vertex -0.478354 -7.15485 19.8
      vertex -3.875 -7.08253 19.8
    endloop
  endfacet
  facet normal 0 0 1
    outer loop
      vertex -0.478354 -7.15485 19.8
      vertex -4.02165 -7.15485 19.8
      vertex -0.323524 -7.20741 19.8
    endloop
  endfacet
  facet normal 0 0 1
    outer loop
      vertex -4.17648 -7.20741 19.8
      vertex -0.323524 -7.20741 19.8
      vertex -4.02165 -7.15485 19.8
    endloop
  endfacet
  facet normal 0 0 1
    outer loop
      vertex -0.323524 -7.20741 19.8
      vertex -4.17648 -7.20741 19.8
      vertex -0.163157 -7.23931 19.8
    endloop
  endfacet
  facet normal 0 0 1
    outer loop
      vertex -4.33684 -7.23931 19.8
      vertex -0.163157 -7.23931 19.8
      vertex -4.17648 -7.20741 19.8
    endloop
  endfacet
  facet normal 0 0 1
    outer loop
      vertex -0.163157 -7.23931 19.8
      vertex -4.33684 -7.23931 19.8
      vertex 0 -7.25 19.8
    endloop
  endfacet
  facet normal 0 0 1
    outer loop
      vertex -4.5 -7.25 19.8
      vertex 0 -7.25 19.8
      vertex -4.33684 -7.23931 19.8
    endloop
  endfacet
  facet normal 0 0 1
    outer loop
      vertex -22.3 -8.6 19.8
      vertex 0 -7.25 19.8
      vertex -4.5 -7.25 19.8
    endloop
  endfacet
  facet normal 0 0 1
    outer loop
      vertex -5.70741 -5.67648 19.8
      vertex -7.75 -6 19.8
      vertex -5.73931 -5.83684 19.8
    endloop
  endfacet
  facet normal 0 0 1
    outer loop
      vertex -5.73931 -5.83684 19.8
      vertex -7.75 -6 19.8
      vertex -5.75 -6 19.8
    endloop
  endfacet
  facet normal 0 0 1
    outer loop
      vertex -5.75 -6 19.8
      vertex -7.75 -6 19.8
      vertex -5.73931 -6.16316 19.8
    endloop
  endfacet
  facet normal 0 0 1
    outer loop
      vertex -7.76069 -6.16316 19.8
      vertex -5.73931 -6.16316 19.8
      vertex -7.75 -6 19.8
    endloop
  endfacet
  facet normal 0 0 1
    outer loop
      vertex -5.73931 -6.16316 19.8
      vertex -7.76069 -6.16316 19.8
      vertex -5.70741 -6.32352 19.8
    endloop
  endfacet
  facet normal 0 0 1
    outer loop
      vertex -7.79259 -6.32352 19.8
      vertex -5.70741 -6.32352 19.8
      vertex -7.76069 -6.16316 19.8
    endloop
  endfacet
  facet normal 0 0 1
    outer loop
      vertex -5.70741 -6.32352 19.8
      vertex -7.79259 -6.32352 19.8
      vertex -5.65485 -6.47835 19.8
    endloop
  endfacet
  facet normal 0 0 1
    outer loop
      vertex -7.84515 -6.47835 19.8
      vertex -5.65485 -6.47835 19.8
      vertex -7.79259 -6.32352 19.8
    endloop
  endfacet
  facet normal 0 0 1
    outer loop
      vertex -5.65485 -6.47835 19.8
      vertex -7.84515 -6.47835 19.8
      vertex -5.58253 -6.625 19.8
    endloop
  endfacet
  facet normal 0 0 1
    outer loop
      vertex -7.91747 -6.625 19.8
      vertex -5.58253 -6.625 19.8
      vertex -7.84515 -6.47835 19.8
    endloop
  endfacet
  facet normal 0 0 1
    outer loop
      vertex -5.58253 -6.625 19.8
      vertex -7.91747 -6.625 19.8
      vertex -5.49169 -6.76095 19.8
    endloop
  endfacet
  facet normal 0 0 1
    outer loop
      vertex -8.00831 -6.76095 19.8
      vertex -5.49169 -6.76095 19.8
      vertex -7.91747 -6.625 19.8
    endloop
  endfacet
  facet normal 0 0 1
    outer loop
      vertex -5.49169 -6.76095 19.8
      vertex -8.00831 -6.76095 19.8
      vertex -5.38388 -6.88388 19.8
    endloop
  endfacet
  facet normal 0 0 1
    outer loop
      vertex -8.11612 -6.88388 19.8
      vertex -5.38388 -6.88388 19.8
      vertex -8.00831 -6.76095 19.8
    endloop
  endfacet
  facet normal 0 0 1
    outer loop
      vertex -5.38388 -6.88388 19.8
      vertex -8.11612 -6.88388 19.8
      vertex -5.26095 -6.99169 19.8
    endloop
  endfacet
  facet normal 0 0 1
    outer loop
      vertex -8.23905 -6.99169 19.8
      vertex -5.26095 -6.99169 19.8
      vertex -8.11612 -6.88388 19.8
    endloop
  endfacet
  facet normal 0 0 1
    outer loop
      vertex -5.26095 -6.99169 19.8
      vertex -8.23905 -6.99169 19.8
      vertex -5.125 -7.08253 19.8
    endloop
  endfacet
  facet normal 0 0 1
    outer loop
      vertex -8.375 -7.08253 19.8
      vertex -5.125 -7.08253 19.8
      vertex -8.23905 -6.99169 19.8
    endloop
  endfacet
  facet normal 0 0 1
    outer loop
      vertex -5.125 -7.08253 19.8
      vertex -8.375 -7.08253 19.8
      vertex -4.97835 -7.15485 19.8
    endloop
  endfacet
  facet normal 0 0 1
    outer loop
      vertex -8.52165 -7.15485 19.8
      vertex -4.97835 -7.15485 19.8
      vertex -8.375 -7.08253 19.8
    endloop
  endfacet
  facet normal 0 0 1
    outer loop
      vertex -4.97835 -7.15485 19.8
      vertex -8.52165 -7.15485 19.8
      vertex -4.82352 -7.20741 19.8
    endloop
  endfacet
  facet normal 0 0 1
    outer loop
      vertex -8.67648 -7.20741 19.8
      vertex -4.82352 -7.20741 19.8
      vertex -8.52165 -7.15485 19.8
    endloop
  endfacet
  facet normal 0 0 1
    outer loop
      vertex -4.82352 -7.20741 19.8
      vertex -8.67648 -7.20741 19.8
      vertex -4.66316 -7.23931 19.8
    endloop
  endfacet
  facet normal 0 0 1
    outer loop
      vertex -8.83684 -7.23931 19.8
      vertex -4.66316 -7.23931 19.8
      vertex -8.67648 -7.20741 19.8
    endloop
  endfacet
  facet normal 0 0 1
    outer loop
      vertex -4.66316 -7.23931 19.8
      vertex -8.83684 -7.23931 19.8
      vertex -4.5 -7.25 19.8
    endloop
  endfacet
  facet normal 0 0 1
    outer loop
      vertex -9 -7.25 19.8
      vertex -4.5 -7.25 19.8
      vertex -8.83684 -7.23931 19.8
    endloop
  endfacet
  facet normal 0 0 1
    outer loop
      vertex -22.3 -8.6 19.8
      vertex -4.5 -7.25 19.8
      vertex -9 -7.25 19.8
    endloop
  endfacet
  facet normal 0 0 1
    outer loop
      vertex -10.2074 -5.67648 19.8
      vertex -12.25 -6 19.8
      vertex -10.2393 -5.83684 19.8
    endloop
  endfacet
  facet normal 0 0 1
    outer loop
      vertex -10.2393 -5.83684 19.8
      vertex -12.25 -6 19.8
      vertex -10.25 -6 19.8
    endloop
  endfacet
  facet normal 0 0 1
    outer loop
      vertex -10.25 -6 19.8
      vertex -12.25 -6 19.8
      vertex -10.2393 -6.16316 19.8
    endloop
  endfacet
  facet normal 0 0 1
    outer loop
      vertex -12.2607 -6.16316 19.8
      vertex -10.2393 -6.16316 19.8
      vertex -12.25 -6 19.8
    endloop
  endfacet
  facet normal 0 0 1
    outer loop
      vertex -10.2393 -6.16316 19.8
      vertex -12.2607 -6.16316 19.8
      vertex -10.2074 -6.32352 19.8
    endloop
  endfacet
  facet normal 0 0 1
    outer loop
      vertex -12.2926 -6.32352 19.8
      vertex -10.2074 -6.32352 19.8
      vertex -12.2607 -6.16316 19.8
    endloop
  endfacet
  facet normal 0 0 1
    outer loop
      vertex -10.2074 -6.32352 19.8
      vertex -12.2926 -6.32352 19.8
      vertex -10.1548 -6.47835 19.8
    endloop
  endfacet
  facet normal 0 0 1
    outer loop
      vertex -12.3451 -6.47835 19.8
      vertex -10.1548 -6.47835 19.8
      vertex -12.2926 -6.32352 19.8
    endloop
  endfacet
  facet normal 0 0 1
    outer loop
      vertex -10.1548 -6.47835 19.8
      vertex -12.3451 -6.47835 19.8
      vertex -10.0825 -6.625 19.8
    endloop
  endfacet
  facet normal 0 0 1
    outer loop
      vertex -12.4175 -6.625 19.8
      vertex -10.0825 -6.625 19.8
      vertex -12.3451 -6.47835 19.8
    endloop
  endfacet
  facet normal 0 0 1
    outer loop
      vertex -10.0825 -6.625 19.8
      vertex -12.4175 -6.625 19.8
      vertex -9.99169 -6.76095 19.8
    endloop
  endfacet
  facet normal 0 0 1
    outer loop
      vertex -12.5083 -6.76095 19.8
      vertex -9.99169 -6.76095 19.8
      vertex -12.4175 -6.625 19.8
    endloop
  endfacet
  facet normal 0 0 1
    outer loop
      vertex -9.99169 -6.76095 19.8
      vertex -12.5083 -6.76095 19.8
      vertex -9.88388 -6.88388 19.8
    endloop
  endfacet
  facet normal 0 0 1
    outer loop
      vertex -12.6161 -6.88388 19.8
      vertex -9.88388 -6.88388 19.8
      vertex -12.5083 -6.76095 19.8
    endloop
  endfacet
  facet normal 0 0 1
    outer loop
      vertex -9.88388 -6.88388 19.8
      vertex -12.6161 -6.88388 19.8
      vertex -9.76095 -6.99169 19.8
    endloop
  endfacet
  facet normal 0 0 1
    outer loop
      vertex -12.739 -6.99169 19.8
      vertex -9.76095 -6.99169 19.8
      vertex -12.6161 -6.88388 19.8
    endloop
  endfacet
  facet normal 0 0 1
    outer loop
      vertex -9.76095 -6.99169 19.8
      vertex -12.739 -6.99169 19.8
      vertex -9.625 -7.08253 19.8
    endloop
  endfacet
  facet normal 0 0 1
    outer loop
      vertex -12.875 -7.08253 19.8
      vertex -9.625 -7.08253 19.8
      vertex -12.739 -6.99169 19.8
    endloop
  endfacet
  facet normal 0 0 1
    outer loop
      vertex -9.625 -7.08253 19.8
      vertex -12.875 -7.08253 19.8
      vertex -9.47835 -7.15485 19.8
    endloop
  endfacet
  facet normal 0 0 1
    outer loop
      vertex -13.0216 -7.15485 19.8
      vertex -9.47835 -7.15485 19.8
      vertex -12.875 -7.08253 19.8
    endloop
  endfacet
  facet normal 0 0 1
    outer loop
      vertex -9.47835 -7.15485 19.8
      vertex -13.0216 -7.15485 19.8
      vertex -9.32352 -7.20741 19.8
    endloop
  endfacet
  facet normal 0 0 1
    outer loop
      vertex -13.1765 -7.20741 19.8
      vertex -9.32352 -7.20741 19.8
      vertex -13.0216 -7.15485 19.8
    endloop
  endfacet
  facet normal 0 0 1
    outer loop
      vertex -9.32352 -7.20741 19.8
      vertex -13.1765 -7.20741 19.8
      vertex -9.16316 -7.23931 19.8
    endloop
  endfacet
  facet normal 0 0 1
    outer loop
      vertex -13.3368 -7.23931 19.8
      vertex -9.16316 -7.23931 19.8
      vertex -13.1765 -7.20741 19.8
    endloop
  endfacet
  facet normal 0 0 1
    outer loop
      vertex -9.16316 -7.23931 19.8
      vertex -13.3368 -7.23931 19.8
      vertex -9 -7.25 19.8
    endloop
  endfacet
  facet normal 0 0 1
    outer loop
      vertex -13.5 -7.25 19.8
      vertex -9 -7.25 19.8
      vertex -13.3368 -7.23931 19.8
    endloop
  endfacet
  facet normal 0 0 1
    outer loop
      vertex -9 -7.25 19.8
      vertex -13.5 -7.25 19.8
      vertex -22.3 -8.6 19.8
    endloop
  endfacet
  facet normal 0 0 1
    outer loop
      vertex -14.7074 -5.67648 19.8
      vertex -16.75 -6 19.8
      vertex -14.7393 -5.83684 19.8
    endloop
  endfacet
  facet normal 0 0 1
    outer loop
      vertex -14.7393 -5.83684 19.8
      vertex -16.75 -6 19.8
      vertex -14.75 -6 19.8
    endloop
  endfacet
  facet normal 0 0 1
    outer loop
      vertex -14.75 -6 19.8
      vertex -16.75 -6 19.8
      vertex -14.7393 -6.16316 19.8
    endloop
  endfacet
  facet normal 0 0 1
    outer loop
      vertex -16.7607 -6.16316 19.8
      vertex -14.7393 -6.16316 19.8
      vertex -16.75 -6 19.8
    endloop
  endfacet
  facet normal 0 0 1
    outer loop
      vertex -14.7393 -6.16316 19.8
      vertex -16.7607 -6.16316 19.8
      vertex -14.7074 -6.32352 19.8
    endloop
  endfacet
  facet normal 0 0 1
    outer loop
      vertex -16.7926 -6.32352 19.8
      vertex -14.7074 -6.32352 19.8
      vertex -16.7607 -6.16316 19.8
    endloop
  endfacet
  facet normal 0 0 1
    outer loop
      vertex -14.7074 -6.32352 19.8
      vertex -16.7926 -6.32352 19.8
      vertex -14.6548 -6.47835 19.8
    endloop
  endfacet
  facet normal 0 0 1
    outer loop
      vertex -16.8451 -6.47835 19.8
      vertex -14.6548 -6.47835 19.8
      vertex -16.7926 -6.32352 19.8
    endloop
  endfacet
  facet normal 0 0 1
    outer loop
      vertex -14.6548 -6.47835 19.8
      vertex -16.8451 -6.47835 19.8
      vertex -14.5825 -6.625 19.8
    endloop
  endfacet
  facet normal 0 0 1
    outer loop
      vertex -16.9175 -6.625 19.8
      vertex -14.5825 -6.625 19.8
      vertex -16.8451 -6.47835 19.8
    endloop
  endfacet
  facet normal 0 0 1
    outer loop
      vertex -14.5825 -6.625 19.8
      vertex -16.9175 -6.625 19.8
      vertex -14.4917 -6.76095 19.8
    endloop
  endfacet
  facet normal 0 0 1
    outer loop
      vertex -17.0083 -6.76095 19.8
      vertex -14.4917 -6.76095 19.8
      vertex -16.9175 -6.625 19.8
    endloop
  endfacet
  facet normal 0 0 1
    outer loop
      vertex -14.4917 -6.76095 19.8
      vertex -17.0083 -6.76095 19.8
      vertex -14.3839 -6.88388 19.8
    endloop
  endfacet
  facet normal 0 0 1
    outer loop
      vertex -17.1161 -6.88388 19.8
      vertex -14.3839 -6.88388 19.8
      vertex -17.0083 -6.76095 19.8
    endloop
  endfacet
  facet normal 0 0 1
    outer loop
      vertex -14.3839 -6.88388 19.8
      vertex -17.1161 -6.88388 19.8
      vertex -14.261 -6.99169 19.8
    endloop
  endfacet
  facet normal 0 0 1
    outer loop
      vertex -17.239 -6.99169 19.8
      vertex -14.261 -6.99169 19.8
      vertex -17.1161 -6.88388 19.8
    endloop
  endfacet
  facet normal 0 0 1
    outer loop
      vertex -14.261 -6.99169 19.8
      vertex -17.239 -6.99169 19.8
      vertex -14.125 -7.08253 19.8
    endloop
  endfacet
  facet normal 0 0 1
    outer loop
      vertex -17.375 -7.08253 19.8
      vertex -14.125 -7.08253 19.8
      vertex -17.239 -6.99169 19.8
    endloop
  endfacet
  facet normal 0 0 1
    outer loop
      vertex -14.125 -7.08253 19.8
      vertex -17.375 -7.08253 19.8
      vertex -13.9784 -7.15485 19.8
    endloop
  endfacet
  facet normal 0 0 1
    outer loop
      vertex -17.5216 -7.15485 19.8
      vertex -13.9784 -7.15485 19.8
      vertex -17.375 -7.08253 19.8
    endloop
  endfacet
  facet normal 0 0 1
    outer loop
      vertex -13.9784 -7.15485 19.8
      vertex -17.5216 -7.15485 19.8
      vertex -13.8235 -7.20741 19.8
    endloop
  endfacet
  facet normal 0 0 1
    outer loop
      vertex -17.6765 -7.20741 19.8
      vertex -13.8235 -7.20741 19.8
      vertex -17.5216 -7.15485 19.8
    endloop
  endfacet
  facet normal 0 0 1
    outer loop
      vertex -13.8235 -7.20741 19.8
      vertex -17.6765 -7.20741 19.8
      vertex -13.6632 -7.23931 19.8
    endloop
  endfacet
  facet normal 0 0 1
    outer loop
      vertex -17.8368 -7.23931 19.8
      vertex -13.6632 -7.23931 19.8
      vertex -17.6765 -7.20741 19.8
    endloop
  endfacet
  facet normal 0 0 1
    outer loop
      vertex -22.3 -8.6 19.8
      vertex -13.6632 -7.23931 19.8
      vertex -17.8368 -7.23931 19.8
    endloop
  endfacet
  facet normal 0 0 1
    outer loop
      vertex -13.6632 -7.23931 19.8
      vertex -22.3 -8.6 19.8
      vertex -13.5 -7.25 19.8
    endloop
  endfacet
  facet normal 0 0 1
    outer loop
      vertex -22.3 -8.6 19.8
      vertex -17.8368 -7.23931 19.8
      vertex -18 -7.25 19.8
    endloop
  endfacet
  facet normal 0 0 1
    outer loop
      vertex -19.2393 -5.83684 19.8
      vertex -22.3 -8.6 19.8
      vertex -19.25 -6 19.8
    endloop
  endfacet
  facet normal 0 0 1
    outer loop
      vertex -19.25 -6 19.8
      vertex -22.3 -8.6 19.8
      vertex -19.2393 -6.16316 19.8
    endloop
  endfacet
  facet normal 0 0 1
    outer loop
      vertex 0 -7.25 19.8
      vertex -22.3 -8.6 19.8
      vertex 23.3 -8.6 19.8
    endloop
  endfacet
  facet normal 0 0 1
    outer loop
      vertex -18.1632 -7.23931 19.8
      vertex -22.3 -8.6 19.8
      vertex -18 -7.25 19.8
    endloop
  endfacet
  facet normal 0 0 1
    outer loop
      vertex -18.3235 -7.20741 19.8
      vertex -22.3 -8.6 19.8
      vertex -18.1632 -7.23931 19.8
    endloop
  endfacet
  facet normal 0 0 1
    outer loop
      vertex -18.4784 -7.15485 19.8
      vertex -22.3 -8.6 19.8
      vertex -18.3235 -7.20741 19.8
    endloop
  endfacet
  facet normal 0 0 1
    outer loop
      vertex -18.625 -7.08253 19.8
      vertex -22.3 -8.6 19.8
      vertex -18.4784 -7.15485 19.8
    endloop
  endfacet
  facet normal 0 0 1
    outer loop
      vertex -18.761 -6.99169 19.8
      vertex -22.3 -8.6 19.8
      vertex -18.625 -7.08253 19.8
    endloop
  endfacet
  facet normal 0 0 1
    outer loop
      vertex -18.8839 -6.88388 19.8
      vertex -22.3 -8.6 19.8
      vertex -18.761 -6.99169 19.8
    endloop
  endfacet
  facet normal 0 0 1
    outer loop
      vertex -18.9917 -6.76095 19.8
      vertex -22.3 -8.6 19.8
      vertex -18.8839 -6.88388 19.8
    endloop
  endfacet
  facet normal 0 0 1
    outer loop
      vertex -19.0825 -6.625 19.8
      vertex -22.3 -8.6 19.8
      vertex -18.9917 -6.76095 19.8
    endloop
  endfacet
  facet normal 0 0 1
    outer loop
      vertex -19.1549 -6.47835 19.8
      vertex -22.3 -8.6 19.8
      vertex -19.0825 -6.625 19.8
    endloop
  endfacet
  facet normal 0 0 1
    outer loop
      vertex -19.2074 -6.32352 19.8
      vertex -22.3 -8.6 19.8
      vertex -19.1549 -6.47835 19.8
    endloop
  endfacet
  facet normal 0 0 1
    outer loop
      vertex -19.2393 -6.16316 19.8
      vertex -22.3 -8.6 19.8
      vertex -19.2074 -6.32352 19.8
    endloop
  endfacet
  facet normal 0 -0.995037 0.0995037
    outer loop
      vertex -22.3 -8.7 18.8
      vertex 23.3 -8.6 19.8
      vertex -22.3 -8.6 19.8
    endloop
  endfacet
  facet normal 0 -0.995037 0.0995037
    outer loop
      vertex 23.3 -8.6 19.8
      vertex -22.3 -8.7 18.8
      vertex 23.3 -8.7 18.8
    endloop
  endfacet
  facet normal -1 0 0
    outer loop
      vertex -22.3 8.7 18.8
      vertex -22.3 -8.6 19.8
      vertex -22.3 8.6 19.8
    endloop
  endfacet
  facet normal -1 0 -0
    outer loop
      vertex -22.3 -8.6 19.8
      vertex -22.3 8.7 18.8
      vertex -22.3 -8.7 18.8
    endloop
  endfacet
  facet normal 0 0.995037 0.0995037
    outer loop
      vertex 23.3 8.7 18.8
      vertex -22.3 8.6 19.8
      vertex 23.3 8.6 19.8
    endloop
  endfacet
  facet normal 0 0.995037 0.0995037
    outer loop
      vertex -22.3 8.6 19.8
      vertex 23.3 8.7 18.8
      vertex -22.3 8.7 18.8
    endloop
  endfacet
  facet normal 0 0 -1
    outer loop
      vertex -14.5825 0.625 18.8
      vertex -16.9175 0.625 18.8
      vertex -14.4917 0.760951 18.8
    endloop
  endfacet
  facet normal 0 0 -1
    outer loop
      vertex -14.3839 5.11612 18.8
      vertex -16.7607 5.83684 18.8
      vertex -16.75 6 18.8
    endloop
  endfacet
  facet normal 0 0 -1
    outer loop
      vertex -17.0083 0.760951 18.8
      vertex -14.4917 0.760951 18.8
      vertex -16.9175 0.625 18.8
    endloop
  endfacet
  facet normal 0 0 -1
    outer loop
      vertex -14.3839 5.11612 18.8
      vertex -16.7926 5.67648 18.8
      vertex -16.7607 5.83684 18.8
    endloop
  endfacet
  facet normal 0 0 -1
    outer loop
      vertex -14.4917 0.760951 18.8
      vertex -17.0083 0.760951 18.8
      vertex -14.3839 0.883883 18.8
    endloop
  endfacet
  facet normal 0 0 -1
    outer loop
      vertex -14.3839 5.11612 18.8
      vertex -16.8451 5.52165 18.8
      vertex -16.7926 5.67648 18.8
    endloop
  endfacet
  facet normal 0 0 -1
    outer loop
      vertex -17.1161 0.883883 18.8
      vertex -14.3839 0.883883 18.8
      vertex -17.0083 0.760951 18.8
    endloop
  endfacet
  facet normal 0 0 -1
    outer loop
      vertex -14.3839 5.11612 18.8
      vertex -16.9175 5.375 18.8
      vertex -16.8451 5.52165 18.8
    endloop
  endfacet
  facet normal 0 0 -1
    outer loop
      vertex -17.239 0.991692 18.8
      vertex -14.3839 0.883883 18.8
      vertex -17.1161 0.883883 18.8
    endloop
  endfacet
  facet normal 0 0 -1
    outer loop
      vertex -14.3839 5.11612 18.8
      vertex -17.0083 5.23905 18.8
      vertex -16.9175 5.375 18.8
    endloop
  endfacet
  facet normal 0 0 -1
    outer loop
      vertex -14.3839 0.883883 18.8
      vertex -17.239 0.991692 18.8
      vertex -14.3839 5.11612 18.8
    endloop
  endfacet
  facet normal 0 0 -1
    outer loop
      vertex -14.3839 5.11612 18.8
      vertex -17.1161 5.11612 18.8
      vertex -17.0083 5.23905 18.8
    endloop
  endfacet
  facet normal 0 0 -1
    outer loop
      vertex -17.239 5.00831 18.8
      vertex -14.3839 5.11612 18.8
      vertex -17.239 0.991692 18.8
    endloop
  endfacet
  facet normal -0 0 -1
    outer loop
      vertex -14.3839 5.11612 18.8
      vertex -17.239 5.00831 18.8
      vertex -17.1161 5.11612 18.8
    endloop
  endfacet
  facet normal 0 0 -1
    outer loop
      vertex -17.375 1.08253 18.8
      vertex -17.239 5.00831 18.8
      vertex -17.239 0.991692 18.8
    endloop
  endfacet
  facet normal 0 0 -1
    outer loop
      vertex -17.375 1.08253 18.8
      vertex -17.375 4.91747 18.8
      vertex -17.239 5.00831 18.8
    endloop
  endfacet
  facet normal 0 0 -1
    outer loop
      vertex -17.5216 1.15485 18.8
      vertex -17.375 4.91747 18.8
      vertex -17.375 1.08253 18.8
    endloop
  endfacet
  facet normal 0 0 -1
    outer loop
      vertex -17.5216 1.15485 18.8
      vertex -17.5216 4.84515 18.8
      vertex -17.375 4.91747 18.8
    endloop
  endfacet
  facet normal 0 0 -1
    outer loop
      vertex -17.6765 1.20741 18.8
      vertex -17.5216 4.84515 18.8
      vertex -17.5216 1.15485 18.8
    endloop
  endfacet
  facet normal 0 0 -1
    outer loop
      vertex -17.6765 1.20741 18.8
      vertex -17.6765 4.79259 18.8
      vertex -17.5216 4.84515 18.8
    endloop
  endfacet
  facet normal 0 0 -1
    outer loop
      vertex -17.8368 1.23931 18.8
      vertex -17.6765 4.79259 18.8
      vertex -17.6765 1.20741 18.8
    endloop
  endfacet
  facet normal 0 0 -1
    outer loop
      vertex -17.8368 1.23931 18.8
      vertex -17.8368 4.76069 18.8
      vertex -17.6765 4.79259 18.8
    endloop
  endfacet
  facet normal 0 0 -1
    outer loop
      vertex -18 1.25 18.8
      vertex -17.8368 4.76069 18.8
      vertex -17.8368 1.23931 18.8
    endloop
  endfacet
  facet normal 0 0 -1
    outer loop
      vertex -18 1.25 18.8
      vertex -18 4.75 18.8
      vertex -17.8368 4.76069 18.8
    endloop
  endfacet
  facet normal 0 0 -1
    outer loop
      vertex -18.1632 1.23931 18.8
      vertex -18 4.75 18.8
      vertex -18 1.25 18.8
    endloop
  endfacet
  facet normal 0 0 -1
    outer loop
      vertex -18.1632 1.23931 18.8
      vertex -18.1632 4.76069 18.8
      vertex -18 4.75 18.8
    endloop
  endfacet
  facet normal 0 0 -1
    outer loop
      vertex -18.3235 1.20741 18.8
      vertex -18.1632 4.76069 18.8
      vertex -18.1632 1.23931 18.8
    endloop
  endfacet
  facet normal 0 0 -1
    outer loop
      vertex -18.3235 1.20741 18.8
      vertex -18.3235 4.79259 18.8
      vertex -18.1632 4.76069 18.8
    endloop
  endfacet
  facet normal 0 0 -1
    outer loop
      vertex -18.4784 1.15485 18.8
      vertex -18.3235 4.79259 18.8
      vertex -18.3235 1.20741 18.8
    endloop
  endfacet
  facet normal 0 0 -1
    outer loop
      vertex -18.4784 1.15485 18.8
      vertex -18.4784 4.84515 18.8
      vertex -18.3235 4.79259 18.8
    endloop
  endfacet
  facet normal 0 0 -1
    outer loop
      vertex -18.625 1.08253 18.8
      vertex -18.4784 4.84515 18.8
      vertex -18.4784 1.15485 18.8
    endloop
  endfacet
  facet normal 0 0 -1
    outer loop
      vertex -18.625 1.08253 18.8
      vertex -18.625 4.91747 18.8
      vertex -18.4784 4.84515 18.8
    endloop
  endfacet
  facet normal 0 0 -1
    outer loop
      vertex -18.761 0.991692 18.8
      vertex -18.625 4.91747 18.8
      vertex -18.625 1.08253 18.8
    endloop
  endfacet
  facet normal 0 0 -1
    outer loop
      vertex -18.761 0.991692 18.8
      vertex -18.761 5.00831 18.8
      vertex -18.625 4.91747 18.8
    endloop
  endfacet
  facet normal 0 0 -1
    outer loop
      vertex -18.8839 0.883883 18.8
      vertex -18.761 5.00831 18.8
      vertex -18.761 0.991692 18.8
    endloop
  endfacet
  facet normal 0 0 -1
    outer loop
      vertex -18.8839 0.883883 18.8
      vertex -18.8839 5.11612 18.8
      vertex -18.761 5.00831 18.8
    endloop
  endfacet
  facet normal 0 0 -1
    outer loop
      vertex -18.9917 0.760951 18.8
      vertex -18.8839 5.11612 18.8
      vertex -18.8839 0.883883 18.8
    endloop
  endfacet
  facet normal 0 0 -1
    outer loop
      vertex -18.9917 0.760951 18.8
      vertex -18.9917 5.23905 18.8
      vertex -18.8839 5.11612 18.8
    endloop
  endfacet
  facet normal 0 0 -1
    outer loop
      vertex -19.0825 0.625 18.8
      vertex -18.9917 5.23905 18.8
      vertex -18.9917 0.760951 18.8
    endloop
  endfacet
  facet normal 0 0 -1
    outer loop
      vertex -19.0825 0.625 18.8
      vertex -19.0825 5.375 18.8
      vertex -18.9917 5.23905 18.8
    endloop
  endfacet
  facet normal 0 0 -1
    outer loop
      vertex -19.1549 0.478354 18.8
      vertex -19.0825 5.375 18.8
      vertex -19.0825 0.625 18.8
    endloop
  endfacet
  facet normal 0 0 -1
    outer loop
      vertex -19.1549 0.478354 18.8
      vertex -19.1549 5.52165 18.8
      vertex -19.0825 5.375 18.8
    endloop
  endfacet
  facet normal 0 0 -1
    outer loop
      vertex -22.3 8.7 18.8
      vertex -19.1549 0.478354 18.8
      vertex -19.2074 0.323524 18.8
    endloop
  endfacet
  facet normal 0 0 -1
    outer loop
      vertex -19.1549 0.478354 18.8
      vertex -22.3 8.7 18.8
      vertex -19.1549 5.52165 18.8
    endloop
  endfacet
  facet normal 0 0 -1
    outer loop
      vertex -22.3 8.7 18.8
      vertex -19.2074 0.323524 18.8
      vertex -19.2393 0.163157 18.8
    endloop
  endfacet
  facet normal 0 0 -1
    outer loop
      vertex -19.1549 5.52165 18.8
      vertex -22.3 8.7 18.8
      vertex -19.2074 5.67648 18.8
    endloop
  endfacet
  facet normal 0 0 -1
    outer loop
      vertex -22.3 8.7 18.8
      vertex -19.2393 0.163157 18.8
      vertex -19.25 0 18.8
    endloop
  endfacet
  facet normal 0 0 -1
    outer loop
      vertex -19.2074 5.67648 18.8
      vertex -22.3 8.7 18.8
      vertex -19.2393 5.83684 18.8
    endloop
  endfacet
  facet normal 0 0 -1
    outer loop
      vertex -14.5825 -5.375 18.8
      vertex -16.9175 -5.375 18.8
      vertex -14.4917 -5.23905 18.8
    endloop
  endfacet
  facet normal 0 0 -1
    outer loop
      vertex -14.3839 -0.883883 18.8
      vertex -16.7607 -0.163157 18.8
      vertex -16.75 0 18.8
    endloop
  endfacet
  facet normal 0 0 -1
    outer loop
      vertex -17.0083 -5.23905 18.8
      vertex -14.4917 -5.23905 18.8
      vertex -16.9175 -5.375 18.8
    endloop
  endfacet
  facet normal 0 0 -1
    outer loop
      vertex -14.3839 -0.883883 18.8
      vertex -16.7926 -0.323524 18.8
      vertex -16.7607 -0.163157 18.8
    endloop
  endfacet
  facet normal 0 0 -1
    outer loop
      vertex -14.4917 -5.23905 18.8
      vertex -17.0083 -5.23905 18.8
      vertex -14.3839 -5.11612 18.8
    endloop
  endfacet
  facet normal 0 0 -1
    outer loop
      vertex -14.3839 -0.883883 18.8
      vertex -16.8451 -0.478354 18.8
      vertex -16.7926 -0.323524 18.8
    endloop
  endfacet
  facet normal 0 0 -1
    outer loop
      vertex -17.1161 -5.11612 18.8
      vertex -14.3839 -5.11612 18.8
      vertex -17.0083 -5.23905 18.8
    endloop
  endfacet
  facet normal 0 0 -1
    outer loop
      vertex -14.3839 -0.883883 18.8
      vertex -16.9175 -0.625 18.8
      vertex -16.8451 -0.478354 18.8
    endloop
  endfacet
  facet normal 0 0 -1
    outer loop
      vertex -17.239 -5.00831 18.8
      vertex -14.3839 -5.11612 18.8
      vertex -17.1161 -5.11612 18.8
    endloop
  endfacet
  facet normal 0 0 -1
    outer loop
      vertex -14.3839 -0.883883 18.8
      vertex -17.0083 -0.760951 18.8
      vertex -16.9175 -0.625 18.8
    endloop
  endfacet
  facet normal 0 0 -1
    outer loop
      vertex -14.3839 -5.11612 18.8
      vertex -17.239 -5.00831 18.8
      vertex -14.3839 -0.883883 18.8
    endloop
  endfacet
  facet normal 0 0 -1
    outer loop
      vertex -14.3839 -0.883883 18.8
      vertex -17.1161 -0.883883 18.8
      vertex -17.0083 -0.760951 18.8
    endloop
  endfacet
  facet normal 0 0 -1
    outer loop
      vertex -17.239 -0.991692 18.8
      vertex -14.3839 -0.883883 18.8
      vertex -17.239 -5.00831 18.8
    endloop
  endfacet
  facet normal -0 0 -1
    outer loop
      vertex -14.3839 -0.883883 18.8
      vertex -17.239 -0.991692 18.8
      vertex -17.1161 -0.883883 18.8
    endloop
  endfacet
  facet normal 0 0 -1
    outer loop
      vertex -17.375 -4.91747 18.8
      vertex -17.239 -0.991692 18.8
      vertex -17.239 -5.00831 18.8
    endloop
  endfacet
  facet normal 0 0 -1
    outer loop
      vertex -17.375 -4.91747 18.8
      vertex -17.375 -1.08253 18.8
      vertex -17.239 -0.991692 18.8
    endloop
  endfacet
  facet normal 0 0 -1
    outer loop
      vertex -17.5216 -4.84515 18.8
      vertex -17.375 -1.08253 18.8
      vertex -17.375 -4.91747 18.8
    endloop
  endfacet
  facet normal 0 0 -1
    outer loop
      vertex -17.5216 -4.84515 18.8
      vertex -17.5216 -1.15485 18.8
      vertex -17.375 -1.08253 18.8
    endloop
  endfacet
  facet normal 0 0 -1
    outer loop
      vertex -17.6765 -4.79259 18.8
      vertex -17.5216 -1.15485 18.8
      vertex -17.5216 -4.84515 18.8
    endloop
  endfacet
  facet normal 0 0 -1
    outer loop
      vertex -17.6765 -4.79259 18.8
      vertex -17.6765 -1.20741 18.8
      vertex -17.5216 -1.15485 18.8
    endloop
  endfacet
  facet normal 0 0 -1
    outer loop
      vertex -17.8368 -4.76069 18.8
      vertex -17.6765 -1.20741 18.8
      vertex -17.6765 -4.79259 18.8
    endloop
  endfacet
  facet normal 0 0 -1
    outer loop
      vertex -17.8368 -4.76069 18.8
      vertex -17.8368 -1.23931 18.8
      vertex -17.6765 -1.20741 18.8
    endloop
  endfacet
  facet normal 0 0 -1
    outer loop
      vertex -18 -4.75 18.8
      vertex -17.8368 -1.23931 18.8
      vertex -17.8368 -4.76069 18.8
    endloop
  endfacet
  facet normal 0 0 -1
    outer loop
      vertex -18 -4.75 18.8
      vertex -18 -1.25 18.8
      vertex -17.8368 -1.23931 18.8
    endloop
  endfacet
  facet normal 0 0 -1
    outer loop
      vertex -18.1632 -4.76069 18.8
      vertex -18 -1.25 18.8
      vertex -18 -4.75 18.8
    endloop
  endfacet
  facet normal 0 0 -1
    outer loop
      vertex -18.1632 -4.76069 18.8
      vertex -18.1632 -1.23931 18.8
      vertex -18 -1.25 18.8
    endloop
  endfacet
  facet normal 0 0 -1
    outer loop
      vertex -18.3235 -4.79259 18.8
      vertex -18.1632 -1.23931 18.8
      vertex -18.1632 -4.76069 18.8
    endloop
  endfacet
  facet normal 0 0 -1
    outer loop
      vertex -18.3235 -4.79259 18.8
      vertex -18.3235 -1.20741 18.8
      vertex -18.1632 -1.23931 18.8
    endloop
  endfacet
  facet normal 0 0 -1
    outer loop
      vertex -18.4784 -4.84515 18.8
      vertex -18.3235 -1.20741 18.8
      vertex -18.3235 -4.79259 18.8
    endloop
  endfacet
  facet normal 0 0 -1
    outer loop
      vertex -18.4784 -4.84515 18.8
      vertex -18.4784 -1.15485 18.8
      vertex -18.3235 -1.20741 18.8
    endloop
  endfacet
  facet normal 0 0 -1
    outer loop
      vertex -18.625 -4.91747 18.8
      vertex -18.4784 -1.15485 18.8
      vertex -18.4784 -4.84515 18.8
    endloop
  endfacet
  facet normal 0 0 -1
    outer loop
      vertex -18.625 -4.91747 18.8
      vertex -18.625 -1.08253 18.8
      vertex -18.4784 -1.15485 18.8
    endloop
  endfacet
  facet normal 0 0 -1
    outer loop
      vertex -18.761 -5.00831 18.8
      vertex -18.625 -1.08253 18.8
      vertex -18.625 -4.91747 18.8
    endloop
  endfacet
  facet normal 0 0 -1
    outer loop
      vertex -18.761 -5.00831 18.8
      vertex -18.761 -0.991692 18.8
      vertex -18.625 -1.08253 18.8
    endloop
  endfacet
  facet normal 0 0 -1
    outer loop
      vertex -18.8839 -5.11612 18.8
      vertex -18.761 -0.991692 18.8
      vertex -18.761 -5.00831 18.8
    endloop
  endfacet
  facet normal 0 0 -1
    outer loop
      vertex -18.8839 -5.11612 18.8
      vertex -18.8839 -0.883883 18.8
      vertex -18.761 -0.991692 18.8
    endloop
  endfacet
  facet normal 0 0 -1
    outer loop
      vertex -18.9917 -5.23905 18.8
      vertex -18.8839 -0.883883 18.8
      vertex -18.8839 -5.11612 18.8
    endloop
  endfacet
  facet normal 0 0 -1
    outer loop
      vertex -18.9917 -5.23905 18.8
      vertex -18.9917 -0.760951 18.8
      vertex -18.8839 -0.883883 18.8
    endloop
  endfacet
  facet normal 0 0 -1
    outer loop
      vertex -19.0825 -5.375 18.8
      vertex -18.9917 -0.760951 18.8
      vertex -18.9917 -5.23905 18.8
    endloop
  endfacet
  facet normal 0 0 -1
    outer loop
      vertex -19.0825 -5.375 18.8
      vertex -19.0825 -0.625 18.8
      vertex -18.9917 -0.760951 18.8
    endloop
  endfacet
  facet normal 0 0 -1
    outer loop
      vertex -19.1549 -5.52165 18.8
      vertex -19.0825 -0.625 18.8
      vertex -19.0825 -5.375 18.8
    endloop
  endfacet
  facet normal 0 0 -1
    outer loop
      vertex -19.1549 -5.52165 18.8
      vertex -19.1549 -0.478354 18.8
      vertex -19.0825 -0.625 18.8
    endloop
  endfacet
  facet normal 0 0 -1
    outer loop
      vertex -22.3 -8.7 18.8
      vertex -19.1549 -5.52165 18.8
      vertex -19.2074 -5.67648 18.8
    endloop
  endfacet
  facet normal -0 0 -1
    outer loop
      vertex -19.1549 -5.52165 18.8
      vertex -22.3 -8.7 18.8
      vertex -19.1549 -0.478354 18.8
    endloop
  endfacet
  facet normal 0 0 -1
    outer loop
      vertex -22.3 -8.7 18.8
      vertex -19.2074 -5.67648 18.8
      vertex -19.2393 -5.83684 18.8
    endloop
  endfacet
  facet normal -0 0 -1
    outer loop
      vertex -19.1549 -0.478354 18.8
      vertex -22.3 -8.7 18.8
      vertex -19.2074 -0.323524 18.8
    endloop
  endfacet
  facet normal 0 0 -1
    outer loop
      vertex -22.3 -8.7 18.8
      vertex -19.2393 -5.83684 18.8
      vertex -19.25 -6 18.8
    endloop
  endfacet
  facet normal -0 0 -1
    outer loop
      vertex -19.2074 -0.323524 18.8
      vertex -22.3 -8.7 18.8
      vertex -19.2393 -0.163157 18.8
    endloop
  endfacet
  facet normal 0 0 -1
    outer loop
      vertex -10.0825 0.625 18.8
      vertex -12.4175 0.625 18.8
      vertex -9.99169 0.760951 18.8
    endloop
  endfacet
  facet normal 0 0 -1
    outer loop
      vertex -9.88388 5.11612 18.8
      vertex -12.2607 5.83684 18.8
      vertex -12.25 6 18.8
    endloop
  endfacet
  facet normal 0 0 -1
    outer loop
      vertex -12.5083 0.760951 18.8
      vertex -9.99169 0.760951 18.8
      vertex -12.4175 0.625 18.8
    endloop
  endfacet
  facet normal 0 0 -1
    outer loop
      vertex -9.88388 5.11612 18.8
      vertex -12.2926 5.67648 18.8
      vertex -12.2607 5.83684 18.8
    endloop
  endfacet
  facet normal 0 0 -1
    outer loop
      vertex -9.99169 0.760951 18.8
      vertex -12.5083 0.760951 18.8
      vertex -9.88388 0.883883 18.8
    endloop
  endfacet
  facet normal 0 0 -1
    outer loop
      vertex -9.88388 5.11612 18.8
      vertex -12.3451 5.52165 18.8
      vertex -12.2926 5.67648 18.8
    endloop
  endfacet
  facet normal 0 0 -1
    outer loop
      vertex -12.6161 0.883883 18.8
      vertex -9.88388 0.883883 18.8
      vertex -12.5083 0.760951 18.8
    endloop
  endfacet
  facet normal 0 0 -1
    outer loop
      vertex -9.88388 5.11612 18.8
      vertex -12.4175 5.375 18.8
      vertex -12.3451 5.52165 18.8
    endloop
  endfacet
  facet normal 0 0 -1
    outer loop
      vertex -12.739 0.991692 18.8
      vertex -9.88388 0.883883 18.8
      vertex -12.6161 0.883883 18.8
    endloop
  endfacet
  facet normal 0 0 -1
    outer loop
      vertex -9.88388 5.11612 18.8
      vertex -12.5083 5.23905 18.8
      vertex -12.4175 5.375 18.8
    endloop
  endfacet
  facet normal 0 0 -1
    outer loop
      vertex -9.88388 0.883883 18.8
      vertex -12.739 0.991692 18.8
      vertex -9.88388 5.11612 18.8
    endloop
  endfacet
  facet normal 0 0 -1
    outer loop
      vertex -9.88388 5.11612 18.8
      vertex -12.6161 5.11612 18.8
      vertex -12.5083 5.23905 18.8
    endloop
  endfacet
  facet normal 0 0 -1
    outer loop
      vertex -12.739 5.00831 18.8
      vertex -9.88388 5.11612 18.8
      vertex -12.739 0.991692 18.8
    endloop
  endfacet
  facet normal -0 0 -1
    outer loop
      vertex -9.88388 5.11612 18.8
      vertex -12.739 5.00831 18.8
      vertex -12.6161 5.11612 18.8
    endloop
  endfacet
  facet normal 0 0 -1
    outer loop
      vertex -12.875 1.08253 18.8
      vertex -12.739 5.00831 18.8
      vertex -12.739 0.991692 18.8
    endloop
  endfacet
  facet normal 0 0 -1
    outer loop
      vertex -12.875 1.08253 18.8
      vertex -12.875 4.91747 18.8
      vertex -12.739 5.00831 18.8
    endloop
  endfacet
  facet normal 0 0 -1
    outer loop
      vertex -13.0216 1.15485 18.8
      vertex -12.875 4.91747 18.8
      vertex -12.875 1.08253 18.8
    endloop
  endfacet
  facet normal 0 0 -1
    outer loop
      vertex -13.0216 1.15485 18.8
      vertex -13.0216 4.84515 18.8
      vertex -12.875 4.91747 18.8
    endloop
  endfacet
  facet normal 0 0 -1
    outer loop
      vertex -13.1765 1.20741 18.8
      vertex -13.0216 4.84515 18.8
      vertex -13.0216 1.15485 18.8
    endloop
  endfacet
  facet normal 0 0 -1
    outer loop
      vertex -13.1765 1.20741 18.8
      vertex -13.1765 4.79259 18.8
      vertex -13.0216 4.84515 18.8
    endloop
  endfacet
  facet normal 0 0 -1
    outer loop
      vertex -13.3368 1.23931 18.8
      vertex -13.1765 4.79259 18.8
      vertex -13.1765 1.20741 18.8
    endloop
  endfacet
  facet normal 0 0 -1
    outer loop
      vertex -13.3368 1.23931 18.8
      vertex -13.3368 4.76069 18.8
      vertex -13.1765 4.79259 18.8
    endloop
  endfacet
  facet normal 0 0 -1
    outer loop
      vertex -13.5 1.25 18.8
      vertex -13.3368 4.76069 18.8
      vertex -13.3368 1.23931 18.8
    endloop
  endfacet
  facet normal 0 0 -1
    outer loop
      vertex -13.5 1.25 18.8
      vertex -13.5 4.75 18.8
      vertex -13.3368 4.76069 18.8
    endloop
  endfacet
  facet normal 0 0 -1
    outer loop
      vertex -13.6632 1.23931 18.8
      vertex -13.5 4.75 18.8
      vertex -13.5 1.25 18.8
    endloop
  endfacet
  facet normal 0 0 -1
    outer loop
      vertex -13.6632 1.23931 18.8
      vertex -13.6632 4.76069 18.8
      vertex -13.5 4.75 18.8
    endloop
  endfacet
  facet normal 0 0 -1
    outer loop
      vertex -13.8235 1.20741 18.8
      vertex -13.6632 4.76069 18.8
      vertex -13.6632 1.23931 18.8
    endloop
  endfacet
  facet normal 0 0 -1
    outer loop
      vertex -13.8235 1.20741 18.8
      vertex -13.8235 4.79259 18.8
      vertex -13.6632 4.76069 18.8
    endloop
  endfacet
  facet normal 0 0 -1
    outer loop
      vertex -13.9784 1.15485 18.8
      vertex -13.8235 4.79259 18.8
      vertex -13.8235 1.20741 18.8
    endloop
  endfacet
  facet normal 0 0 -1
    outer loop
      vertex -13.9784 1.15485 18.8
      vertex -13.9784 4.84515 18.8
      vertex -13.8235 4.79259 18.8
    endloop
  endfacet
  facet normal 0 0 -1
    outer loop
      vertex -14.125 1.08253 18.8
      vertex -13.9784 4.84515 18.8
      vertex -13.9784 1.15485 18.8
    endloop
  endfacet
  facet normal 0 0 -1
    outer loop
      vertex -14.125 1.08253 18.8
      vertex -14.125 4.91747 18.8
      vertex -13.9784 4.84515 18.8
    endloop
  endfacet
  facet normal 0 0 -1
    outer loop
      vertex -14.261 0.991692 18.8
      vertex -14.125 4.91747 18.8
      vertex -14.125 1.08253 18.8
    endloop
  endfacet
  facet normal 0 0 -1
    outer loop
      vertex -14.261 0.991692 18.8
      vertex -14.261 5.00831 18.8
      vertex -14.125 4.91747 18.8
    endloop
  endfacet
  facet normal 0 0 -1
    outer loop
      vertex -14.3839 0.883883 18.8
      vertex -14.261 5.00831 18.8
      vertex -14.261 0.991692 18.8
    endloop
  endfacet
  facet normal 0 0 -1
    outer loop
      vertex -14.3839 0.883883 18.8
      vertex -14.3839 5.11612 18.8
      vertex -14.261 5.00831 18.8
    endloop
  endfacet
  facet normal 0 0 -1
    outer loop
      vertex -16.8451 0.478354 18.8
      vertex -14.6548 0.478354 18.8
      vertex -16.7926 0.323524 18.8
    endloop
  endfacet
  facet normal 0 0 -1
    outer loop
      vertex -14.6548 0.478354 18.8
      vertex -16.8451 0.478354 18.8
      vertex -14.5825 0.625 18.8
    endloop
  endfacet
  facet normal 0 0 -1
    outer loop
      vertex -14.7074 0.323524 18.8
      vertex -16.7926 0.323524 18.8
      vertex -14.6548 0.478354 18.8
    endloop
  endfacet
  facet normal 0 0 -1
    outer loop
      vertex -16.9175 0.625 18.8
      vertex -14.5825 0.625 18.8
      vertex -16.8451 0.478354 18.8
    endloop
  endfacet
  facet normal 0 0 -1
    outer loop
      vertex -16.7926 0.323524 18.8
      vertex -14.7074 0.323524 18.8
      vertex -16.7607 0.163157 18.8
    endloop
  endfacet
  facet normal 0 0 -1
    outer loop
      vertex -14.3839 5.11612 18.8
      vertex -16.75 6 18.8
      vertex -14.4917 5.23905 18.8
    endloop
  endfacet
  facet normal 0 0 -1
    outer loop
      vertex -14.7393 0.163157 18.8
      vertex -16.7607 0.163157 18.8
      vertex -14.7074 0.323524 18.8
    endloop
  endfacet
  facet normal 0 0 -1
    outer loop
      vertex -14.4917 5.23905 18.8
      vertex -16.75 6 18.8
      vertex -14.5825 5.375 18.8
    endloop
  endfacet
  facet normal 0 0 -1
    outer loop
      vertex -16.7607 0.163157 18.8
      vertex -14.7393 0.163157 18.8
      vertex -16.75 0 18.8
    endloop
  endfacet
  facet normal 0 0 -1
    outer loop
      vertex -14.5825 5.375 18.8
      vertex -16.75 6 18.8
      vertex -14.6548 5.52165 18.8
    endloop
  endfacet
  facet normal 0 0 -1
    outer loop
      vertex -16.75 0 18.8
      vertex -14.7393 0.163157 18.8
      vertex -14.75 0 18.8
    endloop
  endfacet
  facet normal 0 0 -1
    outer loop
      vertex -14.6548 5.52165 18.8
      vertex -16.75 6 18.8
      vertex -14.7074 5.67648 18.8
    endloop
  endfacet
  facet normal 0 0 -1
    outer loop
      vertex -10.0825 -5.375 18.8
      vertex -12.4175 -5.375 18.8
      vertex -9.99169 -5.23905 18.8
    endloop
  endfacet
  facet normal 0 0 -1
    outer loop
      vertex -9.88388 -0.883883 18.8
      vertex -12.2607 -0.163157 18.8
      vertex -12.25 0 18.8
    endloop
  endfacet
  facet normal 0 0 -1
    outer loop
      vertex -12.5083 -5.23905 18.8
      vertex -9.99169 -5.23905 18.8
      vertex -12.4175 -5.375 18.8
    endloop
  endfacet
  facet normal 0 0 -1
    outer loop
      vertex -9.88388 -0.883883 18.8
      vertex -12.2926 -0.323524 18.8
      vertex -12.2607 -0.163157 18.8
    endloop
  endfacet
  facet normal 0 0 -1
    outer loop
      vertex -9.99169 -5.23905 18.8
      vertex -12.5083 -5.23905 18.8
      vertex -9.88388 -5.11612 18.8
    endloop
  endfacet
  facet normal 0 0 -1
    outer loop
      vertex -9.88388 -0.883883 18.8
      vertex -12.3451 -0.478354 18.8
      vertex -12.2926 -0.323524 18.8
    endloop
  endfacet
  facet normal 0 0 -1
    outer loop
      vertex -12.6161 -5.11612 18.8
      vertex -9.88388 -5.11612 18.8
      vertex -12.5083 -5.23905 18.8
    endloop
  endfacet
  facet normal 0 0 -1
    outer loop
      vertex -9.88388 -0.883883 18.8
      vertex -12.4175 -0.625 18.8
      vertex -12.3451 -0.478354 18.8
    endloop
  endfacet
  facet normal 0 0 -1
    outer loop
      vertex -12.739 -5.00831 18.8
      vertex -9.88388 -5.11612 18.8
      vertex -12.6161 -5.11612 18.8
    endloop
  endfacet
  facet normal 0 0 -1
    outer loop
      vertex -9.88388 -0.883883 18.8
      vertex -12.5083 -0.760951 18.8
      vertex -12.4175 -0.625 18.8
    endloop
  endfacet
  facet normal 0 0 -1
    outer loop
      vertex -9.88388 -5.11612 18.8
      vertex -12.739 -5.00831 18.8
      vertex -9.88388 -0.883883 18.8
    endloop
  endfacet
  facet normal 0 0 -1
    outer loop
      vertex -9.88388 -0.883883 18.8
      vertex -12.6161 -0.883883 18.8
      vertex -12.5083 -0.760951 18.8
    endloop
  endfacet
  facet normal 0 0 -1
    outer loop
      vertex -12.739 -0.991692 18.8
      vertex -9.88388 -0.883883 18.8
      vertex -12.739 -5.00831 18.8
    endloop
  endfacet
  facet normal -0 0 -1
    outer loop
      vertex -9.88388 -0.883883 18.8
      vertex -12.739 -0.991692 18.8
      vertex -12.6161 -0.883883 18.8
    endloop
  endfacet
  facet normal 0 0 -1
    outer loop
      vertex -12.875 -4.91747 18.8
      vertex -12.739 -0.991692 18.8
      vertex -12.739 -5.00831 18.8
    endloop
  endfacet
  facet normal 0 0 -1
    outer loop
      vertex -12.875 -4.91747 18.8
      vertex -12.875 -1.08253 18.8
      vertex -12.739 -0.991692 18.8
    endloop
  endfacet
  facet normal 0 0 -1
    outer loop
      vertex -13.0216 -4.84515 18.8
      vertex -12.875 -1.08253 18.8
      vertex -12.875 -4.91747 18.8
    endloop
  endfacet
  facet normal 0 0 -1
    outer loop
      vertex -13.0216 -4.84515 18.8
      vertex -13.0216 -1.15485 18.8
      vertex -12.875 -1.08253 18.8
    endloop
  endfacet
  facet normal 0 0 -1
    outer loop
      vertex -13.1765 -4.79259 18.8
      vertex -13.0216 -1.15485 18.8
      vertex -13.0216 -4.84515 18.8
    endloop
  endfacet
  facet normal 0 0 -1
    outer loop
      vertex -13.1765 -4.79259 18.8
      vertex -13.1765 -1.20741 18.8
      vertex -13.0216 -1.15485 18.8
    endloop
  endfacet
  facet normal 0 0 -1
    outer loop
      vertex -13.3368 -4.76069 18.8
      vertex -13.1765 -1.20741 18.8
      vertex -13.1765 -4.79259 18.8
    endloop
  endfacet
  facet normal 0 0 -1
    outer loop
      vertex -13.3368 -4.76069 18.8
      vertex -13.3368 -1.23931 18.8
      vertex -13.1765 -1.20741 18.8
    endloop
  endfacet
  facet normal 0 0 -1
    outer loop
      vertex -13.5 -4.75 18.8
      vertex -13.3368 -1.23931 18.8
      vertex -13.3368 -4.76069 18.8
    endloop
  endfacet
  facet normal 0 0 -1
    outer loop
      vertex -13.5 -4.75 18.8
      vertex -13.5 -1.25 18.8
      vertex -13.3368 -1.23931 18.8
    endloop
  endfacet
  facet normal 0 0 -1
    outer loop
      vertex -13.6632 -4.76069 18.8
      vertex -13.5 -1.25 18.8
      vertex -13.5 -4.75 18.8
    endloop
  endfacet
  facet normal 0 0 -1
    outer loop
      vertex -13.6632 -4.76069 18.8
      vertex -13.6632 -1.23931 18.8
      vertex -13.5 -1.25 18.8
    endloop
  endfacet
  facet normal 0 0 -1
    outer loop
      vertex -13.8235 -4.79259 18.8
      vertex -13.6632 -1.23931 18.8
      vertex -13.6632 -4.76069 18.8
    endloop
  endfacet
  facet normal 0 0 -1
    outer loop
      vertex -13.8235 -4.79259 18.8
      vertex -13.8235 -1.20741 18.8
      vertex -13.6632 -1.23931 18.8
    endloop
  endfacet
  facet normal 0 0 -1
    outer loop
      vertex -13.9784 -4.84515 18.8
      vertex -13.8235 -1.20741 18.8
      vertex -13.8235 -4.79259 18.8
    endloop
  endfacet
  facet normal 0 0 -1
    outer loop
      vertex -13.9784 -4.84515 18.8
      vertex -13.9784 -1.15485 18.8
      vertex -13.8235 -1.20741 18.8
    endloop
  endfacet
  facet normal 0 0 -1
    outer loop
      vertex -14.125 -4.91747 18.8
      vertex -13.9784 -1.15485 18.8
      vertex -13.9784 -4.84515 18.8
    endloop
  endfacet
  facet normal 0 0 -1
    outer loop
      vertex -14.125 -4.91747 18.8
      vertex -14.125 -1.08253 18.8
      vertex -13.9784 -1.15485 18.8
    endloop
  endfacet
  facet normal 0 0 -1
    outer loop
      vertex -14.261 -5.00831 18.8
      vertex -14.125 -1.08253 18.8
      vertex -14.125 -4.91747 18.8
    endloop
  endfacet
  facet normal 0 0 -1
    outer loop
      vertex -14.261 -5.00831 18.8
      vertex -14.261 -0.991692 18.8
      vertex -14.125 -1.08253 18.8
    endloop
  endfacet
  facet normal 0 0 -1
    outer loop
      vertex -14.3839 -5.11612 18.8
      vertex -14.261 -0.991692 18.8
      vertex -14.261 -5.00831 18.8
    endloop
  endfacet
  facet normal 0 0 -1
    outer loop
      vertex -14.3839 -5.11612 18.8
      vertex -14.3839 -0.883883 18.8
      vertex -14.261 -0.991692 18.8
    endloop
  endfacet
  facet normal 0 0 -1
    outer loop
      vertex -16.8451 -5.52165 18.8
      vertex -14.6548 -5.52165 18.8
      vertex -16.7926 -5.67648 18.8
    endloop
  endfacet
  facet normal 0 0 -1
    outer loop
      vertex -14.6548 -5.52165 18.8
      vertex -16.8451 -5.52165 18.8
      vertex -14.5825 -5.375 18.8
    endloop
  endfacet
  facet normal 0 0 -1
    outer loop
      vertex -14.7074 -5.67648 18.8
      vertex -16.7926 -5.67648 18.8
      vertex -14.6548 -5.52165 18.8
    endloop
  endfacet
  facet normal 0 0 -1
    outer loop
      vertex -16.9175 -5.375 18.8
      vertex -14.5825 -5.375 18.8
      vertex -16.8451 -5.52165 18.8
    endloop
  endfacet
  facet normal 0 0 -1
    outer loop
      vertex -16.7926 -5.67648 18.8
      vertex -14.7074 -5.67648 18.8
      vertex -16.7607 -5.83684 18.8
    endloop
  endfacet
  facet normal 0 0 -1
    outer loop
      vertex -14.3839 -0.883883 18.8
      vertex -16.75 0 18.8
      vertex -14.4917 -0.760951 18.8
    endloop
  endfacet
  facet normal 0 0 -1
    outer loop
      vertex -14.7393 -5.83684 18.8
      vertex -16.7607 -5.83684 18.8
      vertex -14.7074 -5.67648 18.8
    endloop
  endfacet
  facet normal 0 0 -1
    outer loop
      vertex -14.4917 -0.760951 18.8
      vertex -16.75 0 18.8
      vertex -14.5825 -0.625 18.8
    endloop
  endfacet
  facet normal 0 0 -1
    outer loop
      vertex -16.7607 -5.83684 18.8
      vertex -14.7393 -5.83684 18.8
      vertex -16.75 -6 18.8
    endloop
  endfacet
  facet normal 0 0 -1
    outer loop
      vertex -14.5825 -0.625 18.8
      vertex -16.75 0 18.8
      vertex -14.6548 -0.478354 18.8
    endloop
  endfacet
  facet normal 0 0 -1
    outer loop
      vertex -16.75 -6 18.8
      vertex -14.7393 -5.83684 18.8
      vertex -14.75 -6 18.8
    endloop
  endfacet
  facet normal 0 0 -1
    outer loop
      vertex -14.6548 -0.478354 18.8
      vertex -16.75 0 18.8
      vertex -14.7074 -0.323524 18.8
    endloop
  endfacet
  facet normal 0 0 -1
    outer loop
      vertex -5.58253 0.625 18.8
      vertex -7.91747 0.625 18.8
      vertex -5.49169 0.760951 18.8
    endloop
  endfacet
  facet normal 0 0 -1
    outer loop
      vertex -5.38388 5.11612 18.8
      vertex -7.76069 5.83684 18.8
      vertex -7.75 6 18.8
    endloop
  endfacet
  facet normal 0 0 -1
    outer loop
      vertex -8.00831 0.760951 18.8
      vertex -5.49169 0.760951 18.8
      vertex -7.91747 0.625 18.8
    endloop
  endfacet
  facet normal 0 0 -1
    outer loop
      vertex -5.38388 5.11612 18.8
      vertex -7.79259 5.67648 18.8
      vertex -7.76069 5.83684 18.8
    endloop
  endfacet
  facet normal 0 0 -1
    outer loop
      vertex -5.49169 0.760951 18.8
      vertex -8.00831 0.760951 18.8
      vertex -5.38388 0.883883 18.8
    endloop
  endfacet
  facet normal 0 0 -1
    outer loop
      vertex -5.38388 5.11612 18.8
      vertex -7.84515 5.52165 18.8
      vertex -7.79259 5.67648 18.8
    endloop
  endfacet
  facet normal 0 0 -1
    outer loop
      vertex -8.11612 0.883883 18.8
      vertex -5.38388 0.883883 18.8
      vertex -8.00831 0.760951 18.8
    endloop
  endfacet
  facet normal 0 0 -1
    outer loop
      vertex -5.38388 5.11612 18.8
      vertex -7.91747 5.375 18.8
      vertex -7.84515 5.52165 18.8
    endloop
  endfacet
  facet normal 0 0 -1
    outer loop
      vertex -8.23905 0.991692 18.8
      vertex -5.38388 0.883883 18.8
      vertex -8.11612 0.883883 18.8
    endloop
  endfacet
  facet normal 0 0 -1
    outer loop
      vertex -5.38388 5.11612 18.8
      vertex -8.00831 5.23905 18.8
      vertex -7.91747 5.375 18.8
    endloop
  endfacet
  facet normal 0 0 -1
    outer loop
      vertex -5.38388 0.883883 18.8
      vertex -8.23905 0.991692 18.8
      vertex -5.38388 5.11612 18.8
    endloop
  endfacet
  facet normal 0 0 -1
    outer loop
      vertex -5.38388 5.11612 18.8
      vertex -8.11612 5.11612 18.8
      vertex -8.00831 5.23905 18.8
    endloop
  endfacet
  facet normal 0 0 -1
    outer loop
      vertex -8.23905 5.00831 18.8
      vertex -5.38388 5.11612 18.8
      vertex -8.23905 0.991692 18.8
    endloop
  endfacet
  facet normal -0 0 -1
    outer loop
      vertex -5.38388 5.11612 18.8
      vertex -8.23905 5.00831 18.8
      vertex -8.11612 5.11612 18.8
    endloop
  endfacet
  facet normal 0 0 -1
    outer loop
      vertex -8.375 1.08253 18.8
      vertex -8.23905 5.00831 18.8
      vertex -8.23905 0.991692 18.8
    endloop
  endfacet
  facet normal 0 0 -1
    outer loop
      vertex -8.375 1.08253 18.8
      vertex -8.375 4.91747 18.8
      vertex -8.23905 5.00831 18.8
    endloop
  endfacet
  facet normal 0 0 -1
    outer loop
      vertex -8.52165 1.15485 18.8
      vertex -8.375 4.91747 18.8
      vertex -8.375 1.08253 18.8
    endloop
  endfacet
  facet normal 0 0 -1
    outer loop
      vertex -8.52165 1.15485 18.8
      vertex -8.52165 4.84515 18.8
      vertex -8.375 4.91747 18.8
    endloop
  endfacet
  facet normal 0 0 -1
    outer loop
      vertex -8.67648 1.20741 18.8
      vertex -8.52165 4.84515 18.8
      vertex -8.52165 1.15485 18.8
    endloop
  endfacet
  facet normal 0 0 -1
    outer loop
      vertex -8.67648 1.20741 18.8
      vertex -8.67648 4.79259 18.8
      vertex -8.52165 4.84515 18.8
    endloop
  endfacet
  facet normal 0 0 -1
    outer loop
      vertex -8.83684 1.23931 18.8
      vertex -8.67648 4.79259 18.8
      vertex -8.67648 1.20741 18.8
    endloop
  endfacet
  facet normal 0 0 -1
    outer loop
      vertex -8.83684 1.23931 18.8
      vertex -8.83684 4.76069 18.8
      vertex -8.67648 4.79259 18.8
    endloop
  endfacet
  facet normal 0 0 -1
    outer loop
      vertex -9 1.25 18.8
      vertex -8.83684 4.76069 18.8
      vertex -8.83684 1.23931 18.8
    endloop
  endfacet
  facet normal 0 0 -1
    outer loop
      vertex -9 1.25 18.8
      vertex -9 4.75 18.8
      vertex -8.83684 4.76069 18.8
    endloop
  endfacet
  facet normal 0 0 -1
    outer loop
      vertex -9.16316 1.23931 18.8
      vertex -9 4.75 18.8
      vertex -9 1.25 18.8
    endloop
  endfacet
  facet normal 0 0 -1
    outer loop
      vertex -9.16316 1.23931 18.8
      vertex -9.16316 4.76069 18.8
      vertex -9 4.75 18.8
    endloop
  endfacet
  facet normal 0 0 -1
    outer loop
      vertex -9.32352 1.20741 18.8
      vertex -9.16316 4.76069 18.8
      vertex -9.16316 1.23931 18.8
    endloop
  endfacet
  facet normal 0 0 -1
    outer loop
      vertex -9.32352 1.20741 18.8
      vertex -9.32352 4.79259 18.8
      vertex -9.16316 4.76069 18.8
    endloop
  endfacet
  facet normal 0 0 -1
    outer loop
      vertex -9.47835 1.15485 18.8
      vertex -9.32352 4.79259 18.8
      vertex -9.32352 1.20741 18.8
    endloop
  endfacet
  facet normal 0 0 -1
    outer loop
      vertex -9.47835 1.15485 18.8
      vertex -9.47835 4.84515 18.8
      vertex -9.32352 4.79259 18.8
    endloop
  endfacet
  facet normal 0 0 -1
    outer loop
      vertex -9.625 1.08253 18.8
      vertex -9.47835 4.84515 18.8
      vertex -9.47835 1.15485 18.8
    endloop
  endfacet
  facet normal 0 0 -1
    outer loop
      vertex -9.625 1.08253 18.8
      vertex -9.625 4.91747 18.8
      vertex -9.47835 4.84515 18.8
    endloop
  endfacet
  facet normal 0 0 -1
    outer loop
      vertex -9.76095 0.991692 18.8
      vertex -9.625 4.91747 18.8
      vertex -9.625 1.08253 18.8
    endloop
  endfacet
  facet normal 0 0 -1
    outer loop
      vertex -9.76095 0.991692 18.8
      vertex -9.76095 5.00831 18.8
      vertex -9.625 4.91747 18.8
    endloop
  endfacet
  facet normal 0 0 -1
    outer loop
      vertex -9.88388 0.883883 18.8
      vertex -9.76095 5.00831 18.8
      vertex -9.76095 0.991692 18.8
    endloop
  endfacet
  facet normal 0 0 -1
    outer loop
      vertex -9.88388 0.883883 18.8
      vertex -9.88388 5.11612 18.8
      vertex -9.76095 5.00831 18.8
    endloop
  endfacet
  facet normal 0 0 -1
    outer loop
      vertex -12.3451 0.478354 18.8
      vertex -10.1548 0.478354 18.8
      vertex -12.2926 0.323524 18.8
    endloop
  endfacet
  facet normal 0 0 -1
    outer loop
      vertex -10.1548 0.478354 18.8
      vertex -12.3451 0.478354 18.8
      vertex -10.0825 0.625 18.8
    endloop
  endfacet
  facet normal 0 0 -1
    outer loop
      vertex -10.2074 0.323524 18.8
      vertex -12.2926 0.323524 18.8
      vertex -10.1548 0.478354 18.8
    endloop
  endfacet
  facet normal 0 0 -1
    outer loop
      vertex -12.4175 0.625 18.8
      vertex -10.0825 0.625 18.8
      vertex -12.3451 0.478354 18.8
    endloop
  endfacet
  facet normal 0 0 -1
    outer loop
      vertex -12.2926 0.323524 18.8
      vertex -10.2074 0.323524 18.8
      vertex -12.2607 0.163157 18.8
    endloop
  endfacet
  facet normal 0 0 -1
    outer loop
      vertex -9.88388 5.11612 18.8
      vertex -12.25 6 18.8
      vertex -9.99169 5.23905 18.8
    endloop
  endfacet
  facet normal 0 0 -1
    outer loop
      vertex -10.2393 0.163157 18.8
      vertex -12.2607 0.163157 18.8
      vertex -10.2074 0.323524 18.8
    endloop
  endfacet
  facet normal 0 0 -1
    outer loop
      vertex -9.99169 5.23905 18.8
      vertex -12.25 6 18.8
      vertex -10.0825 5.375 18.8
    endloop
  endfacet
  facet normal 0 0 -1
    outer loop
      vertex -12.2607 0.163157 18.8
      vertex -10.2393 0.163157 18.8
      vertex -12.25 0 18.8
    endloop
  endfacet
  facet normal 0 0 -1
    outer loop
      vertex -10.0825 5.375 18.8
      vertex -12.25 6 18.8
      vertex -10.1548 5.52165 18.8
    endloop
  endfacet
  facet normal 0 0 -1
    outer loop
      vertex -12.25 0 18.8
      vertex -10.2393 0.163157 18.8
      vertex -10.25 0 18.8
    endloop
  endfacet
  facet normal 0 0 -1
    outer loop
      vertex -10.1548 5.52165 18.8
      vertex -12.25 6 18.8
      vertex -10.2074 5.67648 18.8
    endloop
  endfacet
  facet normal 0 0 -1
    outer loop
      vertex -5.58253 -5.375 18.8
      vertex -7.91747 -5.375 18.8
      vertex -5.49169 -5.23905 18.8
    endloop
  endfacet
  facet normal 0 0 -1
    outer loop
      vertex -5.38388 -0.883883 18.8
      vertex -7.76069 -0.163157 18.8
      vertex -7.75 0 18.8
    endloop
  endfacet
  facet normal 0 0 -1
    outer loop
      vertex -8.00831 -5.23905 18.8
      vertex -5.49169 -5.23905 18.8
      vertex -7.91747 -5.375 18.8
    endloop
  endfacet
  facet normal 0 0 -1
    outer loop
      vertex -5.38388 -0.883883 18.8
      vertex -7.79259 -0.323524 18.8
      vertex -7.76069 -0.163157 18.8
    endloop
  endfacet
  facet normal 0 0 -1
    outer loop
      vertex -5.49169 -5.23905 18.8
      vertex -8.00831 -5.23905 18.8
      vertex -5.38388 -5.11612 18.8
    endloop
  endfacet
  facet normal 0 0 -1
    outer loop
      vertex -5.38388 -0.883883 18.8
      vertex -7.84515 -0.478354 18.8
      vertex -7.79259 -0.323524 18.8
    endloop
  endfacet
  facet normal 0 0 -1
    outer loop
      vertex -8.11612 -5.11612 18.8
      vertex -5.38388 -5.11612 18.8
      vertex -8.00831 -5.23905 18.8
    endloop
  endfacet
  facet normal 0 0 -1
    outer loop
      vertex -5.38388 -0.883883 18.8
      vertex -7.91747 -0.625 18.8
      vertex -7.84515 -0.478354 18.8
    endloop
  endfacet
  facet normal 0 0 -1
    outer loop
      vertex -8.23905 -5.00831 18.8
      vertex -5.38388 -5.11612 18.8
      vertex -8.11612 -5.11612 18.8
    endloop
  endfacet
  facet normal 0 0 -1
    outer loop
      vertex -5.38388 -0.883883 18.8
      vertex -8.00831 -0.760951 18.8
      vertex -7.91747 -0.625 18.8
    endloop
  endfacet
  facet normal 0 0 -1
    outer loop
      vertex -5.38388 -5.11612 18.8
      vertex -8.23905 -5.00831 18.8
      vertex -5.38388 -0.883883 18.8
    endloop
  endfacet
  facet normal 0 0 -1
    outer loop
      vertex -5.38388 -0.883883 18.8
      vertex -8.11612 -0.883883 18.8
      vertex -8.00831 -0.760951 18.8
    endloop
  endfacet
  facet normal 0 0 -1
    outer loop
      vertex -8.23905 -0.991692 18.8
      vertex -5.38388 -0.883883 18.8
      vertex -8.23905 -5.00831 18.8
    endloop
  endfacet
  facet normal -0 0 -1
    outer loop
      vertex -5.38388 -0.883883 18.8
      vertex -8.23905 -0.991692 18.8
      vertex -8.11612 -0.883883 18.8
    endloop
  endfacet
  facet normal 0 0 -1
    outer loop
      vertex -8.375 -4.91747 18.8
      vertex -8.23905 -0.991692 18.8
      vertex -8.23905 -5.00831 18.8
    endloop
  endfacet
  facet normal 0 0 -1
    outer loop
      vertex -8.375 -4.91747 18.8
      vertex -8.375 -1.08253 18.8
      vertex -8.23905 -0.991692 18.8
    endloop
  endfacet
  facet normal 0 0 -1
    outer loop
      vertex -8.52165 -4.84515 18.8
      vertex -8.375 -1.08253 18.8
      vertex -8.375 -4.91747 18.8
    endloop
  endfacet
  facet normal 0 0 -1
    outer loop
      vertex -8.52165 -4.84515 18.8
      vertex -8.52165 -1.15485 18.8
      vertex -8.375 -1.08253 18.8
    endloop
  endfacet
  facet normal 0 0 -1
    outer loop
      vertex -8.67648 -4.79259 18.8
      vertex -8.52165 -1.15485 18.8
      vertex -8.52165 -4.84515 18.8
    endloop
  endfacet
  facet normal 0 0 -1
    outer loop
      vertex -8.67648 -4.79259 18.8
      vertex -8.67648 -1.20741 18.8
      vertex -8.52165 -1.15485 18.8
    endloop
  endfacet
  facet normal 0 0 -1
    outer loop
      vertex -8.83684 -4.76069 18.8
      vertex -8.67648 -1.20741 18.8
      vertex -8.67648 -4.79259 18.8
    endloop
  endfacet
  facet normal 0 0 -1
    outer loop
      vertex -8.83684 -4.76069 18.8
      vertex -8.83684 -1.23931 18.8
      vertex -8.67648 -1.20741 18.8
    endloop
  endfacet
  facet normal 0 0 -1
    outer loop
      vertex -9 -4.75 18.8
      vertex -8.83684 -1.23931 18.8
      vertex -8.83684 -4.76069 18.8
    endloop
  endfacet
  facet normal 0 0 -1
    outer loop
      vertex -9 -4.75 18.8
      vertex -9 -1.25 18.8
      vertex -8.83684 -1.23931 18.8
    endloop
  endfacet
  facet normal 0 0 -1
    outer loop
      vertex -9.16316 -4.76069 18.8
      vertex -9 -1.25 18.8
      vertex -9 -4.75 18.8
    endloop
  endfacet
  facet normal 0 0 -1
    outer loop
      vertex -9.16316 -4.76069 18.8
      vertex -9.16316 -1.23931 18.8
      vertex -9 -1.25 18.8
    endloop
  endfacet
  facet normal 0 0 -1
    outer loop
      vertex -9.32352 -4.79259 18.8
      vertex -9.16316 -1.23931 18.8
      vertex -9.16316 -4.76069 18.8
    endloop
  endfacet
  facet normal 0 0 -1
    outer loop
      vertex -9.32352 -4.79259 18.8
      vertex -9.32352 -1.20741 18.8
      vertex -9.16316 -1.23931 18.8
    endloop
  endfacet
  facet normal 0 0 -1
    outer loop
      vertex -9.47835 -4.84515 18.8
      vertex -9.32352 -1.20741 18.8
      vertex -9.32352 -4.79259 18.8
    endloop
  endfacet
  facet normal 0 0 -1
    outer loop
      vertex -9.47835 -4.84515 18.8
      vertex -9.47835 -1.15485 18.8
      vertex -9.32352 -1.20741 18.8
    endloop
  endfacet
  facet normal 0 0 -1
    outer loop
      vertex -9.625 -4.91747 18.8
      vertex -9.47835 -1.15485 18.8
      vertex -9.47835 -4.84515 18.8
    endloop
  endfacet
  facet normal 0 0 -1
    outer loop
      vertex -9.625 -4.91747 18.8
      vertex -9.625 -1.08253 18.8
      vertex -9.47835 -1.15485 18.8
    endloop
  endfacet
  facet normal 0 0 -1
    outer loop
      vertex -9.76095 -5.00831 18.8
      vertex -9.625 -1.08253 18.8
      vertex -9.625 -4.91747 18.8
    endloop
  endfacet
  facet normal 0 0 -1
    outer loop
      vertex -9.76095 -5.00831 18.8
      vertex -9.76095 -0.991692 18.8
      vertex -9.625 -1.08253 18.8
    endloop
  endfacet
  facet normal 0 0 -1
    outer loop
      vertex -9.88388 -5.11612 18.8
      vertex -9.76095 -0.991692 18.8
      vertex -9.76095 -5.00831 18.8
    endloop
  endfacet
  facet normal 0 0 -1
    outer loop
      vertex -9.88388 -5.11612 18.8
      vertex -9.88388 -0.883883 18.8
      vertex -9.76095 -0.991692 18.8
    endloop
  endfacet
  facet normal 0 0 -1
    outer loop
      vertex -12.3451 -5.52165 18.8
      vertex -10.1548 -5.52165 18.8
      vertex -12.2926 -5.67648 18.8
    endloop
  endfacet
  facet normal 0 0 -1
    outer loop
      vertex -10.1548 -5.52165 18.8
      vertex -12.3451 -5.52165 18.8
      vertex -10.0825 -5.375 18.8
    endloop
  endfacet
  facet normal 0 0 -1
    outer loop
      vertex -10.2074 -5.67648 18.8
      vertex -12.2926 -5.67648 18.8
      vertex -10.1548 -5.52165 18.8
    endloop
  endfacet
  facet normal 0 0 -1
    outer loop
      vertex -12.4175 -5.375 18.8
      vertex -10.0825 -5.375 18.8
      vertex -12.3451 -5.52165 18.8
    endloop
  endfacet
  facet normal 0 0 -1
    outer loop
      vertex -12.2926 -5.67648 18.8
      vertex -10.2074 -5.67648 18.8
      vertex -12.2607 -5.83684 18.8
    endloop
  endfacet
  facet normal 0 0 -1
    outer loop
      vertex -9.88388 -0.883883 18.8
      vertex -12.25 0 18.8
      vertex -9.99169 -0.760951 18.8
    endloop
  endfacet
  facet normal 0 0 -1
    outer loop
      vertex -10.2393 -5.83684 18.8
      vertex -12.2607 -5.83684 18.8
      vertex -10.2074 -5.67648 18.8
    endloop
  endfacet
  facet normal 0 0 -1
    outer loop
      vertex -9.99169 -0.760951 18.8
      vertex -12.25 0 18.8
      vertex -10.0825 -0.625 18.8
    endloop
  endfacet
  facet normal 0 0 -1
    outer loop
      vertex -12.2607 -5.83684 18.8
      vertex -10.2393 -5.83684 18.8
      vertex -12.25 -6 18.8
    endloop
  endfacet
  facet normal 0 0 -1
    outer loop
      vertex -10.0825 -0.625 18.8
      vertex -12.25 0 18.8
      vertex -10.1548 -0.478354 18.8
    endloop
  endfacet
  facet normal 0 0 -1
    outer loop
      vertex -12.25 -6 18.8
      vertex -10.2393 -5.83684 18.8
      vertex -10.25 -6 18.8
    endloop
  endfacet
  facet normal 0 0 -1
    outer loop
      vertex -10.1548 -0.478354 18.8
      vertex -12.25 0 18.8
      vertex -10.2074 -0.323524 18.8
    endloop
  endfacet
  facet normal 0 0 -1
    outer loop
      vertex -1.08253 0.625 18.8
      vertex -3.41747 0.625 18.8
      vertex -0.991692 0.760951 18.8
    endloop
  endfacet
  facet normal 0 0 -1
    outer loop
      vertex -0.883883 5.11612 18.8
      vertex -3.26069 5.83684 18.8
      vertex -3.25 6 18.8
    endloop
  endfacet
  facet normal 0 0 -1
    outer loop
      vertex -3.50831 0.760951 18.8
      vertex -0.991692 0.760951 18.8
      vertex -3.41747 0.625 18.8
    endloop
  endfacet
  facet normal 0 0 -1
    outer loop
      vertex -0.883883 5.11612 18.8
      vertex -3.29259 5.67648 18.8
      vertex -3.26069 5.83684 18.8
    endloop
  endfacet
  facet normal 0 0 -1
    outer loop
      vertex -0.991692 0.760951 18.8
      vertex -3.50831 0.760951 18.8
      vertex -0.883883 0.883883 18.8
    endloop
  endfacet
  facet normal 0 0 -1
    outer loop
      vertex -0.883883 5.11612 18.8
      vertex -3.34515 5.52165 18.8
      vertex -3.29259 5.67648 18.8
    endloop
  endfacet
  facet normal 0 0 -1
    outer loop
      vertex -3.61612 0.883883 18.8
      vertex -0.883883 0.883883 18.8
      vertex -3.50831 0.760951 18.8
    endloop
  endfacet
  facet normal 0 0 -1
    outer loop
      vertex -0.883883 5.11612 18.8
      vertex -3.41747 5.375 18.8
      vertex -3.34515 5.52165 18.8
    endloop
  endfacet
  facet normal 0 0 -1
    outer loop
      vertex -3.73905 0.991692 18.8
      vertex -0.883883 0.883883 18.8
      vertex -3.61612 0.883883 18.8
    endloop
  endfacet
  facet normal 0 0 -1
    outer loop
      vertex -0.883883 5.11612 18.8
      vertex -3.50831 5.23905 18.8
      vertex -3.41747 5.375 18.8
    endloop
  endfacet
  facet normal 0 0 -1
    outer loop
      vertex -0.883883 0.883883 18.8
      vertex -3.73905 0.991692 18.8
      vertex -0.883883 5.11612 18.8
    endloop
  endfacet
  facet normal 0 0 -1
    outer loop
      vertex -0.883883 5.11612 18.8
      vertex -3.61612 5.11612 18.8
      vertex -3.50831 5.23905 18.8
    endloop
  endfacet
  facet normal 0 0 -1
    outer loop
      vertex -3.73905 5.00831 18.8
      vertex -0.883883 5.11612 18.8
      vertex -3.73905 0.991692 18.8
    endloop
  endfacet
  facet normal -0 0 -1
    outer loop
      vertex -0.883883 5.11612 18.8
      vertex -3.73905 5.00831 18.8
      vertex -3.61612 5.11612 18.8
    endloop
  endfacet
  facet normal 0 0 -1
    outer loop
      vertex -3.875 1.08253 18.8
      vertex -3.73905 5.00831 18.8
      vertex -3.73905 0.991692 18.8
    endloop
  endfacet
  facet normal 0 0 -1
    outer loop
      vertex -3.875 1.08253 18.8
      vertex -3.875 4.91747 18.8
      vertex -3.73905 5.00831 18.8
    endloop
  endfacet
  facet normal 0 0 -1
    outer loop
      vertex -4.02165 1.15485 18.8
      vertex -3.875 4.91747 18.8
      vertex -3.875 1.08253 18.8
    endloop
  endfacet
  facet normal 0 0 -1
    outer loop
      vertex -4.02165 1.15485 18.8
      vertex -4.02165 4.84515 18.8
      vertex -3.875 4.91747 18.8
    endloop
  endfacet
  facet normal 0 0 -1
    outer loop
      vertex -4.17648 1.20741 18.8
      vertex -4.02165 4.84515 18.8
      vertex -4.02165 1.15485 18.8
    endloop
  endfacet
  facet normal 0 0 -1
    outer loop
      vertex -4.17648 1.20741 18.8
      vertex -4.17648 4.79259 18.8
      vertex -4.02165 4.84515 18.8
    endloop
  endfacet
  facet normal 0 0 -1
    outer loop
      vertex -4.33684 1.23931 18.8
      vertex -4.17648 4.79259 18.8
      vertex -4.17648 1.20741 18.8
    endloop
  endfacet
  facet normal 0 0 -1
    outer loop
      vertex -4.33684 1.23931 18.8
      vertex -4.33684 4.76069 18.8
      vertex -4.17648 4.79259 18.8
    endloop
  endfacet
  facet normal 0 0 -1
    outer loop
      vertex -4.5 1.25 18.8
      vertex -4.33684 4.76069 18.8
      vertex -4.33684 1.23931 18.8
    endloop
  endfacet
  facet normal 0 0 -1
    outer loop
      vertex -4.5 1.25 18.8
      vertex -4.5 4.75 18.8
      vertex -4.33684 4.76069 18.8
    endloop
  endfacet
  facet normal 0 0 -1
    outer loop
      vertex -4.66316 1.23931 18.8
      vertex -4.5 4.75 18.8
      vertex -4.5 1.25 18.8
    endloop
  endfacet
  facet normal 0 0 -1
    outer loop
      vertex -4.66316 1.23931 18.8
      vertex -4.66316 4.76069 18.8
      vertex -4.5 4.75 18.8
    endloop
  endfacet
  facet normal 0 0 -1
    outer loop
      vertex -4.82352 1.20741 18.8
      vertex -4.66316 4.76069 18.8
      vertex -4.66316 1.23931 18.8
    endloop
  endfacet
  facet normal 0 0 -1
    outer loop
      vertex -4.82352 1.20741 18.8
      vertex -4.82352 4.79259 18.8
      vertex -4.66316 4.76069 18.8
    endloop
  endfacet
  facet normal 0 0 -1
    outer loop
      vertex -4.97835 1.15485 18.8
      vertex -4.82352 4.79259 18.8
      vertex -4.82352 1.20741 18.8
    endloop
  endfacet
  facet normal 0 0 -1
    outer loop
      vertex -4.97835 1.15485 18.8
      vertex -4.97835 4.84515 18.8
      vertex -4.82352 4.79259 18.8
    endloop
  endfacet
  facet normal 0 0 -1
    outer loop
      vertex -5.125 1.08253 18.8
      vertex -4.97835 4.84515 18.8
      vertex -4.97835 1.15485 18.8
    endloop
  endfacet
  facet normal 0 0 -1
    outer loop
      vertex -5.125 1.08253 18.8
      vertex -5.125 4.91747 18.8
      vertex -4.97835 4.84515 18.8
    endloop
  endfacet
  facet normal 0 0 -1
    outer loop
      vertex -5.26095 0.991692 18.8
      vertex -5.125 4.91747 18.8
      vertex -5.125 1.08253 18.8
    endloop
  endfacet
  facet normal 0 0 -1
    outer loop
      vertex -5.26095 0.991692 18.8
      vertex -5.26095 5.00831 18.8
      vertex -5.125 4.91747 18.8
    endloop
  endfacet
  facet normal 0 0 -1
    outer loop
      vertex -5.38388 0.883883 18.8
      vertex -5.26095 5.00831 18.8
      vertex -5.26095 0.991692 18.8
    endloop
  endfacet
  facet normal 0 0 -1
    outer loop
      vertex -5.38388 0.883883 18.8
      vertex -5.38388 5.11612 18.8
      vertex -5.26095 5.00831 18.8
    endloop
  endfacet
  facet normal 0 0 -1
    outer loop
      vertex -7.84515 0.478354 18.8
      vertex -5.65485 0.478354 18.8
      vertex -7.79259 0.323524 18.8
    endloop
  endfacet
  facet normal 0 0 -1
    outer loop
      vertex -5.65485 0.478354 18.8
      vertex -7.84515 0.478354 18.8
      vertex -5.58253 0.625 18.8
    endloop
  endfacet
  facet normal 0 0 -1
    outer loop
      vertex -5.70741 0.323524 18.8
      vertex -7.79259 0.323524 18.8
      vertex -5.65485 0.478354 18.8
    endloop
  endfacet
  facet normal 0 0 -1
    outer loop
      vertex -7.91747 0.625 18.8
      vertex -5.58253 0.625 18.8
      vertex -7.84515 0.478354 18.8
    endloop
  endfacet
  facet normal 0 0 -1
    outer loop
      vertex -7.79259 0.323524 18.8
      vertex -5.70741 0.323524 18.8
      vertex -7.76069 0.163157 18.8
    endloop
  endfacet
  facet normal 0 0 -1
    outer loop
      vertex -5.38388 5.11612 18.8
      vertex -7.75 6 18.8
      vertex -5.49169 5.23905 18.8
    endloop
  endfacet
  facet normal 0 0 -1
    outer loop
      vertex -5.73931 0.163157 18.8
      vertex -7.76069 0.163157 18.8
      vertex -5.70741 0.323524 18.8
    endloop
  endfacet
  facet normal 0 0 -1
    outer loop
      vertex -5.49169 5.23905 18.8
      vertex -7.75 6 18.8
      vertex -5.58253 5.375 18.8
    endloop
  endfacet
  facet normal 0 0 -1
    outer loop
      vertex -7.76069 0.163157 18.8
      vertex -5.73931 0.163157 18.8
      vertex -7.75 0 18.8
    endloop
  endfacet
  facet normal 0 0 -1
    outer loop
      vertex -5.58253 5.375 18.8
      vertex -7.75 6 18.8
      vertex -5.65485 5.52165 18.8
    endloop
  endfacet
  facet normal 0 0 -1
    outer loop
      vertex -7.75 0 18.8
      vertex -5.73931 0.163157 18.8
      vertex -5.75 0 18.8
    endloop
  endfacet
  facet normal 0 0 -1
    outer loop
      vertex -5.65485 5.52165 18.8
      vertex -7.75 6 18.8
      vertex -5.70741 5.67648 18.8
    endloop
  endfacet
  facet normal 0 0 -1
    outer loop
      vertex -1.08253 -5.375 18.8
      vertex -3.41747 -5.375 18.8
      vertex -0.991692 -5.23905 18.8
    endloop
  endfacet
  facet normal 0 0 -1
    outer loop
      vertex -0.883883 -0.883883 18.8
      vertex -3.26069 -0.163157 18.8
      vertex -3.25 0 18.8
    endloop
  endfacet
  facet normal 0 0 -1
    outer loop
      vertex -3.50831 -5.23905 18.8
      vertex -0.991692 -5.23905 18.8
      vertex -3.41747 -5.375 18.8
    endloop
  endfacet
  facet normal 0 0 -1
    outer loop
      vertex -0.883883 -0.883883 18.8
      vertex -3.29259 -0.323524 18.8
      vertex -3.26069 -0.163157 18.8
    endloop
  endfacet
  facet normal 0 0 -1
    outer loop
      vertex -0.991692 -5.23905 18.8
      vertex -3.50831 -5.23905 18.8
      vertex -0.883883 -5.11612 18.8
    endloop
  endfacet
  facet normal 0 0 -1
    outer loop
      vertex -0.883883 -0.883883 18.8
      vertex -3.34515 -0.478354 18.8
      vertex -3.29259 -0.323524 18.8
    endloop
  endfacet
  facet normal 0 0 -1
    outer loop
      vertex -3.61612 -5.11612 18.8
      vertex -0.883883 -5.11612 18.8
      vertex -3.50831 -5.23905 18.8
    endloop
  endfacet
  facet normal 0 0 -1
    outer loop
      vertex -0.883883 -0.883883 18.8
      vertex -3.41747 -0.625 18.8
      vertex -3.34515 -0.478354 18.8
    endloop
  endfacet
  facet normal 0 0 -1
    outer loop
      vertex -3.73905 -5.00831 18.8
      vertex -0.883883 -5.11612 18.8
      vertex -3.61612 -5.11612 18.8
    endloop
  endfacet
  facet normal 0 0 -1
    outer loop
      vertex -0.883883 -0.883883 18.8
      vertex -3.50831 -0.760951 18.8
      vertex -3.41747 -0.625 18.8
    endloop
  endfacet
  facet normal 0 0 -1
    outer loop
      vertex -0.883883 -5.11612 18.8
      vertex -3.73905 -5.00831 18.8
      vertex -0.883883 -0.883883 18.8
    endloop
  endfacet
  facet normal 0 0 -1
    outer loop
      vertex -0.883883 -0.883883 18.8
      vertex -3.61612 -0.883883 18.8
      vertex -3.50831 -0.760951 18.8
    endloop
  endfacet
  facet normal 0 0 -1
    outer loop
      vertex -3.73905 -0.991692 18.8
      vertex -0.883883 -0.883883 18.8
      vertex -3.73905 -5.00831 18.8
    endloop
  endfacet
  facet normal -0 0 -1
    outer loop
      vertex -0.883883 -0.883883 18.8
      vertex -3.73905 -0.991692 18.8
      vertex -3.61612 -0.883883 18.8
    endloop
  endfacet
  facet normal 0 0 -1
    outer loop
      vertex -3.875 -4.91747 18.8
      vertex -3.73905 -0.991692 18.8
      vertex -3.73905 -5.00831 18.8
    endloop
  endfacet
  facet normal 0 0 -1
    outer loop
      vertex -3.875 -4.91747 18.8
      vertex -3.875 -1.08253 18.8
      vertex -3.73905 -0.991692 18.8
    endloop
  endfacet
  facet normal 0 0 -1
    outer loop
      vertex -4.02165 -4.84515 18.8
      vertex -3.875 -1.08253 18.8
      vertex -3.875 -4.91747 18.8
    endloop
  endfacet
  facet normal 0 0 -1
    outer loop
      vertex -4.02165 -4.84515 18.8
      vertex -4.02165 -1.15485 18.8
      vertex -3.875 -1.08253 18.8
    endloop
  endfacet
  facet normal 0 0 -1
    outer loop
      vertex -4.17648 -4.79259 18.8
      vertex -4.02165 -1.15485 18.8
      vertex -4.02165 -4.84515 18.8
    endloop
  endfacet
  facet normal 0 0 -1
    outer loop
      vertex -4.17648 -4.79259 18.8
      vertex -4.17648 -1.20741 18.8
      vertex -4.02165 -1.15485 18.8
    endloop
  endfacet
  facet normal 0 0 -1
    outer loop
      vertex -4.33684 -4.76069 18.8
      vertex -4.17648 -1.20741 18.8
      vertex -4.17648 -4.79259 18.8
    endloop
  endfacet
  facet normal 0 0 -1
    outer loop
      vertex -4.33684 -4.76069 18.8
      vertex -4.33684 -1.23931 18.8
      vertex -4.17648 -1.20741 18.8
    endloop
  endfacet
  facet normal 0 0 -1
    outer loop
      vertex -4.5 -4.75 18.8
      vertex -4.33684 -1.23931 18.8
      vertex -4.33684 -4.76069 18.8
    endloop
  endfacet
  facet normal 0 0 -1
    outer loop
      vertex -4.5 -4.75 18.8
      vertex -4.5 -1.25 18.8
      vertex -4.33684 -1.23931 18.8
    endloop
  endfacet
  facet normal 0 0 -1
    outer loop
      vertex -4.66316 -4.76069 18.8
      vertex -4.5 -1.25 18.8
      vertex -4.5 -4.75 18.8
    endloop
  endfacet
  facet normal 0 0 -1
    outer loop
      vertex -4.66316 -4.76069 18.8
      vertex -4.66316 -1.23931 18.8
      vertex -4.5 -1.25 18.8
    endloop
  endfacet
  facet normal 0 0 -1
    outer loop
      vertex -4.82352 -4.79259 18.8
      vertex -4.66316 -1.23931 18.8
      vertex -4.66316 -4.76069 18.8
    endloop
  endfacet
  facet normal 0 0 -1
    outer loop
      vertex -4.82352 -4.79259 18.8
      vertex -4.82352 -1.20741 18.8
      vertex -4.66316 -1.23931 18.8
    endloop
  endfacet
  facet normal 0 0 -1
    outer loop
      vertex -4.97835 -4.84515 18.8
      vertex -4.82352 -1.20741 18.8
      vertex -4.82352 -4.79259 18.8
    endloop
  endfacet
  facet normal 0 0 -1
    outer loop
      vertex -4.97835 -4.84515 18.8
      vertex -4.97835 -1.15485 18.8
      vertex -4.82352 -1.20741 18.8
    endloop
  endfacet
  facet normal 0 0 -1
    outer loop
      vertex -5.125 -4.91747 18.8
      vertex -4.97835 -1.15485 18.8
      vertex -4.97835 -4.84515 18.8
    endloop
  endfacet
  facet normal 0 0 -1
    outer loop
      vertex -5.125 -4.91747 18.8
      vertex -5.125 -1.08253 18.8
      vertex -4.97835 -1.15485 18.8
    endloop
  endfacet
  facet normal 0 0 -1
    outer loop
      vertex -5.26095 -5.00831 18.8
      vertex -5.125 -1.08253 18.8
      vertex -5.125 -4.91747 18.8
    endloop
  endfacet
  facet normal 0 0 -1
    outer loop
      vertex -5.26095 -5.00831 18.8
      vertex -5.26095 -0.991692 18.8
      vertex -5.125 -1.08253 18.8
    endloop
  endfacet
  facet normal 0 0 -1
    outer loop
      vertex -5.38388 -5.11612 18.8
      vertex -5.26095 -0.991692 18.8
      vertex -5.26095 -5.00831 18.8
    endloop
  endfacet
  facet normal 0 0 -1
    outer loop
      vertex -5.38388 -5.11612 18.8
      vertex -5.38388 -0.883883 18.8
      vertex -5.26095 -0.991692 18.8
    endloop
  endfacet
  facet normal 0 0 -1
    outer loop
      vertex -7.84515 -5.52165 18.8
      vertex -5.65485 -5.52165 18.8
      vertex -7.79259 -5.67648 18.8
    endloop
  endfacet
  facet normal 0 0 -1
    outer loop
      vertex -5.65485 -5.52165 18.8
      vertex -7.84515 -5.52165 18.8
      vertex -5.58253 -5.375 18.8
    endloop
  endfacet
  facet normal 0 0 -1
    outer loop
      vertex -5.70741 -5.67648 18.8
      vertex -7.79259 -5.67648 18.8
      vertex -5.65485 -5.52165 18.8
    endloop
  endfacet
  facet normal 0 0 -1
    outer loop
      vertex -7.91747 -5.375 18.8
      vertex -5.58253 -5.375 18.8
      vertex -7.84515 -5.52165 18.8
    endloop
  endfacet
  facet normal 0 0 -1
    outer loop
      vertex -7.79259 -5.67648 18.8
      vertex -5.70741 -5.67648 18.8
      vertex -7.76069 -5.83684 18.8
    endloop
  endfacet
  facet normal 0 0 -1
    outer loop
      vertex -5.38388 -0.883883 18.8
      vertex -7.75 0 18.8
      vertex -5.49169 -0.760951 18.8
    endloop
  endfacet
  facet normal 0 0 -1
    outer loop
      vertex -5.73931 -5.83684 18.8
      vertex -7.76069 -5.83684 18.8
      vertex -5.70741 -5.67648 18.8
    endloop
  endfacet
  facet normal 0 0 -1
    outer loop
      vertex -5.49169 -0.760951 18.8
      vertex -7.75 0 18.8
      vertex -5.58253 -0.625 18.8
    endloop
  endfacet
  facet normal 0 0 -1
    outer loop
      vertex -7.76069 -5.83684 18.8
      vertex -5.73931 -5.83684 18.8
      vertex -7.75 -6 18.8
    endloop
  endfacet
  facet normal 0 0 -1
    outer loop
      vertex -5.58253 -0.625 18.8
      vertex -7.75 0 18.8
      vertex -5.65485 -0.478354 18.8
    endloop
  endfacet
  facet normal 0 0 -1
    outer loop
      vertex -7.75 -6 18.8
      vertex -5.73931 -5.83684 18.8
      vertex -5.75 -6 18.8
    endloop
  endfacet
  facet normal 0 0 -1
    outer loop
      vertex -5.65485 -0.478354 18.8
      vertex -7.75 0 18.8
      vertex -5.70741 -0.323524 18.8
    endloop
  endfacet
  facet normal 0 0 -1
    outer loop
      vertex 3.41747 0.625 18.8
      vertex 1.08253 0.625 18.8
      vertex 3.50831 0.760951 18.8
    endloop
  endfacet
  facet normal 0 0 -1
    outer loop
      vertex 3.61612 5.11612 18.8
      vertex 1.23931 5.83684 18.8
      vertex 1.25 6 18.8
    endloop
  endfacet
  facet normal 0 0 -1
    outer loop
      vertex 0.991692 0.760951 18.8
      vertex 3.50831 0.760951 18.8
      vertex 1.08253 0.625 18.8
    endloop
  endfacet
  facet normal 0 0 -1
    outer loop
      vertex 3.61612 5.11612 18.8
      vertex 1.20741 5.67648 18.8
      vertex 1.23931 5.83684 18.8
    endloop
  endfacet
  facet normal 0 0 -1
    outer loop
      vertex 3.50831 0.760951 18.8
      vertex 0.991692 0.760951 18.8
      vertex 3.61612 0.883883 18.8
    endloop
  endfacet
  facet normal 0 0 -1
    outer loop
      vertex 3.61612 5.11612 18.8
      vertex 1.15485 5.52165 18.8
      vertex 1.20741 5.67648 18.8
    endloop
  endfacet
  facet normal 0 0 -1
    outer loop
      vertex 0.883883 0.883883 18.8
      vertex 3.61612 0.883883 18.8
      vertex 0.991692 0.760951 18.8
    endloop
  endfacet
  facet normal 0 0 -1
    outer loop
      vertex 3.61612 5.11612 18.8
      vertex 1.08253 5.375 18.8
      vertex 1.15485 5.52165 18.8
    endloop
  endfacet
  facet normal 0 0 -1
    outer loop
      vertex 0.760951 0.991692 18.8
      vertex 3.61612 0.883883 18.8
      vertex 0.883883 0.883883 18.8
    endloop
  endfacet
  facet normal 0 0 -1
    outer loop
      vertex 3.61612 5.11612 18.8
      vertex 0.991692 5.23905 18.8
      vertex 1.08253 5.375 18.8
    endloop
  endfacet
  facet normal 0 0 -1
    outer loop
      vertex 3.61612 0.883883 18.8
      vertex 0.760951 0.991692 18.8
      vertex 3.61612 5.11612 18.8
    endloop
  endfacet
  facet normal 0 0 -1
    outer loop
      vertex 3.61612 5.11612 18.8
      vertex 0.883883 5.11612 18.8
      vertex 0.991692 5.23905 18.8
    endloop
  endfacet
  facet normal 0 0 -1
    outer loop
      vertex 0.760951 5.00831 18.8
      vertex 3.61612 5.11612 18.8
      vertex 0.760951 0.991692 18.8
    endloop
  endfacet
  facet normal -0 0 -1
    outer loop
      vertex 3.61612 5.11612 18.8
      vertex 0.760951 5.00831 18.8
      vertex 0.883883 5.11612 18.8
    endloop
  endfacet
  facet normal 0 0 -1
    outer loop
      vertex 0.625 1.08253 18.8
      vertex 0.760951 5.00831 18.8
      vertex 0.760951 0.991692 18.8
    endloop
  endfacet
  facet normal 0 0 -1
    outer loop
      vertex 0.625 1.08253 18.8
      vertex 0.625 4.91747 18.8
      vertex 0.760951 5.00831 18.8
    endloop
  endfacet
  facet normal 0 0 -1
    outer loop
      vertex 0.478354 1.15485 18.8
      vertex 0.625 4.91747 18.8
      vertex 0.625 1.08253 18.8
    endloop
  endfacet
  facet normal 0 0 -1
    outer loop
      vertex 0.478354 1.15485 18.8
      vertex 0.478354 4.84515 18.8
      vertex 0.625 4.91747 18.8
    endloop
  endfacet
  facet normal 0 0 -1
    outer loop
      vertex 0.323524 1.20741 18.8
      vertex 0.478354 4.84515 18.8
      vertex 0.478354 1.15485 18.8
    endloop
  endfacet
  facet normal 0 0 -1
    outer loop
      vertex 0.323524 1.20741 18.8
      vertex 0.323524 4.79259 18.8
      vertex 0.478354 4.84515 18.8
    endloop
  endfacet
  facet normal 0 0 -1
    outer loop
      vertex 0.163157 1.23931 18.8
      vertex 0.323524 4.79259 18.8
      vertex 0.323524 1.20741 18.8
    endloop
  endfacet
  facet normal 0 0 -1
    outer loop
      vertex 0.163157 1.23931 18.8
      vertex 0.163157 4.76069 18.8
      vertex 0.323524 4.79259 18.8
    endloop
  endfacet
  facet normal 0 0 -1
    outer loop
      vertex 0 1.25 18.8
      vertex 0.163157 4.76069 18.8
      vertex 0.163157 1.23931 18.8
    endloop
  endfacet
  facet normal 0 0 -1
    outer loop
      vertex 0 1.25 18.8
      vertex 0 4.75 18.8
      vertex 0.163157 4.76069 18.8
    endloop
  endfacet
  facet normal 0 0 -1
    outer loop
      vertex -0.163157 1.23931 18.8
      vertex 0 4.75 18.8
      vertex 0 1.25 18.8
    endloop
  endfacet
  facet normal 0 0 -1
    outer loop
      vertex -0.163157 1.23931 18.8
      vertex -0.163157 4.76069 18.8
      vertex 0 4.75 18.8
    endloop
  endfacet
  facet normal 0 0 -1
    outer loop
      vertex -0.323524 1.20741 18.8
      vertex -0.163157 4.76069 18.8
      vertex -0.163157 1.23931 18.8
    endloop
  endfacet
  facet normal 0 0 -1
    outer loop
      vertex -0.323524 1.20741 18.8
      vertex -0.323524 4.79259 18.8
      vertex -0.163157 4.76069 18.8
    endloop
  endfacet
  facet normal 0 0 -1
    outer loop
      vertex -0.478354 1.15485 18.8
      vertex -0.323524 4.79259 18.8
      vertex -0.323524 1.20741 18.8
    endloop
  endfacet
  facet normal 0 0 -1
    outer loop
      vertex -0.478354 1.15485 18.8
      vertex -0.478354 4.84515 18.8
      vertex -0.323524 4.79259 18.8
    endloop
  endfacet
  facet normal 0 0 -1
    outer loop
      vertex -0.625 1.08253 18.8
      vertex -0.478354 4.84515 18.8
      vertex -0.478354 1.15485 18.8
    endloop
  endfacet
  facet normal 0 0 -1
    outer loop
      vertex -0.625 1.08253 18.8
      vertex -0.625 4.91747 18.8
      vertex -0.478354 4.84515 18.8
    endloop
  endfacet
  facet normal 0 0 -1
    outer loop
      vertex -0.760951 0.991692 18.8
      vertex -0.625 4.91747 18.8
      vertex -0.625 1.08253 18.8
    endloop
  endfacet
  facet normal 0 0 -1
    outer loop
      vertex -0.760951 0.991692 18.8
      vertex -0.760951 5.00831 18.8
      vertex -0.625 4.91747 18.8
    endloop
  endfacet
  facet normal 0 0 -1
    outer loop
      vertex -0.883883 0.883883 18.8
      vertex -0.760951 5.00831 18.8
      vertex -0.760951 0.991692 18.8
    endloop
  endfacet
  facet normal 0 0 -1
    outer loop
      vertex -0.883883 0.883883 18.8
      vertex -0.883883 5.11612 18.8
      vertex -0.760951 5.00831 18.8
    endloop
  endfacet
  facet normal 0 0 -1
    outer loop
      vertex -3.34515 0.478354 18.8
      vertex -1.15485 0.478354 18.8
      vertex -3.29259 0.323524 18.8
    endloop
  endfacet
  facet normal 0 0 -1
    outer loop
      vertex -1.15485 0.478354 18.8
      vertex -3.34515 0.478354 18.8
      vertex -1.08253 0.625 18.8
    endloop
  endfacet
  facet normal 0 0 -1
    outer loop
      vertex -1.20741 0.323524 18.8
      vertex -3.29259 0.323524 18.8
      vertex -1.15485 0.478354 18.8
    endloop
  endfacet
  facet normal 0 0 -1
    outer loop
      vertex -3.41747 0.625 18.8
      vertex -1.08253 0.625 18.8
      vertex -3.34515 0.478354 18.8
    endloop
  endfacet
  facet normal 0 0 -1
    outer loop
      vertex -3.29259 0.323524 18.8
      vertex -1.20741 0.323524 18.8
      vertex -3.26069 0.163157 18.8
    endloop
  endfacet
  facet normal 0 0 -1
    outer loop
      vertex -0.883883 5.11612 18.8
      vertex -3.25 6 18.8
      vertex -0.991692 5.23905 18.8
    endloop
  endfacet
  facet normal 0 0 -1
    outer loop
      vertex -1.23931 0.163157 18.8
      vertex -3.26069 0.163157 18.8
      vertex -1.20741 0.323524 18.8
    endloop
  endfacet
  facet normal 0 0 -1
    outer loop
      vertex -0.991692 5.23905 18.8
      vertex -3.25 6 18.8
      vertex -1.08253 5.375 18.8
    endloop
  endfacet
  facet normal 0 0 -1
    outer loop
      vertex -3.26069 0.163157 18.8
      vertex -1.23931 0.163157 18.8
      vertex -3.25 0 18.8
    endloop
  endfacet
  facet normal 0 0 -1
    outer loop
      vertex -1.08253 5.375 18.8
      vertex -3.25 6 18.8
      vertex -1.15485 5.52165 18.8
    endloop
  endfacet
  facet normal 0 0 -1
    outer loop
      vertex -3.25 0 18.8
      vertex -1.23931 0.163157 18.8
      vertex -1.25 0 18.8
    endloop
  endfacet
  facet normal 0 0 -1
    outer loop
      vertex -1.15485 5.52165 18.8
      vertex -3.25 6 18.8
      vertex -1.20741 5.67648 18.8
    endloop
  endfacet
  facet normal 0 0 -1
    outer loop
      vertex 3.41747 -5.375 18.8
      vertex 1.08253 -5.375 18.8
      vertex 3.50831 -5.23905 18.8
    endloop
  endfacet
  facet normal 0 0 -1
    outer loop
      vertex 3.61612 -0.883883 18.8
      vertex 1.23931 -0.163157 18.8
      vertex 1.25 0 18.8
    endloop
  endfacet
  facet normal 0 0 -1
    outer loop
      vertex 0.991692 -5.23905 18.8
      vertex 3.50831 -5.23905 18.8
      vertex 1.08253 -5.375 18.8
    endloop
  endfacet
  facet normal 0 0 -1
    outer loop
      vertex 3.61612 -0.883883 18.8
      vertex 1.20741 -0.323524 18.8
      vertex 1.23931 -0.163157 18.8
    endloop
  endfacet
  facet normal 0 0 -1
    outer loop
      vertex 3.50831 -5.23905 18.8
      vertex 0.991692 -5.23905 18.8
      vertex 3.61612 -5.11612 18.8
    endloop
  endfacet
  facet normal 0 0 -1
    outer loop
      vertex 3.61612 -0.883883 18.8
      vertex 1.15485 -0.478354 18.8
      vertex 1.20741 -0.323524 18.8
    endloop
  endfacet
  facet normal 0 0 -1
    outer loop
      vertex 0.883883 -5.11612 18.8
      vertex 3.61612 -5.11612 18.8
      vertex 0.991692 -5.23905 18.8
    endloop
  endfacet
  facet normal 0 0 -1
    outer loop
      vertex 3.61612 -0.883883 18.8
      vertex 1.08253 -0.625 18.8
      vertex 1.15485 -0.478354 18.8
    endloop
  endfacet
  facet normal 0 0 -1
    outer loop
      vertex 0.760951 -5.00831 18.8
      vertex 3.61612 -5.11612 18.8
      vertex 0.883883 -5.11612 18.8
    endloop
  endfacet
  facet normal 0 0 -1
    outer loop
      vertex 3.61612 -0.883883 18.8
      vertex 0.991692 -0.760951 18.8
      vertex 1.08253 -0.625 18.8
    endloop
  endfacet
  facet normal 0 0 -1
    outer loop
      vertex 3.61612 -5.11612 18.8
      vertex 0.760951 -5.00831 18.8
      vertex 3.61612 -0.883883 18.8
    endloop
  endfacet
  facet normal 0 0 -1
    outer loop
      vertex 3.61612 -0.883883 18.8
      vertex 0.883883 -0.883883 18.8
      vertex 0.991692 -0.760951 18.8
    endloop
  endfacet
  facet normal 0 0 -1
    outer loop
      vertex 0.760951 -0.991692 18.8
      vertex 3.61612 -0.883883 18.8
      vertex 0.760951 -5.00831 18.8
    endloop
  endfacet
  facet normal -0 0 -1
    outer loop
      vertex 3.61612 -0.883883 18.8
      vertex 0.760951 -0.991692 18.8
      vertex 0.883883 -0.883883 18.8
    endloop
  endfacet
  facet normal 0 0 -1
    outer loop
      vertex 0.625 -4.91747 18.8
      vertex 0.760951 -0.991692 18.8
      vertex 0.760951 -5.00831 18.8
    endloop
  endfacet
  facet normal 0 0 -1
    outer loop
      vertex 0.625 -4.91747 18.8
      vertex 0.625 -1.08253 18.8
      vertex 0.760951 -0.991692 18.8
    endloop
  endfacet
  facet normal 0 0 -1
    outer loop
      vertex 0.478354 -4.84515 18.8
      vertex 0.625 -1.08253 18.8
      vertex 0.625 -4.91747 18.8
    endloop
  endfacet
  facet normal 0 0 -1
    outer loop
      vertex 0.478354 -4.84515 18.8
      vertex 0.478354 -1.15485 18.8
      vertex 0.625 -1.08253 18.8
    endloop
  endfacet
  facet normal 0 0 -1
    outer loop
      vertex 0.323524 -4.79259 18.8
      vertex 0.478354 -1.15485 18.8
      vertex 0.478354 -4.84515 18.8
    endloop
  endfacet
  facet normal 0 0 -1
    outer loop
      vertex 0.323524 -4.79259 18.8
      vertex 0.323524 -1.20741 18.8
      vertex 0.478354 -1.15485 18.8
    endloop
  endfacet
  facet normal 0 0 -1
    outer loop
      vertex 0.163157 -4.76069 18.8
      vertex 0.323524 -1.20741 18.8
      vertex 0.323524 -4.79259 18.8
    endloop
  endfacet
  facet normal 0 0 -1
    outer loop
      vertex 0.163157 -4.76069 18.8
      vertex 0.163157 -1.23931 18.8
      vertex 0.323524 -1.20741 18.8
    endloop
  endfacet
  facet normal 0 0 -1
    outer loop
      vertex 0 -4.75 18.8
      vertex 0.163157 -1.23931 18.8
      vertex 0.163157 -4.76069 18.8
    endloop
  endfacet
  facet normal 0 0 -1
    outer loop
      vertex 0 -4.75 18.8
      vertex 0 -1.25 18.8
      vertex 0.163157 -1.23931 18.8
    endloop
  endfacet
  facet normal 0 0 -1
    outer loop
      vertex -0.163157 -4.76069 18.8
      vertex 0 -1.25 18.8
      vertex 0 -4.75 18.8
    endloop
  endfacet
  facet normal 0 0 -1
    outer loop
      vertex -0.163157 -4.76069 18.8
      vertex -0.163157 -1.23931 18.8
      vertex 0 -1.25 18.8
    endloop
  endfacet
  facet normal 0 0 -1
    outer loop
      vertex -0.323524 -4.79259 18.8
      vertex -0.163157 -1.23931 18.8
      vertex -0.163157 -4.76069 18.8
    endloop
  endfacet
  facet normal 0 0 -1
    outer loop
      vertex -0.323524 -4.79259 18.8
      vertex -0.323524 -1.20741 18.8
      vertex -0.163157 -1.23931 18.8
    endloop
  endfacet
  facet normal 0 0 -1
    outer loop
      vertex -0.478354 -4.84515 18.8
      vertex -0.323524 -1.20741 18.8
      vertex -0.323524 -4.79259 18.8
    endloop
  endfacet
  facet normal 0 0 -1
    outer loop
      vertex -0.478354 -4.84515 18.8
      vertex -0.478354 -1.15485 18.8
      vertex -0.323524 -1.20741 18.8
    endloop
  endfacet
  facet normal 0 0 -1
    outer loop
      vertex -0.625 -4.91747 18.8
      vertex -0.478354 -1.15485 18.8
      vertex -0.478354 -4.84515 18.8
    endloop
  endfacet
  facet normal 0 0 -1
    outer loop
      vertex -0.625 -4.91747 18.8
      vertex -0.625 -1.08253 18.8
      vertex -0.478354 -1.15485 18.8
    endloop
  endfacet
  facet normal 0 0 -1
    outer loop
      vertex -0.760951 -5.00831 18.8
      vertex -0.625 -1.08253 18.8
      vertex -0.625 -4.91747 18.8
    endloop
  endfacet
  facet normal 0 0 -1
    outer loop
      vertex -0.760951 -5.00831 18.8
      vertex -0.760951 -0.991692 18.8
      vertex -0.625 -1.08253 18.8
    endloop
  endfacet
  facet normal 0 0 -1
    outer loop
      vertex -0.883883 -5.11612 18.8
      vertex -0.760951 -0.991692 18.8
      vertex -0.760951 -5.00831 18.8
    endloop
  endfacet
  facet normal 0 0 -1
    outer loop
      vertex -0.883883 -5.11612 18.8
      vertex -0.883883 -0.883883 18.8
      vertex -0.760951 -0.991692 18.8
    endloop
  endfacet
  facet normal 0 0 -1
    outer loop
      vertex -3.34515 -5.52165 18.8
      vertex -1.15485 -5.52165 18.8
      vertex -3.29259 -5.67648 18.8
    endloop
  endfacet
  facet normal 0 0 -1
    outer loop
      vertex -1.15485 -5.52165 18.8
      vertex -3.34515 -5.52165 18.8
      vertex -1.08253 -5.375 18.8
    endloop
  endfacet
  facet normal 0 0 -1
    outer loop
      vertex -1.20741 -5.67648 18.8
      vertex -3.29259 -5.67648 18.8
      vertex -1.15485 -5.52165 18.8
    endloop
  endfacet
  facet normal 0 0 -1
    outer loop
      vertex -3.41747 -5.375 18.8
      vertex -1.08253 -5.375 18.8
      vertex -3.34515 -5.52165 18.8
    endloop
  endfacet
  facet normal 0 0 -1
    outer loop
      vertex -3.29259 -5.67648 18.8
      vertex -1.20741 -5.67648 18.8
      vertex -3.26069 -5.83684 18.8
    endloop
  endfacet
  facet normal 0 0 -1
    outer loop
      vertex -0.883883 -0.883883 18.8
      vertex -3.25 0 18.8
      vertex -0.991692 -0.760951 18.8
    endloop
  endfacet
  facet normal 0 0 -1
    outer loop
      vertex -1.23931 -5.83684 18.8
      vertex -3.26069 -5.83684 18.8
      vertex -1.20741 -5.67648 18.8
    endloop
  endfacet
  facet normal 0 0 -1
    outer loop
      vertex -0.991692 -0.760951 18.8
      vertex -3.25 0 18.8
      vertex -1.08253 -0.625 18.8
    endloop
  endfacet
  facet normal 0 0 -1
    outer loop
      vertex -3.26069 -5.83684 18.8
      vertex -1.23931 -5.83684 18.8
      vertex -3.25 -6 18.8
    endloop
  endfacet
  facet normal 0 0 -1
    outer loop
      vertex -1.08253 -0.625 18.8
      vertex -3.25 0 18.8
      vertex -1.15485 -0.478354 18.8
    endloop
  endfacet
  facet normal 0 0 -1
    outer loop
      vertex -3.25 -6 18.8
      vertex -1.23931 -5.83684 18.8
      vertex -1.25 -6 18.8
    endloop
  endfacet
  facet normal 0 0 -1
    outer loop
      vertex -1.15485 -0.478354 18.8
      vertex -3.25 0 18.8
      vertex -1.20741 -0.323524 18.8
    endloop
  endfacet
  facet normal 0 0 -1
    outer loop
      vertex 7.91747 0.625 18.8
      vertex 5.58253 0.625 18.8
      vertex 8.00831 0.760951 18.8
    endloop
  endfacet
  facet normal 0 0 -1
    outer loop
      vertex 8.11612 5.11612 18.8
      vertex 5.73931 5.83684 18.8
      vertex 5.75 6 18.8
    endloop
  endfacet
  facet normal 0 0 -1
    outer loop
      vertex 5.49169 0.760951 18.8
      vertex 8.00831 0.760951 18.8
      vertex 5.58253 0.625 18.8
    endloop
  endfacet
  facet normal 0 0 -1
    outer loop
      vertex 8.11612 5.11612 18.8
      vertex 5.70741 5.67648 18.8
      vertex 5.73931 5.83684 18.8
    endloop
  endfacet
  facet normal 0 0 -1
    outer loop
      vertex 8.00831 0.760951 18.8
      vertex 5.49169 0.760951 18.8
      vertex 8.11612 0.883883 18.8
    endloop
  endfacet
  facet normal 0 0 -1
    outer loop
      vertex 8.11612 5.11612 18.8
      vertex 5.65485 5.52165 18.8
      vertex 5.70741 5.67648 18.8
    endloop
  endfacet
  facet normal 0 0 -1
    outer loop
      vertex 5.38388 0.883883 18.8
      vertex 8.11612 0.883883 18.8
      vertex 5.49169 0.760951 18.8
    endloop
  endfacet
  facet normal 0 0 -1
    outer loop
      vertex 8.11612 5.11612 18.8
      vertex 5.58253 5.375 18.8
      vertex 5.65485 5.52165 18.8
    endloop
  endfacet
  facet normal 0 0 -1
    outer loop
      vertex 5.26095 0.991692 18.8
      vertex 8.11612 0.883883 18.8
      vertex 5.38388 0.883883 18.8
    endloop
  endfacet
  facet normal 0 0 -1
    outer loop
      vertex 8.11612 5.11612 18.8
      vertex 5.49169 5.23905 18.8
      vertex 5.58253 5.375 18.8
    endloop
  endfacet
  facet normal 0 0 -1
    outer loop
      vertex 8.11612 0.883883 18.8
      vertex 5.26095 0.991692 18.8
      vertex 8.11612 5.11612 18.8
    endloop
  endfacet
  facet normal 0 0 -1
    outer loop
      vertex 8.11612 5.11612 18.8
      vertex 5.38388 5.11612 18.8
      vertex 5.49169 5.23905 18.8
    endloop
  endfacet
  facet normal 0 0 -1
    outer loop
      vertex 5.26095 5.00831 18.8
      vertex 8.11612 5.11612 18.8
      vertex 5.26095 0.991692 18.8
    endloop
  endfacet
  facet normal -0 0 -1
    outer loop
      vertex 8.11612 5.11612 18.8
      vertex 5.26095 5.00831 18.8
      vertex 5.38388 5.11612 18.8
    endloop
  endfacet
  facet normal 0 0 -1
    outer loop
      vertex 5.125 1.08253 18.8
      vertex 5.26095 5.00831 18.8
      vertex 5.26095 0.991692 18.8
    endloop
  endfacet
  facet normal 0 0 -1
    outer loop
      vertex 5.125 1.08253 18.8
      vertex 5.125 4.91747 18.8
      vertex 5.26095 5.00831 18.8
    endloop
  endfacet
  facet normal 0 0 -1
    outer loop
      vertex 4.97835 1.15485 18.8
      vertex 5.125 4.91747 18.8
      vertex 5.125 1.08253 18.8
    endloop
  endfacet
  facet normal 0 0 -1
    outer loop
      vertex 4.97835 1.15485 18.8
      vertex 4.97835 4.84515 18.8
      vertex 5.125 4.91747 18.8
    endloop
  endfacet
  facet normal 0 0 -1
    outer loop
      vertex 4.82352 1.20741 18.8
      vertex 4.97835 4.84515 18.8
      vertex 4.97835 1.15485 18.8
    endloop
  endfacet
  facet normal 0 0 -1
    outer loop
      vertex 4.82352 1.20741 18.8
      vertex 4.82352 4.79259 18.8
      vertex 4.97835 4.84515 18.8
    endloop
  endfacet
  facet normal 0 0 -1
    outer loop
      vertex 4.66316 1.23931 18.8
      vertex 4.82352 4.79259 18.8
      vertex 4.82352 1.20741 18.8
    endloop
  endfacet
  facet normal 0 0 -1
    outer loop
      vertex 4.66316 1.23931 18.8
      vertex 4.66316 4.76069 18.8
      vertex 4.82352 4.79259 18.8
    endloop
  endfacet
  facet normal 0 0 -1
    outer loop
      vertex 4.5 1.25 18.8
      vertex 4.66316 4.76069 18.8
      vertex 4.66316 1.23931 18.8
    endloop
  endfacet
  facet normal 0 0 -1
    outer loop
      vertex 4.5 1.25 18.8
      vertex 4.5 4.75 18.8
      vertex 4.66316 4.76069 18.8
    endloop
  endfacet
  facet normal 0 0 -1
    outer loop
      vertex 4.33684 1.23931 18.8
      vertex 4.5 4.75 18.8
      vertex 4.5 1.25 18.8
    endloop
  endfacet
  facet normal 0 0 -1
    outer loop
      vertex 4.33684 1.23931 18.8
      vertex 4.33684 4.76069 18.8
      vertex 4.5 4.75 18.8
    endloop
  endfacet
  facet normal 0 0 -1
    outer loop
      vertex 4.17648 1.20741 18.8
      vertex 4.33684 4.76069 18.8
      vertex 4.33684 1.23931 18.8
    endloop
  endfacet
  facet normal 0 0 -1
    outer loop
      vertex 4.17648 1.20741 18.8
      vertex 4.17648 4.79259 18.8
      vertex 4.33684 4.76069 18.8
    endloop
  endfacet
  facet normal 0 0 -1
    outer loop
      vertex 4.02165 1.15485 18.8
      vertex 4.17648 4.79259 18.8
      vertex 4.17648 1.20741 18.8
    endloop
  endfacet
  facet normal 0 0 -1
    outer loop
      vertex 4.02165 1.15485 18.8
      vertex 4.02165 4.84515 18.8
      vertex 4.17648 4.79259 18.8
    endloop
  endfacet
  facet normal 0 0 -1
    outer loop
      vertex 3.875 1.08253 18.8
      vertex 4.02165 4.84515 18.8
      vertex 4.02165 1.15485 18.8
    endloop
  endfacet
  facet normal 0 0 -1
    outer loop
      vertex 3.875 1.08253 18.8
      vertex 3.875 4.91747 18.8
      vertex 4.02165 4.84515 18.8
    endloop
  endfacet
  facet normal 0 0 -1
    outer loop
      vertex 3.73905 0.991692 18.8
      vertex 3.875 4.91747 18.8
      vertex 3.875 1.08253 18.8
    endloop
  endfacet
  facet normal 0 0 -1
    outer loop
      vertex 3.73905 0.991692 18.8
      vertex 3.73905 5.00831 18.8
      vertex 3.875 4.91747 18.8
    endloop
  endfacet
  facet normal 0 0 -1
    outer loop
      vertex 3.61612 0.883883 18.8
      vertex 3.73905 5.00831 18.8
      vertex 3.73905 0.991692 18.8
    endloop
  endfacet
  facet normal 0 0 -1
    outer loop
      vertex 3.61612 0.883883 18.8
      vertex 3.61612 5.11612 18.8
      vertex 3.73905 5.00831 18.8
    endloop
  endfacet
  facet normal 0 0 -1
    outer loop
      vertex 1.15485 0.478354 18.8
      vertex 3.34515 0.478354 18.8
      vertex 1.20741 0.323524 18.8
    endloop
  endfacet
  facet normal 0 0 -1
    outer loop
      vertex 3.34515 0.478354 18.8
      vertex 1.15485 0.478354 18.8
      vertex 3.41747 0.625 18.8
    endloop
  endfacet
  facet normal 0 0 -1
    outer loop
      vertex 3.29259 0.323524 18.8
      vertex 1.20741 0.323524 18.8
      vertex 3.34515 0.478354 18.8
    endloop
  endfacet
  facet normal 0 0 -1
    outer loop
      vertex 1.08253 0.625 18.8
      vertex 3.41747 0.625 18.8
      vertex 1.15485 0.478354 18.8
    endloop
  endfacet
  facet normal 0 0 -1
    outer loop
      vertex 1.20741 0.323524 18.8
      vertex 3.29259 0.323524 18.8
      vertex 1.23931 0.163157 18.8
    endloop
  endfacet
  facet normal 0 0 -1
    outer loop
      vertex 3.61612 5.11612 18.8
      vertex 1.25 6 18.8
      vertex 3.50831 5.23905 18.8
    endloop
  endfacet
  facet normal 0 0 -1
    outer loop
      vertex 3.26069 0.163157 18.8
      vertex 1.23931 0.163157 18.8
      vertex 3.29259 0.323524 18.8
    endloop
  endfacet
  facet normal 0 0 -1
    outer loop
      vertex 3.50831 5.23905 18.8
      vertex 1.25 6 18.8
      vertex 3.41747 5.375 18.8
    endloop
  endfacet
  facet normal 0 0 -1
    outer loop
      vertex 1.23931 0.163157 18.8
      vertex 3.26069 0.163157 18.8
      vertex 1.25 0 18.8
    endloop
  endfacet
  facet normal 0 0 -1
    outer loop
      vertex 3.41747 5.375 18.8
      vertex 1.25 6 18.8
      vertex 3.34515 5.52165 18.8
    endloop
  endfacet
  facet normal 0 0 -1
    outer loop
      vertex 1.25 0 18.8
      vertex 3.26069 0.163157 18.8
      vertex 3.25 0 18.8
    endloop
  endfacet
  facet normal 0 0 -1
    outer loop
      vertex 3.34515 5.52165 18.8
      vertex 1.25 6 18.8
      vertex 3.29259 5.67648 18.8
    endloop
  endfacet
  facet normal 0 0 -1
    outer loop
      vertex 7.91747 -5.375 18.8
      vertex 5.58253 -5.375 18.8
      vertex 8.00831 -5.23905 18.8
    endloop
  endfacet
  facet normal 0 0 -1
    outer loop
      vertex 8.11612 -0.883883 18.8
      vertex 5.73931 -0.163157 18.8
      vertex 5.75 0 18.8
    endloop
  endfacet
  facet normal 0 0 -1
    outer loop
      vertex 5.49169 -5.23905 18.8
      vertex 8.00831 -5.23905 18.8
      vertex 5.58253 -5.375 18.8
    endloop
  endfacet
  facet normal 0 0 -1
    outer loop
      vertex 8.11612 -0.883883 18.8
      vertex 5.70741 -0.323524 18.8
      vertex 5.73931 -0.163157 18.8
    endloop
  endfacet
  facet normal 0 0 -1
    outer loop
      vertex 8.00831 -5.23905 18.8
      vertex 5.49169 -5.23905 18.8
      vertex 8.11612 -5.11612 18.8
    endloop
  endfacet
  facet normal 0 0 -1
    outer loop
      vertex 8.11612 -0.883883 18.8
      vertex 5.65485 -0.478354 18.8
      vertex 5.70741 -0.323524 18.8
    endloop
  endfacet
  facet normal 0 0 -1
    outer loop
      vertex 5.38388 -5.11612 18.8
      vertex 8.11612 -5.11612 18.8
      vertex 5.49169 -5.23905 18.8
    endloop
  endfacet
  facet normal 0 0 -1
    outer loop
      vertex 8.11612 -0.883883 18.8
      vertex 5.58253 -0.625 18.8
      vertex 5.65485 -0.478354 18.8
    endloop
  endfacet
  facet normal 0 0 -1
    outer loop
      vertex 5.26095 -5.00831 18.8
      vertex 8.11612 -5.11612 18.8
      vertex 5.38388 -5.11612 18.8
    endloop
  endfacet
  facet normal 0 0 -1
    outer loop
      vertex 8.11612 -0.883883 18.8
      vertex 5.49169 -0.760951 18.8
      vertex 5.58253 -0.625 18.8
    endloop
  endfacet
  facet normal 0 0 -1
    outer loop
      vertex 8.11612 -5.11612 18.8
      vertex 5.26095 -5.00831 18.8
      vertex 8.11612 -0.883883 18.8
    endloop
  endfacet
  facet normal 0 0 -1
    outer loop
      vertex 8.11612 -0.883883 18.8
      vertex 5.38388 -0.883883 18.8
      vertex 5.49169 -0.760951 18.8
    endloop
  endfacet
  facet normal 0 0 -1
    outer loop
      vertex 5.26095 -0.991692 18.8
      vertex 8.11612 -0.883883 18.8
      vertex 5.26095 -5.00831 18.8
    endloop
  endfacet
  facet normal -0 0 -1
    outer loop
      vertex 8.11612 -0.883883 18.8
      vertex 5.26095 -0.991692 18.8
      vertex 5.38388 -0.883883 18.8
    endloop
  endfacet
  facet normal 0 0 -1
    outer loop
      vertex 5.125 -4.91747 18.8
      vertex 5.26095 -0.991692 18.8
      vertex 5.26095 -5.00831 18.8
    endloop
  endfacet
  facet normal 0 0 -1
    outer loop
      vertex 5.125 -4.91747 18.8
      vertex 5.125 -1.08253 18.8
      vertex 5.26095 -0.991692 18.8
    endloop
  endfacet
  facet normal 0 0 -1
    outer loop
      vertex 4.97835 -4.84515 18.8
      vertex 5.125 -1.08253 18.8
      vertex 5.125 -4.91747 18.8
    endloop
  endfacet
  facet normal 0 0 -1
    outer loop
      vertex 4.97835 -4.84515 18.8
      vertex 4.97835 -1.15485 18.8
      vertex 5.125 -1.08253 18.8
    endloop
  endfacet
  facet normal 0 0 -1
    outer loop
      vertex 4.82352 -4.79259 18.8
      vertex 4.97835 -1.15485 18.8
      vertex 4.97835 -4.84515 18.8
    endloop
  endfacet
  facet normal 0 0 -1
    outer loop
      vertex 4.82352 -4.79259 18.8
      vertex 4.82352 -1.20741 18.8
      vertex 4.97835 -1.15485 18.8
    endloop
  endfacet
  facet normal 0 0 -1
    outer loop
      vertex 4.66316 -4.76069 18.8
      vertex 4.82352 -1.20741 18.8
      vertex 4.82352 -4.79259 18.8
    endloop
  endfacet
  facet normal 0 0 -1
    outer loop
      vertex 4.66316 -4.76069 18.8
      vertex 4.66316 -1.23931 18.8
      vertex 4.82352 -1.20741 18.8
    endloop
  endfacet
  facet normal 0 0 -1
    outer loop
      vertex 4.5 -4.75 18.8
      vertex 4.66316 -1.23931 18.8
      vertex 4.66316 -4.76069 18.8
    endloop
  endfacet
  facet normal 0 0 -1
    outer loop
      vertex 4.5 -4.75 18.8
      vertex 4.5 -1.25 18.8
      vertex 4.66316 -1.23931 18.8
    endloop
  endfacet
  facet normal 0 0 -1
    outer loop
      vertex 4.33684 -4.76069 18.8
      vertex 4.5 -1.25 18.8
      vertex 4.5 -4.75 18.8
    endloop
  endfacet
  facet normal 0 0 -1
    outer loop
      vertex 4.33684 -4.76069 18.8
      vertex 4.33684 -1.23931 18.8
      vertex 4.5 -1.25 18.8
    endloop
  endfacet
  facet normal 0 0 -1
    outer loop
      vertex 4.17648 -4.79259 18.8
      vertex 4.33684 -1.23931 18.8
      vertex 4.33684 -4.76069 18.8
    endloop
  endfacet
  facet normal 0 0 -1
    outer loop
      vertex 4.17648 -4.79259 18.8
      vertex 4.17648 -1.20741 18.8
      vertex 4.33684 -1.23931 18.8
    endloop
  endfacet
  facet normal 0 0 -1
    outer loop
      vertex 4.02165 -4.84515 18.8
      vertex 4.17648 -1.20741 18.8
      vertex 4.17648 -4.79259 18.8
    endloop
  endfacet
  facet normal 0 0 -1
    outer loop
      vertex 4.02165 -4.84515 18.8
      vertex 4.02165 -1.15485 18.8
      vertex 4.17648 -1.20741 18.8
    endloop
  endfacet
  facet normal 0 0 -1
    outer loop
      vertex 3.875 -4.91747 18.8
      vertex 4.02165 -1.15485 18.8
      vertex 4.02165 -4.84515 18.8
    endloop
  endfacet
  facet normal 0 0 -1
    outer loop
      vertex 3.875 -4.91747 18.8
      vertex 3.875 -1.08253 18.8
      vertex 4.02165 -1.15485 18.8
    endloop
  endfacet
  facet normal 0 0 -1
    outer loop
      vertex 3.73905 -5.00831 18.8
      vertex 3.875 -1.08253 18.8
      vertex 3.875 -4.91747 18.8
    endloop
  endfacet
  facet normal 0 0 -1
    outer loop
      vertex 3.73905 -5.00831 18.8
      vertex 3.73905 -0.991692 18.8
      vertex 3.875 -1.08253 18.8
    endloop
  endfacet
  facet normal 0 0 -1
    outer loop
      vertex 3.61612 -5.11612 18.8
      vertex 3.73905 -0.991692 18.8
      vertex 3.73905 -5.00831 18.8
    endloop
  endfacet
  facet normal 0 0 -1
    outer loop
      vertex 3.61612 -5.11612 18.8
      vertex 3.61612 -0.883883 18.8
      vertex 3.73905 -0.991692 18.8
    endloop
  endfacet
  facet normal 0 0 -1
    outer loop
      vertex 1.15485 -5.52165 18.8
      vertex 3.34515 -5.52165 18.8
      vertex 1.20741 -5.67648 18.8
    endloop
  endfacet
  facet normal 0 0 -1
    outer loop
      vertex 3.34515 -5.52165 18.8
      vertex 1.15485 -5.52165 18.8
      vertex 3.41747 -5.375 18.8
    endloop
  endfacet
  facet normal 0 0 -1
    outer loop
      vertex 3.29259 -5.67648 18.8
      vertex 1.20741 -5.67648 18.8
      vertex 3.34515 -5.52165 18.8
    endloop
  endfacet
  facet normal 0 0 -1
    outer loop
      vertex 1.08253 -5.375 18.8
      vertex 3.41747 -5.375 18.8
      vertex 1.15485 -5.52165 18.8
    endloop
  endfacet
  facet normal 0 0 -1
    outer loop
      vertex 1.20741 -5.67648 18.8
      vertex 3.29259 -5.67648 18.8
      vertex 1.23931 -5.83684 18.8
    endloop
  endfacet
  facet normal 0 0 -1
    outer loop
      vertex 3.61612 -0.883883 18.8
      vertex 1.25 0 18.8
      vertex 3.50831 -0.760951 18.8
    endloop
  endfacet
  facet normal 0 0 -1
    outer loop
      vertex 3.26069 -5.83684 18.8
      vertex 1.23931 -5.83684 18.8
      vertex 3.29259 -5.67648 18.8
    endloop
  endfacet
  facet normal 0 0 -1
    outer loop
      vertex 3.50831 -0.760951 18.8
      vertex 1.25 0 18.8
      vertex 3.41747 -0.625 18.8
    endloop
  endfacet
  facet normal 0 0 -1
    outer loop
      vertex 1.23931 -5.83684 18.8
      vertex 3.26069 -5.83684 18.8
      vertex 1.25 -6 18.8
    endloop
  endfacet
  facet normal 0 0 -1
    outer loop
      vertex 3.41747 -0.625 18.8
      vertex 1.25 0 18.8
      vertex 3.34515 -0.478354 18.8
    endloop
  endfacet
  facet normal 0 0 -1
    outer loop
      vertex 1.25 -6 18.8
      vertex 3.26069 -5.83684 18.8
      vertex 3.25 -6 18.8
    endloop
  endfacet
  facet normal 0 0 -1
    outer loop
      vertex 3.34515 -0.478354 18.8
      vertex 1.25 0 18.8
      vertex 3.29259 -0.323524 18.8
    endloop
  endfacet
  facet normal 0 0 -1
    outer loop
      vertex 12.4175 0.625 18.8
      vertex 10.0825 0.625 18.8
      vertex 12.5083 0.760951 18.8
    endloop
  endfacet
  facet normal 0 0 -1
    outer loop
      vertex 12.6161 5.11612 18.8
      vertex 10.2393 5.83684 18.8
      vertex 10.25 6 18.8
    endloop
  endfacet
  facet normal 0 0 -1
    outer loop
      vertex 9.99169 0.760951 18.8
      vertex 12.5083 0.760951 18.8
      vertex 10.0825 0.625 18.8
    endloop
  endfacet
  facet normal 0 0 -1
    outer loop
      vertex 12.6161 5.11612 18.8
      vertex 10.2074 5.67648 18.8
      vertex 10.2393 5.83684 18.8
    endloop
  endfacet
  facet normal 0 0 -1
    outer loop
      vertex 12.5083 0.760951 18.8
      vertex 9.99169 0.760951 18.8
      vertex 12.6161 0.883883 18.8
    endloop
  endfacet
  facet normal 0 0 -1
    outer loop
      vertex 12.6161 5.11612 18.8
      vertex 10.1548 5.52165 18.8
      vertex 10.2074 5.67648 18.8
    endloop
  endfacet
  facet normal 0 0 -1
    outer loop
      vertex 9.88388 0.883883 18.8
      vertex 12.6161 0.883883 18.8
      vertex 9.99169 0.760951 18.8
    endloop
  endfacet
  facet normal 0 0 -1
    outer loop
      vertex 12.6161 5.11612 18.8
      vertex 10.0825 5.375 18.8
      vertex 10.1548 5.52165 18.8
    endloop
  endfacet
  facet normal 0 0 -1
    outer loop
      vertex 9.76095 0.991692 18.8
      vertex 12.6161 0.883883 18.8
      vertex 9.88388 0.883883 18.8
    endloop
  endfacet
  facet normal 0 0 -1
    outer loop
      vertex 12.6161 5.11612 18.8
      vertex 9.99169 5.23905 18.8
      vertex 10.0825 5.375 18.8
    endloop
  endfacet
  facet normal 0 0 -1
    outer loop
      vertex 12.6161 0.883883 18.8
      vertex 9.76095 0.991692 18.8
      vertex 12.6161 5.11612 18.8
    endloop
  endfacet
  facet normal 0 0 -1
    outer loop
      vertex 12.6161 5.11612 18.8
      vertex 9.88388 5.11612 18.8
      vertex 9.99169 5.23905 18.8
    endloop
  endfacet
  facet normal 0 0 -1
    outer loop
      vertex 9.76095 5.00831 18.8
      vertex 12.6161 5.11612 18.8
      vertex 9.76095 0.991692 18.8
    endloop
  endfacet
  facet normal -0 0 -1
    outer loop
      vertex 12.6161 5.11612 18.8
      vertex 9.76095 5.00831 18.8
      vertex 9.88388 5.11612 18.8
    endloop
  endfacet
  facet normal 0 0 -1
    outer loop
      vertex 9.625 1.08253 18.8
      vertex 9.76095 5.00831 18.8
      vertex 9.76095 0.991692 18.8
    endloop
  endfacet
  facet normal 0 0 -1
    outer loop
      vertex 9.625 1.08253 18.8
      vertex 9.625 4.91747 18.8
      vertex 9.76095 5.00831 18.8
    endloop
  endfacet
  facet normal 0 0 -1
    outer loop
      vertex 9.47835 1.15485 18.8
      vertex 9.625 4.91747 18.8
      vertex 9.625 1.08253 18.8
    endloop
  endfacet
  facet normal 0 0 -1
    outer loop
      vertex 9.47835 1.15485 18.8
      vertex 9.47835 4.84515 18.8
      vertex 9.625 4.91747 18.8
    endloop
  endfacet
  facet normal 0 0 -1
    outer loop
      vertex 9.32352 1.20741 18.8
      vertex 9.47835 4.84515 18.8
      vertex 9.47835 1.15485 18.8
    endloop
  endfacet
  facet normal 0 0 -1
    outer loop
      vertex 9.32352 1.20741 18.8
      vertex 9.32352 4.79259 18.8
      vertex 9.47835 4.84515 18.8
    endloop
  endfacet
  facet normal 0 0 -1
    outer loop
      vertex 9.16316 1.23931 18.8
      vertex 9.32352 4.79259 18.8
      vertex 9.32352 1.20741 18.8
    endloop
  endfacet
  facet normal 0 0 -1
    outer loop
      vertex 9.16316 1.23931 18.8
      vertex 9.16316 4.76069 18.8
      vertex 9.32352 4.79259 18.8
    endloop
  endfacet
  facet normal 0 0 -1
    outer loop
      vertex 9 1.25 18.8
      vertex 9.16316 4.76069 18.8
      vertex 9.16316 1.23931 18.8
    endloop
  endfacet
  facet normal 0 0 -1
    outer loop
      vertex 9 1.25 18.8
      vertex 9 4.75 18.8
      vertex 9.16316 4.76069 18.8
    endloop
  endfacet
  facet normal 0 0 -1
    outer loop
      vertex 8.83684 1.23931 18.8
      vertex 9 4.75 18.8
      vertex 9 1.25 18.8
    endloop
  endfacet
  facet normal 0 0 -1
    outer loop
      vertex 8.83684 1.23931 18.8
      vertex 8.83684 4.76069 18.8
      vertex 9 4.75 18.8
    endloop
  endfacet
  facet normal 0 0 -1
    outer loop
      vertex 8.67648 1.20741 18.8
      vertex 8.83684 4.76069 18.8
      vertex 8.83684 1.23931 18.8
    endloop
  endfacet
  facet normal 0 0 -1
    outer loop
      vertex 8.67648 1.20741 18.8
      vertex 8.67648 4.79259 18.8
      vertex 8.83684 4.76069 18.8
    endloop
  endfacet
  facet normal 0 0 -1
    outer loop
      vertex 8.52165 1.15485 18.8
      vertex 8.67648 4.79259 18.8
      vertex 8.67648 1.20741 18.8
    endloop
  endfacet
  facet normal 0 0 -1
    outer loop
      vertex 8.52165 1.15485 18.8
      vertex 8.52165 4.84515 18.8
      vertex 8.67648 4.79259 18.8
    endloop
  endfacet
  facet normal 0 0 -1
    outer loop
      vertex 8.375 1.08253 18.8
      vertex 8.52165 4.84515 18.8
      vertex 8.52165 1.15485 18.8
    endloop
  endfacet
  facet normal 0 0 -1
    outer loop
      vertex 8.375 1.08253 18.8
      vertex 8.375 4.91747 18.8
      vertex 8.52165 4.84515 18.8
    endloop
  endfacet
  facet normal 0 0 -1
    outer loop
      vertex 8.23905 0.991692 18.8
      vertex 8.375 4.91747 18.8
      vertex 8.375 1.08253 18.8
    endloop
  endfacet
  facet normal 0 0 -1
    outer loop
      vertex 8.23905 0.991692 18.8
      vertex 8.23905 5.00831 18.8
      vertex 8.375 4.91747 18.8
    endloop
  endfacet
  facet normal 0 0 -1
    outer loop
      vertex 8.11612 0.883883 18.8
      vertex 8.23905 5.00831 18.8
      vertex 8.23905 0.991692 18.8
    endloop
  endfacet
  facet normal 0 0 -1
    outer loop
      vertex 8.11612 0.883883 18.8
      vertex 8.11612 5.11612 18.8
      vertex 8.23905 5.00831 18.8
    endloop
  endfacet
  facet normal 0 0 -1
    outer loop
      vertex 5.65485 0.478354 18.8
      vertex 7.84515 0.478354 18.8
      vertex 5.70741 0.323524 18.8
    endloop
  endfacet
  facet normal 0 0 -1
    outer loop
      vertex 7.84515 0.478354 18.8
      vertex 5.65485 0.478354 18.8
      vertex 7.91747 0.625 18.8
    endloop
  endfacet
  facet normal 0 0 -1
    outer loop
      vertex 7.79259 0.323524 18.8
      vertex 5.70741 0.323524 18.8
      vertex 7.84515 0.478354 18.8
    endloop
  endfacet
  facet normal 0 0 -1
    outer loop
      vertex 5.58253 0.625 18.8
      vertex 7.91747 0.625 18.8
      vertex 5.65485 0.478354 18.8
    endloop
  endfacet
  facet normal 0 0 -1
    outer loop
      vertex 5.70741 0.323524 18.8
      vertex 7.79259 0.323524 18.8
      vertex 5.73931 0.163157 18.8
    endloop
  endfacet
  facet normal 0 0 -1
    outer loop
      vertex 8.11612 5.11612 18.8
      vertex 5.75 6 18.8
      vertex 8.00831 5.23905 18.8
    endloop
  endfacet
  facet normal 0 0 -1
    outer loop
      vertex 7.76069 0.163157 18.8
      vertex 5.73931 0.163157 18.8
      vertex 7.79259 0.323524 18.8
    endloop
  endfacet
  facet normal 0 0 -1
    outer loop
      vertex 8.00831 5.23905 18.8
      vertex 5.75 6 18.8
      vertex 7.91747 5.375 18.8
    endloop
  endfacet
  facet normal 0 0 -1
    outer loop
      vertex 5.73931 0.163157 18.8
      vertex 7.76069 0.163157 18.8
      vertex 5.75 0 18.8
    endloop
  endfacet
  facet normal 0 0 -1
    outer loop
      vertex 7.91747 5.375 18.8
      vertex 5.75 6 18.8
      vertex 7.84515 5.52165 18.8
    endloop
  endfacet
  facet normal 0 0 -1
    outer loop
      vertex 5.75 0 18.8
      vertex 7.76069 0.163157 18.8
      vertex 7.75 0 18.8
    endloop
  endfacet
  facet normal 0 0 -1
    outer loop
      vertex 7.84515 5.52165 18.8
      vertex 5.75 6 18.8
      vertex 7.79259 5.67648 18.8
    endloop
  endfacet
  facet normal 0 0 -1
    outer loop
      vertex 12.4175 -5.375 18.8
      vertex 10.0825 -5.375 18.8
      vertex 12.5083 -5.23905 18.8
    endloop
  endfacet
  facet normal 0 0 -1
    outer loop
      vertex 12.6161 -0.883883 18.8
      vertex 10.2393 -0.163157 18.8
      vertex 10.25 0 18.8
    endloop
  endfacet
  facet normal 0 0 -1
    outer loop
      vertex 9.99169 -5.23905 18.8
      vertex 12.5083 -5.23905 18.8
      vertex 10.0825 -5.375 18.8
    endloop
  endfacet
  facet normal 0 0 -1
    outer loop
      vertex 12.6161 -0.883883 18.8
      vertex 10.2074 -0.323524 18.8
      vertex 10.2393 -0.163157 18.8
    endloop
  endfacet
  facet normal 0 0 -1
    outer loop
      vertex 12.5083 -5.23905 18.8
      vertex 9.99169 -5.23905 18.8
      vertex 12.6161 -5.11612 18.8
    endloop
  endfacet
  facet normal 0 0 -1
    outer loop
      vertex 12.6161 -0.883883 18.8
      vertex 10.1548 -0.478354 18.8
      vertex 10.2074 -0.323524 18.8
    endloop
  endfacet
  facet normal 0 0 -1
    outer loop
      vertex 9.88388 -5.11612 18.8
      vertex 12.6161 -5.11612 18.8
      vertex 9.99169 -5.23905 18.8
    endloop
  endfacet
  facet normal 0 0 -1
    outer loop
      vertex 12.6161 -0.883883 18.8
      vertex 10.0825 -0.625 18.8
      vertex 10.1548 -0.478354 18.8
    endloop
  endfacet
  facet normal 0 0 -1
    outer loop
      vertex 9.76095 -5.00831 18.8
      vertex 12.6161 -5.11612 18.8
      vertex 9.88388 -5.11612 18.8
    endloop
  endfacet
  facet normal 0 0 -1
    outer loop
      vertex 12.6161 -0.883883 18.8
      vertex 9.99169 -0.760951 18.8
      vertex 10.0825 -0.625 18.8
    endloop
  endfacet
  facet normal 0 0 -1
    outer loop
      vertex 12.6161 -5.11612 18.8
      vertex 9.76095 -5.00831 18.8
      vertex 12.6161 -0.883883 18.8
    endloop
  endfacet
  facet normal 0 0 -1
    outer loop
      vertex 12.6161 -0.883883 18.8
      vertex 9.88388 -0.883883 18.8
      vertex 9.99169 -0.760951 18.8
    endloop
  endfacet
  facet normal 0 0 -1
    outer loop
      vertex 9.76095 -0.991692 18.8
      vertex 12.6161 -0.883883 18.8
      vertex 9.76095 -5.00831 18.8
    endloop
  endfacet
  facet normal -0 0 -1
    outer loop
      vertex 12.6161 -0.883883 18.8
      vertex 9.76095 -0.991692 18.8
      vertex 9.88388 -0.883883 18.8
    endloop
  endfacet
  facet normal 0 0 -1
    outer loop
      vertex 9.625 -4.91747 18.8
      vertex 9.76095 -0.991692 18.8
      vertex 9.76095 -5.00831 18.8
    endloop
  endfacet
  facet normal 0 0 -1
    outer loop
      vertex 9.625 -4.91747 18.8
      vertex 9.625 -1.08253 18.8
      vertex 9.76095 -0.991692 18.8
    endloop
  endfacet
  facet normal 0 0 -1
    outer loop
      vertex 9.47835 -4.84515 18.8
      vertex 9.625 -1.08253 18.8
      vertex 9.625 -4.91747 18.8
    endloop
  endfacet
  facet normal 0 0 -1
    outer loop
      vertex 9.47835 -4.84515 18.8
      vertex 9.47835 -1.15485 18.8
      vertex 9.625 -1.08253 18.8
    endloop
  endfacet
  facet normal 0 0 -1
    outer loop
      vertex 9.32352 -4.79259 18.8
      vertex 9.47835 -1.15485 18.8
      vertex 9.47835 -4.84515 18.8
    endloop
  endfacet
  facet normal 0 0 -1
    outer loop
      vertex 9.32352 -4.79259 18.8
      vertex 9.32352 -1.20741 18.8
      vertex 9.47835 -1.15485 18.8
    endloop
  endfacet
  facet normal 0 0 -1
    outer loop
      vertex 9.16316 -4.76069 18.8
      vertex 9.32352 -1.20741 18.8
      vertex 9.32352 -4.79259 18.8
    endloop
  endfacet
  facet normal 0 0 -1
    outer loop
      vertex 9.16316 -4.76069 18.8
      vertex 9.16316 -1.23931 18.8
      vertex 9.32352 -1.20741 18.8
    endloop
  endfacet
  facet normal 0 0 -1
    outer loop
      vertex 9 -4.75 18.8
      vertex 9.16316 -1.23931 18.8
      vertex 9.16316 -4.76069 18.8
    endloop
  endfacet
  facet normal 0 0 -1
    outer loop
      vertex 9 -4.75 18.8
      vertex 9 -1.25 18.8
      vertex 9.16316 -1.23931 18.8
    endloop
  endfacet
  facet normal 0 0 -1
    outer loop
      vertex 8.83684 -4.76069 18.8
      vertex 9 -1.25 18.8
      vertex 9 -4.75 18.8
    endloop
  endfacet
  facet normal 0 0 -1
    outer loop
      vertex 8.83684 -4.76069 18.8
      vertex 8.83684 -1.23931 18.8
      vertex 9 -1.25 18.8
    endloop
  endfacet
  facet normal 0 0 -1
    outer loop
      vertex 8.67648 -4.79259 18.8
      vertex 8.83684 -1.23931 18.8
      vertex 8.83684 -4.76069 18.8
    endloop
  endfacet
  facet normal 0 0 -1
    outer loop
      vertex 8.67648 -4.79259 18.8
      vertex 8.67648 -1.20741 18.8
      vertex 8.83684 -1.23931 18.8
    endloop
  endfacet
  facet normal 0 0 -1
    outer loop
      vertex 8.52165 -4.84515 18.8
      vertex 8.67648 -1.20741 18.8
      vertex 8.67648 -4.79259 18.8
    endloop
  endfacet
  facet normal 0 0 -1
    outer loop
      vertex 8.52165 -4.84515 18.8
      vertex 8.52165 -1.15485 18.8
      vertex 8.67648 -1.20741 18.8
    endloop
  endfacet
  facet normal 0 0 -1
    outer loop
      vertex 8.375 -4.91747 18.8
      vertex 8.52165 -1.15485 18.8
      vertex 8.52165 -4.84515 18.8
    endloop
  endfacet
  facet normal 0 0 -1
    outer loop
      vertex 8.375 -4.91747 18.8
      vertex 8.375 -1.08253 18.8
      vertex 8.52165 -1.15485 18.8
    endloop
  endfacet
  facet normal 0 0 -1
    outer loop
      vertex 8.23905 -5.00831 18.8
      vertex 8.375 -1.08253 18.8
      vertex 8.375 -4.91747 18.8
    endloop
  endfacet
  facet normal 0 0 -1
    outer loop
      vertex 8.23905 -5.00831 18.8
      vertex 8.23905 -0.991692 18.8
      vertex 8.375 -1.08253 18.8
    endloop
  endfacet
  facet normal 0 0 -1
    outer loop
      vertex 8.11612 -5.11612 18.8
      vertex 8.23905 -0.991692 18.8
      vertex 8.23905 -5.00831 18.8
    endloop
  endfacet
  facet normal 0 0 -1
    outer loop
      vertex 8.11612 -5.11612 18.8
      vertex 8.11612 -0.883883 18.8
      vertex 8.23905 -0.991692 18.8
    endloop
  endfacet
  facet normal 0 0 -1
    outer loop
      vertex 5.65485 -5.52165 18.8
      vertex 7.84515 -5.52165 18.8
      vertex 5.70741 -5.67648 18.8
    endloop
  endfacet
  facet normal 0 0 -1
    outer loop
      vertex 7.84515 -5.52165 18.8
      vertex 5.65485 -5.52165 18.8
      vertex 7.91747 -5.375 18.8
    endloop
  endfacet
  facet normal 0 0 -1
    outer loop
      vertex 7.79259 -5.67648 18.8
      vertex 5.70741 -5.67648 18.8
      vertex 7.84515 -5.52165 18.8
    endloop
  endfacet
  facet normal 0 0 -1
    outer loop
      vertex 5.58253 -5.375 18.8
      vertex 7.91747 -5.375 18.8
      vertex 5.65485 -5.52165 18.8
    endloop
  endfacet
  facet normal 0 0 -1
    outer loop
      vertex 5.70741 -5.67648 18.8
      vertex 7.79259 -5.67648 18.8
      vertex 5.73931 -5.83684 18.8
    endloop
  endfacet
  facet normal 0 0 -1
    outer loop
      vertex 8.11612 -0.883883 18.8
      vertex 5.75 0 18.8
      vertex 8.00831 -0.760951 18.8
    endloop
  endfacet
  facet normal 0 0 -1
    outer loop
      vertex 7.76069 -5.83684 18.8
      vertex 5.73931 -5.83684 18.8
      vertex 7.79259 -5.67648 18.8
    endloop
  endfacet
  facet normal 0 0 -1
    outer loop
      vertex 8.00831 -0.760951 18.8
      vertex 5.75 0 18.8
      vertex 7.91747 -0.625 18.8
    endloop
  endfacet
  facet normal 0 0 -1
    outer loop
      vertex 5.73931 -5.83684 18.8
      vertex 7.76069 -5.83684 18.8
      vertex 5.75 -6 18.8
    endloop
  endfacet
  facet normal 0 0 -1
    outer loop
      vertex 7.91747 -0.625 18.8
      vertex 5.75 0 18.8
      vertex 7.84515 -0.478354 18.8
    endloop
  endfacet
  facet normal 0 0 -1
    outer loop
      vertex 5.75 -6 18.8
      vertex 7.76069 -5.83684 18.8
      vertex 7.75 -6 18.8
    endloop
  endfacet
  facet normal 0 0 -1
    outer loop
      vertex 7.84515 -0.478354 18.8
      vertex 5.75 0 18.8
      vertex 7.79259 -0.323524 18.8
    endloop
  endfacet
  facet normal 0 0 -1
    outer loop
      vertex 16.9175 0.625 18.8
      vertex 14.5825 0.625 18.8
      vertex 17.0083 0.760951 18.8
    endloop
  endfacet
  facet normal 0 0 -1
    outer loop
      vertex 17.1161 5.11612 18.8
      vertex 14.7393 5.83684 18.8
      vertex 14.75 6 18.8
    endloop
  endfacet
  facet normal 0 0 -1
    outer loop
      vertex 14.4917 0.760951 18.8
      vertex 17.0083 0.760951 18.8
      vertex 14.5825 0.625 18.8
    endloop
  endfacet
  facet normal 0 0 -1
    outer loop
      vertex 17.1161 5.11612 18.8
      vertex 14.7074 5.67648 18.8
      vertex 14.7393 5.83684 18.8
    endloop
  endfacet
  facet normal 0 0 -1
    outer loop
      vertex 17.0083 0.760951 18.8
      vertex 14.4917 0.760951 18.8
      vertex 17.1161 0.883883 18.8
    endloop
  endfacet
  facet normal 0 0 -1
    outer loop
      vertex 17.1161 5.11612 18.8
      vertex 14.6548 5.52165 18.8
      vertex 14.7074 5.67648 18.8
    endloop
  endfacet
  facet normal 0 0 -1
    outer loop
      vertex 14.3839 0.883883 18.8
      vertex 17.1161 0.883883 18.8
      vertex 14.4917 0.760951 18.8
    endloop
  endfacet
  facet normal 0 0 -1
    outer loop
      vertex 17.1161 5.11612 18.8
      vertex 14.5825 5.375 18.8
      vertex 14.6548 5.52165 18.8
    endloop
  endfacet
  facet normal 0 0 -1
    outer loop
      vertex 14.261 0.991692 18.8
      vertex 17.1161 0.883883 18.8
      vertex 14.3839 0.883883 18.8
    endloop
  endfacet
  facet normal 0 0 -1
    outer loop
      vertex 17.1161 5.11612 18.8
      vertex 14.4917 5.23905 18.8
      vertex 14.5825 5.375 18.8
    endloop
  endfacet
  facet normal 0 0 -1
    outer loop
      vertex 17.1161 0.883883 18.8
      vertex 14.261 0.991692 18.8
      vertex 17.1161 5.11612 18.8
    endloop
  endfacet
  facet normal 0 0 -1
    outer loop
      vertex 17.1161 5.11612 18.8
      vertex 14.3839 5.11612 18.8
      vertex 14.4917 5.23905 18.8
    endloop
  endfacet
  facet normal 0 0 -1
    outer loop
      vertex 14.261 5.00831 18.8
      vertex 17.1161 5.11612 18.8
      vertex 14.261 0.991692 18.8
    endloop
  endfacet
  facet normal -0 0 -1
    outer loop
      vertex 17.1161 5.11612 18.8
      vertex 14.261 5.00831 18.8
      vertex 14.3839 5.11612 18.8
    endloop
  endfacet
  facet normal 0 0 -1
    outer loop
      vertex 14.125 1.08253 18.8
      vertex 14.261 5.00831 18.8
      vertex 14.261 0.991692 18.8
    endloop
  endfacet
  facet normal 0 0 -1
    outer loop
      vertex 14.125 1.08253 18.8
      vertex 14.125 4.91747 18.8
      vertex 14.261 5.00831 18.8
    endloop
  endfacet
  facet normal 0 0 -1
    outer loop
      vertex 13.9784 1.15485 18.8
      vertex 14.125 4.91747 18.8
      vertex 14.125 1.08253 18.8
    endloop
  endfacet
  facet normal 0 0 -1
    outer loop
      vertex 13.9784 1.15485 18.8
      vertex 13.9784 4.84515 18.8
      vertex 14.125 4.91747 18.8
    endloop
  endfacet
  facet normal 0 0 -1
    outer loop
      vertex 13.8235 1.20741 18.8
      vertex 13.9784 4.84515 18.8
      vertex 13.9784 1.15485 18.8
    endloop
  endfacet
  facet normal 0 0 -1
    outer loop
      vertex 13.8235 1.20741 18.8
      vertex 13.8235 4.79259 18.8
      vertex 13.9784 4.84515 18.8
    endloop
  endfacet
  facet normal 0 0 -1
    outer loop
      vertex 13.6632 1.23931 18.8
      vertex 13.8235 4.79259 18.8
      vertex 13.8235 1.20741 18.8
    endloop
  endfacet
  facet normal 0 0 -1
    outer loop
      vertex 13.6632 1.23931 18.8
      vertex 13.6632 4.76069 18.8
      vertex 13.8235 4.79259 18.8
    endloop
  endfacet
  facet normal 0 0 -1
    outer loop
      vertex 13.5 1.25 18.8
      vertex 13.6632 4.76069 18.8
      vertex 13.6632 1.23931 18.8
    endloop
  endfacet
  facet normal 0 0 -1
    outer loop
      vertex 13.5 1.25 18.8
      vertex 13.5 4.75 18.8
      vertex 13.6632 4.76069 18.8
    endloop
  endfacet
  facet normal 0 0 -1
    outer loop
      vertex 13.3368 1.23931 18.8
      vertex 13.5 4.75 18.8
      vertex 13.5 1.25 18.8
    endloop
  endfacet
  facet normal 0 0 -1
    outer loop
      vertex 13.3368 1.23931 18.8
      vertex 13.3368 4.76069 18.8
      vertex 13.5 4.75 18.8
    endloop
  endfacet
  facet normal 0 0 -1
    outer loop
      vertex 13.1765 1.20741 18.8
      vertex 13.3368 4.76069 18.8
      vertex 13.3368 1.23931 18.8
    endloop
  endfacet
  facet normal 0 0 -1
    outer loop
      vertex 13.1765 1.20741 18.8
      vertex 13.1765 4.79259 18.8
      vertex 13.3368 4.76069 18.8
    endloop
  endfacet
  facet normal 0 0 -1
    outer loop
      vertex 13.0216 1.15485 18.8
      vertex 13.1765 4.79259 18.8
      vertex 13.1765 1.20741 18.8
    endloop
  endfacet
  facet normal 0 0 -1
    outer loop
      vertex 13.0216 1.15485 18.8
      vertex 13.0216 4.84515 18.8
      vertex 13.1765 4.79259 18.8
    endloop
  endfacet
  facet normal 0 0 -1
    outer loop
      vertex 12.875 1.08253 18.8
      vertex 13.0216 4.84515 18.8
      vertex 13.0216 1.15485 18.8
    endloop
  endfacet
  facet normal 0 0 -1
    outer loop
      vertex 12.875 1.08253 18.8
      vertex 12.875 4.91747 18.8
      vertex 13.0216 4.84515 18.8
    endloop
  endfacet
  facet normal 0 0 -1
    outer loop
      vertex 12.739 0.991692 18.8
      vertex 12.875 4.91747 18.8
      vertex 12.875 1.08253 18.8
    endloop
  endfacet
  facet normal 0 0 -1
    outer loop
      vertex 12.739 0.991692 18.8
      vertex 12.739 5.00831 18.8
      vertex 12.875 4.91747 18.8
    endloop
  endfacet
  facet normal 0 0 -1
    outer loop
      vertex 12.6161 0.883883 18.8
      vertex 12.739 5.00831 18.8
      vertex 12.739 0.991692 18.8
    endloop
  endfacet
  facet normal 0 0 -1
    outer loop
      vertex 12.6161 0.883883 18.8
      vertex 12.6161 5.11612 18.8
      vertex 12.739 5.00831 18.8
    endloop
  endfacet
  facet normal 0 0 -1
    outer loop
      vertex 10.1548 0.478354 18.8
      vertex 12.3451 0.478354 18.8
      vertex 10.2074 0.323524 18.8
    endloop
  endfacet
  facet normal 0 0 -1
    outer loop
      vertex 12.3451 0.478354 18.8
      vertex 10.1548 0.478354 18.8
      vertex 12.4175 0.625 18.8
    endloop
  endfacet
  facet normal 0 0 -1
    outer loop
      vertex 12.2926 0.323524 18.8
      vertex 10.2074 0.323524 18.8
      vertex 12.3451 0.478354 18.8
    endloop
  endfacet
  facet normal 0 0 -1
    outer loop
      vertex 10.0825 0.625 18.8
      vertex 12.4175 0.625 18.8
      vertex 10.1548 0.478354 18.8
    endloop
  endfacet
  facet normal 0 0 -1
    outer loop
      vertex 10.2074 0.323524 18.8
      vertex 12.2926 0.323524 18.8
      vertex 10.2393 0.163157 18.8
    endloop
  endfacet
  facet normal 0 0 -1
    outer loop
      vertex 12.6161 5.11612 18.8
      vertex 10.25 6 18.8
      vertex 12.5083 5.23905 18.8
    endloop
  endfacet
  facet normal 0 0 -1
    outer loop
      vertex 12.2607 0.163157 18.8
      vertex 10.2393 0.163157 18.8
      vertex 12.2926 0.323524 18.8
    endloop
  endfacet
  facet normal 0 0 -1
    outer loop
      vertex 12.5083 5.23905 18.8
      vertex 10.25 6 18.8
      vertex 12.4175 5.375 18.8
    endloop
  endfacet
  facet normal 0 0 -1
    outer loop
      vertex 10.2393 0.163157 18.8
      vertex 12.2607 0.163157 18.8
      vertex 10.25 0 18.8
    endloop
  endfacet
  facet normal 0 0 -1
    outer loop
      vertex 12.4175 5.375 18.8
      vertex 10.25 6 18.8
      vertex 12.3451 5.52165 18.8
    endloop
  endfacet
  facet normal 0 0 -1
    outer loop
      vertex 10.25 0 18.8
      vertex 12.2607 0.163157 18.8
      vertex 12.25 0 18.8
    endloop
  endfacet
  facet normal 0 0 -1
    outer loop
      vertex 12.3451 5.52165 18.8
      vertex 10.25 6 18.8
      vertex 12.2926 5.67648 18.8
    endloop
  endfacet
  facet normal 0 0 -1
    outer loop
      vertex 16.9175 -5.375 18.8
      vertex 14.5825 -5.375 18.8
      vertex 17.0083 -5.23905 18.8
    endloop
  endfacet
  facet normal 0 0 -1
    outer loop
      vertex 17.1161 -0.883883 18.8
      vertex 14.7393 -0.163157 18.8
      vertex 14.75 0 18.8
    endloop
  endfacet
  facet normal 0 0 -1
    outer loop
      vertex 14.4917 -5.23905 18.8
      vertex 17.0083 -5.23905 18.8
      vertex 14.5825 -5.375 18.8
    endloop
  endfacet
  facet normal 0 0 -1
    outer loop
      vertex 17.1161 -0.883883 18.8
      vertex 14.7074 -0.323524 18.8
      vertex 14.7393 -0.163157 18.8
    endloop
  endfacet
  facet normal 0 0 -1
    outer loop
      vertex 17.0083 -5.23905 18.8
      vertex 14.4917 -5.23905 18.8
      vertex 17.1161 -5.11612 18.8
    endloop
  endfacet
  facet normal 0 0 -1
    outer loop
      vertex 17.1161 -0.883883 18.8
      vertex 14.6548 -0.478354 18.8
      vertex 14.7074 -0.323524 18.8
    endloop
  endfacet
  facet normal 0 0 -1
    outer loop
      vertex 14.3839 -5.11612 18.8
      vertex 17.1161 -5.11612 18.8
      vertex 14.4917 -5.23905 18.8
    endloop
  endfacet
  facet normal 0 0 -1
    outer loop
      vertex 17.1161 -0.883883 18.8
      vertex 14.5825 -0.625 18.8
      vertex 14.6548 -0.478354 18.8
    endloop
  endfacet
  facet normal 0 0 -1
    outer loop
      vertex 14.261 -5.00831 18.8
      vertex 17.1161 -5.11612 18.8
      vertex 14.3839 -5.11612 18.8
    endloop
  endfacet
  facet normal 0 0 -1
    outer loop
      vertex 17.1161 -0.883883 18.8
      vertex 14.4917 -0.760951 18.8
      vertex 14.5825 -0.625 18.8
    endloop
  endfacet
  facet normal 0 0 -1
    outer loop
      vertex 17.1161 -5.11612 18.8
      vertex 14.261 -5.00831 18.8
      vertex 17.1161 -0.883883 18.8
    endloop
  endfacet
  facet normal 0 0 -1
    outer loop
      vertex 17.1161 -0.883883 18.8
      vertex 14.3839 -0.883883 18.8
      vertex 14.4917 -0.760951 18.8
    endloop
  endfacet
  facet normal 0 0 -1
    outer loop
      vertex 14.261 -0.991692 18.8
      vertex 17.1161 -0.883883 18.8
      vertex 14.261 -5.00831 18.8
    endloop
  endfacet
  facet normal -0 0 -1
    outer loop
      vertex 17.1161 -0.883883 18.8
      vertex 14.261 -0.991692 18.8
      vertex 14.3839 -0.883883 18.8
    endloop
  endfacet
  facet normal 0 0 -1
    outer loop
      vertex 14.125 -4.91747 18.8
      vertex 14.261 -0.991692 18.8
      vertex 14.261 -5.00831 18.8
    endloop
  endfacet
  facet normal 0 0 -1
    outer loop
      vertex 14.125 -4.91747 18.8
      vertex 14.125 -1.08253 18.8
      vertex 14.261 -0.991692 18.8
    endloop
  endfacet
  facet normal 0 0 -1
    outer loop
      vertex 13.9784 -4.84515 18.8
      vertex 14.125 -1.08253 18.8
      vertex 14.125 -4.91747 18.8
    endloop
  endfacet
  facet normal 0 0 -1
    outer loop
      vertex 13.9784 -4.84515 18.8
      vertex 13.9784 -1.15485 18.8
      vertex 14.125 -1.08253 18.8
    endloop
  endfacet
  facet normal 0 0 -1
    outer loop
      vertex 13.8235 -4.79259 18.8
      vertex 13.9784 -1.15485 18.8
      vertex 13.9784 -4.84515 18.8
    endloop
  endfacet
  facet normal 0 0 -1
    outer loop
      vertex 13.8235 -4.79259 18.8
      vertex 13.8235 -1.20741 18.8
      vertex 13.9784 -1.15485 18.8
    endloop
  endfacet
  facet normal 0 0 -1
    outer loop
      vertex 13.6632 -4.76069 18.8
      vertex 13.8235 -1.20741 18.8
      vertex 13.8235 -4.79259 18.8
    endloop
  endfacet
  facet normal 0 0 -1
    outer loop
      vertex 13.6632 -4.76069 18.8
      vertex 13.6632 -1.23931 18.8
      vertex 13.8235 -1.20741 18.8
    endloop
  endfacet
  facet normal 0 0 -1
    outer loop
      vertex 13.5 -4.75 18.8
      vertex 13.6632 -1.23931 18.8
      vertex 13.6632 -4.76069 18.8
    endloop
  endfacet
  facet normal 0 0 -1
    outer loop
      vertex 13.5 -4.75 18.8
      vertex 13.5 -1.25 18.8
      vertex 13.6632 -1.23931 18.8
    endloop
  endfacet
  facet normal 0 0 -1
    outer loop
      vertex 13.3368 -4.76069 18.8
      vertex 13.5 -1.25 18.8
      vertex 13.5 -4.75 18.8
    endloop
  endfacet
  facet normal 0 0 -1
    outer loop
      vertex 13.3368 -4.76069 18.8
      vertex 13.3368 -1.23931 18.8
      vertex 13.5 -1.25 18.8
    endloop
  endfacet
  facet normal 0 0 -1
    outer loop
      vertex 13.1765 -4.79259 18.8
      vertex 13.3368 -1.23931 18.8
      vertex 13.3368 -4.76069 18.8
    endloop
  endfacet
  facet normal 0 0 -1
    outer loop
      vertex 13.1765 -4.79259 18.8
      vertex 13.1765 -1.20741 18.8
      vertex 13.3368 -1.23931 18.8
    endloop
  endfacet
  facet normal 0 0 -1
    outer loop
      vertex 13.0216 -4.84515 18.8
      vertex 13.1765 -1.20741 18.8
      vertex 13.1765 -4.79259 18.8
    endloop
  endfacet
  facet normal 0 0 -1
    outer loop
      vertex 13.0216 -4.84515 18.8
      vertex 13.0216 -1.15485 18.8
      vertex 13.1765 -1.20741 18.8
    endloop
  endfacet
  facet normal 0 0 -1
    outer loop
      vertex 12.875 -4.91747 18.8
      vertex 13.0216 -1.15485 18.8
      vertex 13.0216 -4.84515 18.8
    endloop
  endfacet
  facet normal 0 0 -1
    outer loop
      vertex 12.875 -4.91747 18.8
      vertex 12.875 -1.08253 18.8
      vertex 13.0216 -1.15485 18.8
    endloop
  endfacet
  facet normal 0 0 -1
    outer loop
      vertex 12.739 -5.00831 18.8
      vertex 12.875 -1.08253 18.8
      vertex 12.875 -4.91747 18.8
    endloop
  endfacet
  facet normal 0 0 -1
    outer loop
      vertex 12.739 -5.00831 18.8
      vertex 12.739 -0.991692 18.8
      vertex 12.875 -1.08253 18.8
    endloop
  endfacet
  facet normal 0 0 -1
    outer loop
      vertex 12.6161 -5.11612 18.8
      vertex 12.739 -0.991692 18.8
      vertex 12.739 -5.00831 18.8
    endloop
  endfacet
  facet normal 0 0 -1
    outer loop
      vertex 12.6161 -5.11612 18.8
      vertex 12.6161 -0.883883 18.8
      vertex 12.739 -0.991692 18.8
    endloop
  endfacet
  facet normal 0 0 -1
    outer loop
      vertex 10.1548 -5.52165 18.8
      vertex 12.3451 -5.52165 18.8
      vertex 10.2074 -5.67648 18.8
    endloop
  endfacet
  facet normal 0 0 -1
    outer loop
      vertex 12.3451 -5.52165 18.8
      vertex 10.1548 -5.52165 18.8
      vertex 12.4175 -5.375 18.8
    endloop
  endfacet
  facet normal 0 0 -1
    outer loop
      vertex 12.2926 -5.67648 18.8
      vertex 10.2074 -5.67648 18.8
      vertex 12.3451 -5.52165 18.8
    endloop
  endfacet
  facet normal 0 0 -1
    outer loop
      vertex 10.0825 -5.375 18.8
      vertex 12.4175 -5.375 18.8
      vertex 10.1548 -5.52165 18.8
    endloop
  endfacet
  facet normal 0 0 -1
    outer loop
      vertex 10.2074 -5.67648 18.8
      vertex 12.2926 -5.67648 18.8
      vertex 10.2393 -5.83684 18.8
    endloop
  endfacet
  facet normal 0 0 -1
    outer loop
      vertex 12.6161 -0.883883 18.8
      vertex 10.25 0 18.8
      vertex 12.5083 -0.760951 18.8
    endloop
  endfacet
  facet normal 0 0 -1
    outer loop
      vertex 12.2607 -5.83684 18.8
      vertex 10.2393 -5.83684 18.8
      vertex 12.2926 -5.67648 18.8
    endloop
  endfacet
  facet normal 0 0 -1
    outer loop
      vertex 12.5083 -0.760951 18.8
      vertex 10.25 0 18.8
      vertex 12.4175 -0.625 18.8
    endloop
  endfacet
  facet normal 0 0 -1
    outer loop
      vertex 10.2393 -5.83684 18.8
      vertex 12.2607 -5.83684 18.8
      vertex 10.25 -6 18.8
    endloop
  endfacet
  facet normal 0 0 -1
    outer loop
      vertex 12.4175 -0.625 18.8
      vertex 10.25 0 18.8
      vertex 12.3451 -0.478354 18.8
    endloop
  endfacet
  facet normal 0 0 -1
    outer loop
      vertex 10.25 -6 18.8
      vertex 12.2607 -5.83684 18.8
      vertex 12.25 -6 18.8
    endloop
  endfacet
  facet normal 0 0 -1
    outer loop
      vertex 12.3451 -0.478354 18.8
      vertex 10.25 0 18.8
      vertex 12.2926 -0.323524 18.8
    endloop
  endfacet
  facet normal 0 0 -1
    outer loop
      vertex 19.2074 0.323524 18.8
      vertex 23.3 8.7 18.8
      vertex 19.2393 0.163157 18.8
    endloop
  endfacet
  facet normal 0 0 -1
    outer loop
      vertex 23.3 8.7 18.8
      vertex 19.2393 5.83684 18.8
      vertex 19.25 6 18.8
    endloop
  endfacet
  facet normal 0 0 -1
    outer loop
      vertex 19.1549 0.478354 18.8
      vertex 23.3 8.7 18.8
      vertex 19.2074 0.323524 18.8
    endloop
  endfacet
  facet normal 0 0 -1
    outer loop
      vertex 23.3 8.7 18.8
      vertex 19.2074 5.67648 18.8
      vertex 19.2393 5.83684 18.8
    endloop
  endfacet
  facet normal 0 0 -1
    outer loop
      vertex 19.1549 5.52165 18.8
      vertex 23.3 8.7 18.8
      vertex 19.1549 0.478354 18.8
    endloop
  endfacet
  facet normal 0 0 -1
    outer loop
      vertex 23.3 8.7 18.8
      vertex 19.1549 5.52165 18.8
      vertex 19.2074 5.67648 18.8
    endloop
  endfacet
  facet normal 0 0 -1
    outer loop
      vertex 19.0825 0.625 18.8
      vertex 19.1549 5.52165 18.8
      vertex 19.1549 0.478354 18.8
    endloop
  endfacet
  facet normal 0 0 -1
    outer loop
      vertex 19.0825 0.625 18.8
      vertex 19.0825 5.375 18.8
      vertex 19.1549 5.52165 18.8
    endloop
  endfacet
  facet normal 0 0 -1
    outer loop
      vertex 18.9917 0.760951 18.8
      vertex 19.0825 5.375 18.8
      vertex 19.0825 0.625 18.8
    endloop
  endfacet
  facet normal 0 0 -1
    outer loop
      vertex 18.9917 0.760951 18.8
      vertex 18.9917 5.23905 18.8
      vertex 19.0825 5.375 18.8
    endloop
  endfacet
  facet normal 0 0 -1
    outer loop
      vertex 18.8839 0.883883 18.8
      vertex 18.9917 5.23905 18.8
      vertex 18.9917 0.760951 18.8
    endloop
  endfacet
  facet normal 0 0 -1
    outer loop
      vertex 18.8839 0.883883 18.8
      vertex 18.8839 5.11612 18.8
      vertex 18.9917 5.23905 18.8
    endloop
  endfacet
  facet normal 0 0 -1
    outer loop
      vertex 18.761 0.991692 18.8
      vertex 18.8839 5.11612 18.8
      vertex 18.8839 0.883883 18.8
    endloop
  endfacet
  facet normal 0 0 -1
    outer loop
      vertex 18.761 0.991692 18.8
      vertex 18.761 5.00831 18.8
      vertex 18.8839 5.11612 18.8
    endloop
  endfacet
  facet normal 0 0 -1
    outer loop
      vertex 18.625 1.08253 18.8
      vertex 18.761 5.00831 18.8
      vertex 18.761 0.991692 18.8
    endloop
  endfacet
  facet normal 0 0 -1
    outer loop
      vertex 18.625 1.08253 18.8
      vertex 18.625 4.91747 18.8
      vertex 18.761 5.00831 18.8
    endloop
  endfacet
  facet normal 0 0 -1
    outer loop
      vertex 18.4784 1.15485 18.8
      vertex 18.625 4.91747 18.8
      vertex 18.625 1.08253 18.8
    endloop
  endfacet
  facet normal 0 0 -1
    outer loop
      vertex 18.4784 1.15485 18.8
      vertex 18.4784 4.84515 18.8
      vertex 18.625 4.91747 18.8
    endloop
  endfacet
  facet normal 0 0 -1
    outer loop
      vertex 18.3235 1.20741 18.8
      vertex 18.4784 4.84515 18.8
      vertex 18.4784 1.15485 18.8
    endloop
  endfacet
  facet normal 0 0 -1
    outer loop
      vertex 18.3235 1.20741 18.8
      vertex 18.3235 4.79259 18.8
      vertex 18.4784 4.84515 18.8
    endloop
  endfacet
  facet normal 0 0 -1
    outer loop
      vertex 18.1632 1.23931 18.8
      vertex 18.3235 4.79259 18.8
      vertex 18.3235 1.20741 18.8
    endloop
  endfacet
  facet normal 0 0 -1
    outer loop
      vertex 18.1632 1.23931 18.8
      vertex 18.1632 4.76069 18.8
      vertex 18.3235 4.79259 18.8
    endloop
  endfacet
  facet normal 0 0 -1
    outer loop
      vertex 18 1.25 18.8
      vertex 18.1632 4.76069 18.8
      vertex 18.1632 1.23931 18.8
    endloop
  endfacet
  facet normal 0 0 -1
    outer loop
      vertex 18 1.25 18.8
      vertex 18 4.75 18.8
      vertex 18.1632 4.76069 18.8
    endloop
  endfacet
  facet normal 0 0 -1
    outer loop
      vertex 17.8368 1.23931 18.8
      vertex 18 4.75 18.8
      vertex 18 1.25 18.8
    endloop
  endfacet
  facet normal 0 0 -1
    outer loop
      vertex 17.8368 1.23931 18.8
      vertex 17.8368 4.76069 18.8
      vertex 18 4.75 18.8
    endloop
  endfacet
  facet normal 0 0 -1
    outer loop
      vertex 17.6765 1.20741 18.8
      vertex 17.8368 4.76069 18.8
      vertex 17.8368 1.23931 18.8
    endloop
  endfacet
  facet normal 0 0 -1
    outer loop
      vertex 17.6765 1.20741 18.8
      vertex 17.6765 4.79259 18.8
      vertex 17.8368 4.76069 18.8
    endloop
  endfacet
  facet normal 0 0 -1
    outer loop
      vertex 17.5216 1.15485 18.8
      vertex 17.6765 4.79259 18.8
      vertex 17.6765 1.20741 18.8
    endloop
  endfacet
  facet normal 0 0 -1
    outer loop
      vertex 17.5216 1.15485 18.8
      vertex 17.5216 4.84515 18.8
      vertex 17.6765 4.79259 18.8
    endloop
  endfacet
  facet normal 0 0 -1
    outer loop
      vertex 17.375 1.08253 18.8
      vertex 17.5216 4.84515 18.8
      vertex 17.5216 1.15485 18.8
    endloop
  endfacet
  facet normal 0 0 -1
    outer loop
      vertex 17.375 1.08253 18.8
      vertex 17.375 4.91747 18.8
      vertex 17.5216 4.84515 18.8
    endloop
  endfacet
  facet normal 0 0 -1
    outer loop
      vertex 17.239 0.991692 18.8
      vertex 17.375 4.91747 18.8
      vertex 17.375 1.08253 18.8
    endloop
  endfacet
  facet normal 0 0 -1
    outer loop
      vertex 17.239 0.991692 18.8
      vertex 17.239 5.00831 18.8
      vertex 17.375 4.91747 18.8
    endloop
  endfacet
  facet normal 0 0 -1
    outer loop
      vertex 17.1161 0.883883 18.8
      vertex 17.239 5.00831 18.8
      vertex 17.239 0.991692 18.8
    endloop
  endfacet
  facet normal 0 0 -1
    outer loop
      vertex 17.1161 0.883883 18.8
      vertex 17.1161 5.11612 18.8
      vertex 17.239 5.00831 18.8
    endloop
  endfacet
  facet normal 0 0 -1
    outer loop
      vertex 14.6548 0.478354 18.8
      vertex 16.8451 0.478354 18.8
      vertex 14.7074 0.323524 18.8
    endloop
  endfacet
  facet normal 0 0 -1
    outer loop
      vertex 16.8451 0.478354 18.8
      vertex 14.6548 0.478354 18.8
      vertex 16.9175 0.625 18.8
    endloop
  endfacet
  facet normal 0 0 -1
    outer loop
      vertex 16.7926 0.323524 18.8
      vertex 14.7074 0.323524 18.8
      vertex 16.8451 0.478354 18.8
    endloop
  endfacet
  facet normal 0 0 -1
    outer loop
      vertex 14.5825 0.625 18.8
      vertex 16.9175 0.625 18.8
      vertex 14.6548 0.478354 18.8
    endloop
  endfacet
  facet normal 0 0 -1
    outer loop
      vertex 14.7074 0.323524 18.8
      vertex 16.7926 0.323524 18.8
      vertex 14.7393 0.163157 18.8
    endloop
  endfacet
  facet normal 0 0 -1
    outer loop
      vertex 17.1161 5.11612 18.8
      vertex 14.75 6 18.8
      vertex 17.0083 5.23905 18.8
    endloop
  endfacet
  facet normal 0 0 -1
    outer loop
      vertex 16.7607 0.163157 18.8
      vertex 14.7393 0.163157 18.8
      vertex 16.7926 0.323524 18.8
    endloop
  endfacet
  facet normal 0 0 -1
    outer loop
      vertex 17.0083 5.23905 18.8
      vertex 14.75 6 18.8
      vertex 16.9175 5.375 18.8
    endloop
  endfacet
  facet normal 0 0 -1
    outer loop
      vertex 14.7393 0.163157 18.8
      vertex 16.7607 0.163157 18.8
      vertex 14.75 0 18.8
    endloop
  endfacet
  facet normal 0 0 -1
    outer loop
      vertex 16.9175 5.375 18.8
      vertex 14.75 6 18.8
      vertex 16.8451 5.52165 18.8
    endloop
  endfacet
  facet normal 0 0 -1
    outer loop
      vertex 14.75 0 18.8
      vertex 16.7607 0.163157 18.8
      vertex 16.75 0 18.8
    endloop
  endfacet
  facet normal 0 0 -1
    outer loop
      vertex 16.8451 5.52165 18.8
      vertex 14.75 6 18.8
      vertex 16.7926 5.67648 18.8
    endloop
  endfacet
  facet normal 0 0 -1
    outer loop
      vertex 19.2074 -5.67648 18.8
      vertex 23.3 -8.7 18.8
      vertex 19.2393 -5.83684 18.8
    endloop
  endfacet
  facet normal 0 0 -1
    outer loop
      vertex 23.3 -8.7 18.8
      vertex 19.2393 -0.163157 18.8
      vertex 19.25 0 18.8
    endloop
  endfacet
  facet normal 0 0 -1
    outer loop
      vertex 19.1549 -5.52165 18.8
      vertex 23.3 -8.7 18.8
      vertex 19.2074 -5.67648 18.8
    endloop
  endfacet
  facet normal 0 0 -1
    outer loop
      vertex 23.3 -8.7 18.8
      vertex 19.2074 -0.323524 18.8
      vertex 19.2393 -0.163157 18.8
    endloop
  endfacet
  facet normal 0 0 -1
    outer loop
      vertex 19.1549 -0.478354 18.8
      vertex 23.3 -8.7 18.8
      vertex 19.1549 -5.52165 18.8
    endloop
  endfacet
  facet normal 0 0 -1
    outer loop
      vertex 23.3 -8.7 18.8
      vertex 19.1549 -0.478354 18.8
      vertex 19.2074 -0.323524 18.8
    endloop
  endfacet
  facet normal 0 0 -1
    outer loop
      vertex 19.0825 -5.375 18.8
      vertex 19.1549 -0.478354 18.8
      vertex 19.1549 -5.52165 18.8
    endloop
  endfacet
  facet normal 0 0 -1
    outer loop
      vertex 19.0825 -5.375 18.8
      vertex 19.0825 -0.625 18.8
      vertex 19.1549 -0.478354 18.8
    endloop
  endfacet
  facet normal 0 0 -1
    outer loop
      vertex 18.9917 -5.23905 18.8
      vertex 19.0825 -0.625 18.8
      vertex 19.0825 -5.375 18.8
    endloop
  endfacet
  facet normal 0 0 -1
    outer loop
      vertex 18.9917 -5.23905 18.8
      vertex 18.9917 -0.760951 18.8
      vertex 19.0825 -0.625 18.8
    endloop
  endfacet
  facet normal 0 0 -1
    outer loop
      vertex 18.8839 -5.11612 18.8
      vertex 18.9917 -0.760951 18.8
      vertex 18.9917 -5.23905 18.8
    endloop
  endfacet
  facet normal 0 0 -1
    outer loop
      vertex 18.8839 -5.11612 18.8
      vertex 18.8839 -0.883883 18.8
      vertex 18.9917 -0.760951 18.8
    endloop
  endfacet
  facet normal 0 0 -1
    outer loop
      vertex 18.761 -5.00831 18.8
      vertex 18.8839 -0.883883 18.8
      vertex 18.8839 -5.11612 18.8
    endloop
  endfacet
  facet normal 0 0 -1
    outer loop
      vertex 18.761 -5.00831 18.8
      vertex 18.761 -0.991692 18.8
      vertex 18.8839 -0.883883 18.8
    endloop
  endfacet
  facet normal 0 0 -1
    outer loop
      vertex 18.625 -4.91747 18.8
      vertex 18.761 -0.991692 18.8
      vertex 18.761 -5.00831 18.8
    endloop
  endfacet
  facet normal 0 0 -1
    outer loop
      vertex 18.625 -4.91747 18.8
      vertex 18.625 -1.08253 18.8
      vertex 18.761 -0.991692 18.8
    endloop
  endfacet
  facet normal 0 0 -1
    outer loop
      vertex 18.4784 -4.84515 18.8
      vertex 18.625 -1.08253 18.8
      vertex 18.625 -4.91747 18.8
    endloop
  endfacet
  facet normal 0 0 -1
    outer loop
      vertex 18.4784 -4.84515 18.8
      vertex 18.4784 -1.15485 18.8
      vertex 18.625 -1.08253 18.8
    endloop
  endfacet
  facet normal 0 0 -1
    outer loop
      vertex 18.3235 -4.79259 18.8
      vertex 18.4784 -1.15485 18.8
      vertex 18.4784 -4.84515 18.8
    endloop
  endfacet
  facet normal 0 0 -1
    outer loop
      vertex 18.3235 -4.79259 18.8
      vertex 18.3235 -1.20741 18.8
      vertex 18.4784 -1.15485 18.8
    endloop
  endfacet
  facet normal 0 0 -1
    outer loop
      vertex 18.1632 -4.76069 18.8
      vertex 18.3235 -1.20741 18.8
      vertex 18.3235 -4.79259 18.8
    endloop
  endfacet
  facet normal 0 0 -1
    outer loop
      vertex 18.1632 -4.76069 18.8
      vertex 18.1632 -1.23931 18.8
      vertex 18.3235 -1.20741 18.8
    endloop
  endfacet
  facet normal 0 0 -1
    outer loop
      vertex 18 -4.75 18.8
      vertex 18.1632 -1.23931 18.8
      vertex 18.1632 -4.76069 18.8
    endloop
  endfacet
  facet normal 0 0 -1
    outer loop
      vertex 18 -4.75 18.8
      vertex 18 -1.25 18.8
      vertex 18.1632 -1.23931 18.8
    endloop
  endfacet
  facet normal 0 0 -1
    outer loop
      vertex 17.8368 -4.76069 18.8
      vertex 18 -1.25 18.8
      vertex 18 -4.75 18.8
    endloop
  endfacet
  facet normal 0 0 -1
    outer loop
      vertex 17.8368 -4.76069 18.8
      vertex 17.8368 -1.23931 18.8
      vertex 18 -1.25 18.8
    endloop
  endfacet
  facet normal 0 0 -1
    outer loop
      vertex 17.6765 -4.79259 18.8
      vertex 17.8368 -1.23931 18.8
      vertex 17.8368 -4.76069 18.8
    endloop
  endfacet
  facet normal 0 0 -1
    outer loop
      vertex 17.6765 -4.79259 18.8
      vertex 17.6765 -1.20741 18.8
      vertex 17.8368 -1.23931 18.8
    endloop
  endfacet
  facet normal 0 0 -1
    outer loop
      vertex 17.5216 -4.84515 18.8
      vertex 17.6765 -1.20741 18.8
      vertex 17.6765 -4.79259 18.8
    endloop
  endfacet
  facet normal 0 0 -1
    outer loop
      vertex 17.5216 -4.84515 18.8
      vertex 17.5216 -1.15485 18.8
      vertex 17.6765 -1.20741 18.8
    endloop
  endfacet
  facet normal 0 0 -1
    outer loop
      vertex 17.375 -4.91747 18.8
      vertex 17.5216 -1.15485 18.8
      vertex 17.5216 -4.84515 18.8
    endloop
  endfacet
  facet normal 0 0 -1
    outer loop
      vertex 17.375 -4.91747 18.8
      vertex 17.375 -1.08253 18.8
      vertex 17.5216 -1.15485 18.8
    endloop
  endfacet
  facet normal 0 0 -1
    outer loop
      vertex 17.239 -5.00831 18.8
      vertex 17.375 -1.08253 18.8
      vertex 17.375 -4.91747 18.8
    endloop
  endfacet
  facet normal 0 0 -1
    outer loop
      vertex 17.239 -5.00831 18.8
      vertex 17.239 -0.991692 18.8
      vertex 17.375 -1.08253 18.8
    endloop
  endfacet
  facet normal 0 0 -1
    outer loop
      vertex 17.1161 -5.11612 18.8
      vertex 17.239 -0.991692 18.8
      vertex 17.239 -5.00831 18.8
    endloop
  endfacet
  facet normal 0 0 -1
    outer loop
      vertex 17.1161 -5.11612 18.8
      vertex 17.1161 -0.883883 18.8
      vertex 17.239 -0.991692 18.8
    endloop
  endfacet
  facet normal 0 0 -1
    outer loop
      vertex 14.6548 -5.52165 18.8
      vertex 16.8451 -5.52165 18.8
      vertex 14.7074 -5.67648 18.8
    endloop
  endfacet
  facet normal 0 0 -1
    outer loop
      vertex 16.8451 -5.52165 18.8
      vertex 14.6548 -5.52165 18.8
      vertex 16.9175 -5.375 18.8
    endloop
  endfacet
  facet normal 0 0 -1
    outer loop
      vertex 16.7926 -5.67648 18.8
      vertex 14.7074 -5.67648 18.8
      vertex 16.8451 -5.52165 18.8
    endloop
  endfacet
  facet normal 0 0 -1
    outer loop
      vertex 14.5825 -5.375 18.8
      vertex 16.9175 -5.375 18.8
      vertex 14.6548 -5.52165 18.8
    endloop
  endfacet
  facet normal 0 0 -1
    outer loop
      vertex 14.7074 -5.67648 18.8
      vertex 16.7926 -5.67648 18.8
      vertex 14.7393 -5.83684 18.8
    endloop
  endfacet
  facet normal 0 0 -1
    outer loop
      vertex 17.1161 -0.883883 18.8
      vertex 14.75 0 18.8
      vertex 17.0083 -0.760951 18.8
    endloop
  endfacet
  facet normal 0 0 -1
    outer loop
      vertex 16.7607 -5.83684 18.8
      vertex 14.7393 -5.83684 18.8
      vertex 16.7926 -5.67648 18.8
    endloop
  endfacet
  facet normal 0 0 -1
    outer loop
      vertex 17.0083 -0.760951 18.8
      vertex 14.75 0 18.8
      vertex 16.9175 -0.625 18.8
    endloop
  endfacet
  facet normal 0 0 -1
    outer loop
      vertex 14.7393 -5.83684 18.8
      vertex 16.7607 -5.83684 18.8
      vertex 14.75 -6 18.8
    endloop
  endfacet
  facet normal 0 0 -1
    outer loop
      vertex 16.9175 -0.625 18.8
      vertex 14.75 0 18.8
      vertex 16.8451 -0.478354 18.8
    endloop
  endfacet
  facet normal 0 0 -1
    outer loop
      vertex 14.75 -6 18.8
      vertex 16.7607 -5.83684 18.8
      vertex 16.75 -6 18.8
    endloop
  endfacet
  facet normal 0 0 -1
    outer loop
      vertex 16.8451 -0.478354 18.8
      vertex 14.75 0 18.8
      vertex 16.7926 -0.323524 18.8
    endloop
  endfacet
  facet normal 0 0 -1
    outer loop
      vertex 19.2393 -5.83684 18.8
      vertex 23.3 -8.7 18.8
      vertex 19.25 -6 18.8
    endloop
  endfacet
  facet normal 0 0 -1
    outer loop
      vertex 23.3 -8.7 18.8
      vertex 19.2393 -6.16316 18.8
      vertex 19.25 -6 18.8
    endloop
  endfacet
  facet normal 0 0 -1
    outer loop
      vertex 23.3 -8.7 18.8
      vertex 19.2074 -6.32352 18.8
      vertex 19.2393 -6.16316 18.8
    endloop
  endfacet
  facet normal 0 0 -1
    outer loop
      vertex 23.3 -8.7 18.8
      vertex 19.1549 -6.47835 18.8
      vertex 19.2074 -6.32352 18.8
    endloop
  endfacet
  facet normal 0 0 -1
    outer loop
      vertex 23.3 -8.7 18.8
      vertex 19.0825 -6.625 18.8
      vertex 19.1549 -6.47835 18.8
    endloop
  endfacet
  facet normal 0 0 -1
    outer loop
      vertex 23.3 -8.7 18.8
      vertex 18.9917 -6.76095 18.8
      vertex 19.0825 -6.625 18.8
    endloop
  endfacet
  facet normal 0 0 -1
    outer loop
      vertex 23.3 -8.7 18.8
      vertex 18.8839 -6.88388 18.8
      vertex 18.9917 -6.76095 18.8
    endloop
  endfacet
  facet normal 0 0 -1
    outer loop
      vertex 23.3 -8.7 18.8
      vertex 18.761 -6.99169 18.8
      vertex 18.8839 -6.88388 18.8
    endloop
  endfacet
  facet normal 0 0 -1
    outer loop
      vertex 23.3 -8.7 18.8
      vertex 18.625 -7.08253 18.8
      vertex 18.761 -6.99169 18.8
    endloop
  endfacet
  facet normal 0 0 -1
    outer loop
      vertex 23.3 -8.7 18.8
      vertex 18.4784 -7.15485 18.8
      vertex 18.625 -7.08253 18.8
    endloop
  endfacet
  facet normal 0 0 -1
    outer loop
      vertex 23.3 -8.7 18.8
      vertex 18.3235 -7.20741 18.8
      vertex 18.4784 -7.15485 18.8
    endloop
  endfacet
  facet normal 0 0 -1
    outer loop
      vertex 23.3 -8.7 18.8
      vertex 18.1632 -7.23931 18.8
      vertex 18.3235 -7.20741 18.8
    endloop
  endfacet
  facet normal 0 0 -1
    outer loop
      vertex 23.3 -8.7 18.8
      vertex 18 -7.25 18.8
      vertex 18.1632 -7.23931 18.8
    endloop
  endfacet
  facet normal 0 0 -1
    outer loop
      vertex 23.3 -8.7 18.8
      vertex 17.8368 -7.23931 18.8
      vertex 18 -7.25 18.8
    endloop
  endfacet
  facet normal 0 0 -1
    outer loop
      vertex 13.6632 -7.23931 18.8
      vertex 17.8368 -7.23931 18.8
      vertex 23.3 -8.7 18.8
    endloop
  endfacet
  facet normal 0 0 -1
    outer loop
      vertex 16.7607 -0.163157 18.8
      vertex 14.75 0 18.8
      vertex 16.75 0 18.8
    endloop
  endfacet
  facet normal 0 0 -1
    outer loop
      vertex 16.7926 -0.323524 18.8
      vertex 14.75 0 18.8
      vertex 16.7607 -0.163157 18.8
    endloop
  endfacet
  facet normal 0 0 -1
    outer loop
      vertex 16.7607 -6.16316 18.8
      vertex 14.75 -6 18.8
      vertex 16.75 -6 18.8
    endloop
  endfacet
  facet normal 0 0 -1
    outer loop
      vertex 14.7393 -6.16316 18.8
      vertex 16.7607 -6.16316 18.8
      vertex 16.7926 -6.32352 18.8
    endloop
  endfacet
  facet normal 0 0 -1
    outer loop
      vertex 14.7074 -6.32352 18.8
      vertex 16.7926 -6.32352 18.8
      vertex 16.8451 -6.47835 18.8
    endloop
  endfacet
  facet normal 0 0 -1
    outer loop
      vertex 14.6548 -6.47835 18.8
      vertex 16.8451 -6.47835 18.8
      vertex 16.9175 -6.625 18.8
    endloop
  endfacet
  facet normal 0 0 -1
    outer loop
      vertex 14.5825 -6.625 18.8
      vertex 16.9175 -6.625 18.8
      vertex 17.0083 -6.76095 18.8
    endloop
  endfacet
  facet normal 0 0 -1
    outer loop
      vertex 14.4917 -6.76095 18.8
      vertex 17.0083 -6.76095 18.8
      vertex 17.1161 -6.88388 18.8
    endloop
  endfacet
  facet normal 0 0 -1
    outer loop
      vertex 14.3839 -6.88388 18.8
      vertex 17.1161 -6.88388 18.8
      vertex 17.239 -6.99169 18.8
    endloop
  endfacet
  facet normal 0 0 -1
    outer loop
      vertex 14.261 -6.99169 18.8
      vertex 17.239 -6.99169 18.8
      vertex 17.375 -7.08253 18.8
    endloop
  endfacet
  facet normal 0 0 -1
    outer loop
      vertex 14.125 -7.08253 18.8
      vertex 17.375 -7.08253 18.8
      vertex 17.5216 -7.15485 18.8
    endloop
  endfacet
  facet normal 0 0 -1
    outer loop
      vertex 16.7607 -6.16316 18.8
      vertex 14.7393 -6.16316 18.8
      vertex 14.75 -6 18.8
    endloop
  endfacet
  facet normal 0 0 -1
    outer loop
      vertex 16.7926 -6.32352 18.8
      vertex 14.7074 -6.32352 18.8
      vertex 14.7393 -6.16316 18.8
    endloop
  endfacet
  facet normal 0 0 -1
    outer loop
      vertex 13.9784 -7.15485 18.8
      vertex 17.5216 -7.15485 18.8
      vertex 17.6765 -7.20741 18.8
    endloop
  endfacet
  facet normal 0 0 -1
    outer loop
      vertex 16.8451 -6.47835 18.8
      vertex 14.6548 -6.47835 18.8
      vertex 14.7074 -6.32352 18.8
    endloop
  endfacet
  facet normal 0 0 -1
    outer loop
      vertex 17.8368 -7.23931 18.8
      vertex 13.6632 -7.23931 18.8
      vertex 17.6765 -7.20741 18.8
    endloop
  endfacet
  facet normal 0 0 -1
    outer loop
      vertex 16.9175 -6.625 18.8
      vertex 14.5825 -6.625 18.8
      vertex 14.6548 -6.47835 18.8
    endloop
  endfacet
  facet normal 0 0 -1
    outer loop
      vertex 17.0083 -6.76095 18.8
      vertex 14.4917 -6.76095 18.8
      vertex 14.5825 -6.625 18.8
    endloop
  endfacet
  facet normal 0 0 -1
    outer loop
      vertex 17.1161 -6.88388 18.8
      vertex 14.3839 -6.88388 18.8
      vertex 14.4917 -6.76095 18.8
    endloop
  endfacet
  facet normal 0 0 -1
    outer loop
      vertex 17.239 -6.99169 18.8
      vertex 14.261 -6.99169 18.8
      vertex 14.3839 -6.88388 18.8
    endloop
  endfacet
  facet normal 0 0 -1
    outer loop
      vertex 17.375 -7.08253 18.8
      vertex 14.125 -7.08253 18.8
      vertex 14.261 -6.99169 18.8
    endloop
  endfacet
  facet normal 0 0 -1
    outer loop
      vertex 17.5216 -7.15485 18.8
      vertex 13.9784 -7.15485 18.8
      vertex 14.125 -7.08253 18.8
    endloop
  endfacet
  facet normal 0 0 -1
    outer loop
      vertex 17.6765 -7.20741 18.8
      vertex 13.8235 -7.20741 18.8
      vertex 13.9784 -7.15485 18.8
    endloop
  endfacet
  facet normal -0 0 -1
    outer loop
      vertex 17.6765 -7.20741 18.8
      vertex 13.6632 -7.23931 18.8
      vertex 13.8235 -7.20741 18.8
    endloop
  endfacet
  facet normal 0 0 -1
    outer loop
      vertex 23.3 -8.7 18.8
      vertex 13.5 -7.25 18.8
      vertex 13.6632 -7.23931 18.8
    endloop
  endfacet
  facet normal 0 0 -1
    outer loop
      vertex 9 -7.25 18.8
      vertex 13.5 -7.25 18.8
      vertex 23.3 -8.7 18.8
    endloop
  endfacet
  facet normal 0 0 -1
    outer loop
      vertex 12.2607 -0.163157 18.8
      vertex 10.25 0 18.8
      vertex 12.25 0 18.8
    endloop
  endfacet
  facet normal 0 0 -1
    outer loop
      vertex 12.2926 -0.323524 18.8
      vertex 10.25 0 18.8
      vertex 12.2607 -0.163157 18.8
    endloop
  endfacet
  facet normal 0 0 -1
    outer loop
      vertex 12.2607 -6.16316 18.8
      vertex 10.25 -6 18.8
      vertex 12.25 -6 18.8
    endloop
  endfacet
  facet normal 0 0 -1
    outer loop
      vertex 10.2393 -6.16316 18.8
      vertex 12.2607 -6.16316 18.8
      vertex 12.2926 -6.32352 18.8
    endloop
  endfacet
  facet normal 0 0 -1
    outer loop
      vertex 10.2074 -6.32352 18.8
      vertex 12.2926 -6.32352 18.8
      vertex 12.3451 -6.47835 18.8
    endloop
  endfacet
  facet normal 0 0 -1
    outer loop
      vertex 10.1548 -6.47835 18.8
      vertex 12.3451 -6.47835 18.8
      vertex 12.4175 -6.625 18.8
    endloop
  endfacet
  facet normal 0 0 -1
    outer loop
      vertex 10.0825 -6.625 18.8
      vertex 12.4175 -6.625 18.8
      vertex 12.5083 -6.76095 18.8
    endloop
  endfacet
  facet normal 0 0 -1
    outer loop
      vertex 9.99169 -6.76095 18.8
      vertex 12.5083 -6.76095 18.8
      vertex 12.6161 -6.88388 18.8
    endloop
  endfacet
  facet normal 0 0 -1
    outer loop
      vertex 9.88388 -6.88388 18.8
      vertex 12.6161 -6.88388 18.8
      vertex 12.739 -6.99169 18.8
    endloop
  endfacet
  facet normal 0 0 -1
    outer loop
      vertex 9.76095 -6.99169 18.8
      vertex 12.739 -6.99169 18.8
      vertex 12.875 -7.08253 18.8
    endloop
  endfacet
  facet normal 0 0 -1
    outer loop
      vertex 9.625 -7.08253 18.8
      vertex 12.875 -7.08253 18.8
      vertex 13.0216 -7.15485 18.8
    endloop
  endfacet
  facet normal 0 0 -1
    outer loop
      vertex 12.2607 -6.16316 18.8
      vertex 10.2393 -6.16316 18.8
      vertex 10.25 -6 18.8
    endloop
  endfacet
  facet normal 0 0 -1
    outer loop
      vertex 12.2926 -6.32352 18.8
      vertex 10.2074 -6.32352 18.8
      vertex 10.2393 -6.16316 18.8
    endloop
  endfacet
  facet normal 0 0 -1
    outer loop
      vertex 9.47835 -7.15485 18.8
      vertex 13.0216 -7.15485 18.8
      vertex 13.1765 -7.20741 18.8
    endloop
  endfacet
  facet normal 0 0 -1
    outer loop
      vertex 12.3451 -6.47835 18.8
      vertex 10.1548 -6.47835 18.8
      vertex 10.2074 -6.32352 18.8
    endloop
  endfacet
  facet normal 0 0 -1
    outer loop
      vertex 12.4175 -6.625 18.8
      vertex 10.0825 -6.625 18.8
      vertex 10.1548 -6.47835 18.8
    endloop
  endfacet
  facet normal 0 0 -1
    outer loop
      vertex 9.32352 -7.20741 18.8
      vertex 13.1765 -7.20741 18.8
      vertex 13.3368 -7.23931 18.8
    endloop
  endfacet
  facet normal 0 0 -1
    outer loop
      vertex 12.5083 -6.76095 18.8
      vertex 9.99169 -6.76095 18.8
      vertex 10.0825 -6.625 18.8
    endloop
  endfacet
  facet normal 0 0 -1
    outer loop
      vertex 13.5 -7.25 18.8
      vertex 9 -7.25 18.8
      vertex 13.3368 -7.23931 18.8
    endloop
  endfacet
  facet normal 0 0 -1
    outer loop
      vertex 12.6161 -6.88388 18.8
      vertex 9.88388 -6.88388 18.8
      vertex 9.99169 -6.76095 18.8
    endloop
  endfacet
  facet normal 0 0 -1
    outer loop
      vertex 12.739 -6.99169 18.8
      vertex 9.76095 -6.99169 18.8
      vertex 9.88388 -6.88388 18.8
    endloop
  endfacet
  facet normal 0 0 -1
    outer loop
      vertex 12.875 -7.08253 18.8
      vertex 9.625 -7.08253 18.8
      vertex 9.76095 -6.99169 18.8
    endloop
  endfacet
  facet normal 0 0 -1
    outer loop
      vertex 13.0216 -7.15485 18.8
      vertex 9.47835 -7.15485 18.8
      vertex 9.625 -7.08253 18.8
    endloop
  endfacet
  facet normal 0 0 -1
    outer loop
      vertex 13.1765 -7.20741 18.8
      vertex 9.32352 -7.20741 18.8
      vertex 9.47835 -7.15485 18.8
    endloop
  endfacet
  facet normal 0 0 -1
    outer loop
      vertex 13.3368 -7.23931 18.8
      vertex 9.16316 -7.23931 18.8
      vertex 9.32352 -7.20741 18.8
    endloop
  endfacet
  facet normal -0 0 -1
    outer loop
      vertex 13.3368 -7.23931 18.8
      vertex 9 -7.25 18.8
      vertex 9.16316 -7.23931 18.8
    endloop
  endfacet
  facet normal 0 0 -1
    outer loop
      vertex 4.5 -7.25 18.8
      vertex 9 -7.25 18.8
      vertex 23.3 -8.7 18.8
    endloop
  endfacet
  facet normal 0 0 -1
    outer loop
      vertex 7.76069 -0.163157 18.8
      vertex 5.75 0 18.8
      vertex 7.75 0 18.8
    endloop
  endfacet
  facet normal 0 0 -1
    outer loop
      vertex 7.79259 -0.323524 18.8
      vertex 5.75 0 18.8
      vertex 7.76069 -0.163157 18.8
    endloop
  endfacet
  facet normal 0 0 -1
    outer loop
      vertex 7.76069 -6.16316 18.8
      vertex 5.75 -6 18.8
      vertex 7.75 -6 18.8
    endloop
  endfacet
  facet normal 0 0 -1
    outer loop
      vertex 5.73931 -6.16316 18.8
      vertex 7.76069 -6.16316 18.8
      vertex 7.79259 -6.32352 18.8
    endloop
  endfacet
  facet normal 0 0 -1
    outer loop
      vertex 5.70741 -6.32352 18.8
      vertex 7.79259 -6.32352 18.8
      vertex 7.84515 -6.47835 18.8
    endloop
  endfacet
  facet normal 0 0 -1
    outer loop
      vertex 5.65485 -6.47835 18.8
      vertex 7.84515 -6.47835 18.8
      vertex 7.91747 -6.625 18.8
    endloop
  endfacet
  facet normal 0 0 -1
    outer loop
      vertex 5.58253 -6.625 18.8
      vertex 7.91747 -6.625 18.8
      vertex 8.00831 -6.76095 18.8
    endloop
  endfacet
  facet normal 0 0 -1
    outer loop
      vertex 5.49169 -6.76095 18.8
      vertex 8.00831 -6.76095 18.8
      vertex 8.11612 -6.88388 18.8
    endloop
  endfacet
  facet normal 0 0 -1
    outer loop
      vertex 5.38388 -6.88388 18.8
      vertex 8.11612 -6.88388 18.8
      vertex 8.23905 -6.99169 18.8
    endloop
  endfacet
  facet normal 0 0 -1
    outer loop
      vertex 5.26095 -6.99169 18.8
      vertex 8.23905 -6.99169 18.8
      vertex 8.375 -7.08253 18.8
    endloop
  endfacet
  facet normal 0 0 -1
    outer loop
      vertex 5.125 -7.08253 18.8
      vertex 8.375 -7.08253 18.8
      vertex 8.52165 -7.15485 18.8
    endloop
  endfacet
  facet normal 0 0 -1
    outer loop
      vertex 7.76069 -6.16316 18.8
      vertex 5.73931 -6.16316 18.8
      vertex 5.75 -6 18.8
    endloop
  endfacet
  facet normal 0 0 -1
    outer loop
      vertex 7.79259 -6.32352 18.8
      vertex 5.70741 -6.32352 18.8
      vertex 5.73931 -6.16316 18.8
    endloop
  endfacet
  facet normal 0 0 -1
    outer loop
      vertex 4.97835 -7.15485 18.8
      vertex 8.52165 -7.15485 18.8
      vertex 8.67648 -7.20741 18.8
    endloop
  endfacet
  facet normal 0 0 -1
    outer loop
      vertex 7.84515 -6.47835 18.8
      vertex 5.65485 -6.47835 18.8
      vertex 5.70741 -6.32352 18.8
    endloop
  endfacet
  facet normal 0 0 -1
    outer loop
      vertex 7.91747 -6.625 18.8
      vertex 5.58253 -6.625 18.8
      vertex 5.65485 -6.47835 18.8
    endloop
  endfacet
  facet normal 0 0 -1
    outer loop
      vertex 4.82352 -7.20741 18.8
      vertex 8.67648 -7.20741 18.8
      vertex 8.83684 -7.23931 18.8
    endloop
  endfacet
  facet normal 0 0 -1
    outer loop
      vertex 8.00831 -6.76095 18.8
      vertex 5.49169 -6.76095 18.8
      vertex 5.58253 -6.625 18.8
    endloop
  endfacet
  facet normal 0 0 -1
    outer loop
      vertex 8.11612 -6.88388 18.8
      vertex 5.38388 -6.88388 18.8
      vertex 5.49169 -6.76095 18.8
    endloop
  endfacet
  facet normal 0 0 -1
    outer loop
      vertex 8.23905 -6.99169 18.8
      vertex 5.26095 -6.99169 18.8
      vertex 5.38388 -6.88388 18.8
    endloop
  endfacet
  facet normal 0 0 -1
    outer loop
      vertex 9 -7.25 18.8
      vertex 4.5 -7.25 18.8
      vertex 8.83684 -7.23931 18.8
    endloop
  endfacet
  facet normal 0 0 -1
    outer loop
      vertex 8.375 -7.08253 18.8
      vertex 5.125 -7.08253 18.8
      vertex 5.26095 -6.99169 18.8
    endloop
  endfacet
  facet normal 0 0 -1
    outer loop
      vertex 8.52165 -7.15485 18.8
      vertex 4.97835 -7.15485 18.8
      vertex 5.125 -7.08253 18.8
    endloop
  endfacet
  facet normal 0 0 -1
    outer loop
      vertex 8.67648 -7.20741 18.8
      vertex 4.82352 -7.20741 18.8
      vertex 4.97835 -7.15485 18.8
    endloop
  endfacet
  facet normal 0 0 -1
    outer loop
      vertex 8.83684 -7.23931 18.8
      vertex 4.66316 -7.23931 18.8
      vertex 4.82352 -7.20741 18.8
    endloop
  endfacet
  facet normal -0 0 -1
    outer loop
      vertex 8.83684 -7.23931 18.8
      vertex 4.5 -7.25 18.8
      vertex 4.66316 -7.23931 18.8
    endloop
  endfacet
  facet normal 0 0 -1
    outer loop
      vertex 0 -7.25 18.8
      vertex 4.5 -7.25 18.8
      vertex 23.3 -8.7 18.8
    endloop
  endfacet
  facet normal 0 0 -1
    outer loop
      vertex 3.26069 -0.163157 18.8
      vertex 1.25 0 18.8
      vertex 3.25 0 18.8
    endloop
  endfacet
  facet normal 0 0 -1
    outer loop
      vertex 3.29259 -0.323524 18.8
      vertex 1.25 0 18.8
      vertex 3.26069 -0.163157 18.8
    endloop
  endfacet
  facet normal 0 0 -1
    outer loop
      vertex 3.26069 -6.16316 18.8
      vertex 1.25 -6 18.8
      vertex 3.25 -6 18.8
    endloop
  endfacet
  facet normal 0 0 -1
    outer loop
      vertex 1.23931 -6.16316 18.8
      vertex 3.26069 -6.16316 18.8
      vertex 3.29259 -6.32352 18.8
    endloop
  endfacet
  facet normal 0 0 -1
    outer loop
      vertex 1.20741 -6.32352 18.8
      vertex 3.29259 -6.32352 18.8
      vertex 3.34515 -6.47835 18.8
    endloop
  endfacet
  facet normal 0 0 -1
    outer loop
      vertex 1.15485 -6.47835 18.8
      vertex 3.34515 -6.47835 18.8
      vertex 3.41747 -6.625 18.8
    endloop
  endfacet
  facet normal 0 0 -1
    outer loop
      vertex 1.08253 -6.625 18.8
      vertex 3.41747 -6.625 18.8
      vertex 3.50831 -6.76095 18.8
    endloop
  endfacet
  facet normal 0 0 -1
    outer loop
      vertex 0.991692 -6.76095 18.8
      vertex 3.50831 -6.76095 18.8
      vertex 3.61612 -6.88388 18.8
    endloop
  endfacet
  facet normal 0 0 -1
    outer loop
      vertex 0.883883 -6.88388 18.8
      vertex 3.61612 -6.88388 18.8
      vertex 3.73905 -6.99169 18.8
    endloop
  endfacet
  facet normal 0 0 -1
    outer loop
      vertex 0.760951 -6.99169 18.8
      vertex 3.73905 -6.99169 18.8
      vertex 3.875 -7.08253 18.8
    endloop
  endfacet
  facet normal 0 0 -1
    outer loop
      vertex 0.625 -7.08253 18.8
      vertex 3.875 -7.08253 18.8
      vertex 4.02165 -7.15485 18.8
    endloop
  endfacet
  facet normal 0 0 -1
    outer loop
      vertex 3.26069 -6.16316 18.8
      vertex 1.23931 -6.16316 18.8
      vertex 1.25 -6 18.8
    endloop
  endfacet
  facet normal 0 0 -1
    outer loop
      vertex 3.29259 -6.32352 18.8
      vertex 1.20741 -6.32352 18.8
      vertex 1.23931 -6.16316 18.8
    endloop
  endfacet
  facet normal 0 0 -1
    outer loop
      vertex 0.478354 -7.15485 18.8
      vertex 4.02165 -7.15485 18.8
      vertex 4.17648 -7.20741 18.8
    endloop
  endfacet
  facet normal 0 0 -1
    outer loop
      vertex 3.34515 -6.47835 18.8
      vertex 1.15485 -6.47835 18.8
      vertex 1.20741 -6.32352 18.8
    endloop
  endfacet
  facet normal 0 0 -1
    outer loop
      vertex 3.41747 -6.625 18.8
      vertex 1.08253 -6.625 18.8
      vertex 1.15485 -6.47835 18.8
    endloop
  endfacet
  facet normal 0 0 -1
    outer loop
      vertex 0.323524 -7.20741 18.8
      vertex 4.17648 -7.20741 18.8
      vertex 4.33684 -7.23931 18.8
    endloop
  endfacet
  facet normal 0 0 -1
    outer loop
      vertex 3.50831 -6.76095 18.8
      vertex 0.991692 -6.76095 18.8
      vertex 1.08253 -6.625 18.8
    endloop
  endfacet
  facet normal 0 0 -1
    outer loop
      vertex 3.61612 -6.88388 18.8
      vertex 0.883883 -6.88388 18.8
      vertex 0.991692 -6.76095 18.8
    endloop
  endfacet
  facet normal 0 0 -1
    outer loop
      vertex 3.73905 -6.99169 18.8
      vertex 0.760951 -6.99169 18.8
      vertex 0.883883 -6.88388 18.8
    endloop
  endfacet
  facet normal 0 0 -1
    outer loop
      vertex 4.5 -7.25 18.8
      vertex 0 -7.25 18.8
      vertex 4.33684 -7.23931 18.8
    endloop
  endfacet
  facet normal 0 0 -1
    outer loop
      vertex 3.875 -7.08253 18.8
      vertex 0.625 -7.08253 18.8
      vertex 0.760951 -6.99169 18.8
    endloop
  endfacet
  facet normal 0 0 -1
    outer loop
      vertex 4.02165 -7.15485 18.8
      vertex 0.478354 -7.15485 18.8
      vertex 0.625 -7.08253 18.8
    endloop
  endfacet
  facet normal 0 0 -1
    outer loop
      vertex 4.17648 -7.20741 18.8
      vertex 0.323524 -7.20741 18.8
      vertex 0.478354 -7.15485 18.8
    endloop
  endfacet
  facet normal 0 0 -1
    outer loop
      vertex 4.33684 -7.23931 18.8
      vertex 0.163157 -7.23931 18.8
      vertex 0.323524 -7.20741 18.8
    endloop
  endfacet
  facet normal -0 0 -1
    outer loop
      vertex 4.33684 -7.23931 18.8
      vertex 0 -7.25 18.8
      vertex 0.163157 -7.23931 18.8
    endloop
  endfacet
  facet normal 0 0 -1
    outer loop
      vertex -1.23931 -0.163157 18.8
      vertex -3.25 0 18.8
      vertex -1.25 0 18.8
    endloop
  endfacet
  facet normal 0 0 -1
    outer loop
      vertex -1.20741 -0.323524 18.8
      vertex -3.25 0 18.8
      vertex -1.23931 -0.163157 18.8
    endloop
  endfacet
  facet normal 0 0 -1
    outer loop
      vertex -1.23931 -6.16316 18.8
      vertex -3.25 -6 18.8
      vertex -1.25 -6 18.8
    endloop
  endfacet
  facet normal 0 0 -1
    outer loop
      vertex -3.26069 -6.16316 18.8
      vertex -1.23931 -6.16316 18.8
      vertex -1.20741 -6.32352 18.8
    endloop
  endfacet
  facet normal 0 0 -1
    outer loop
      vertex -3.29259 -6.32352 18.8
      vertex -1.20741 -6.32352 18.8
      vertex -1.15485 -6.47835 18.8
    endloop
  endfacet
  facet normal 0 0 -1
    outer loop
      vertex -3.34515 -6.47835 18.8
      vertex -1.15485 -6.47835 18.8
      vertex -1.08253 -6.625 18.8
    endloop
  endfacet
  facet normal 0 0 -1
    outer loop
      vertex -3.41747 -6.625 18.8
      vertex -1.08253 -6.625 18.8
      vertex -0.991692 -6.76095 18.8
    endloop
  endfacet
  facet normal 0 0 -1
    outer loop
      vertex -3.50831 -6.76095 18.8
      vertex -0.991692 -6.76095 18.8
      vertex -0.883883 -6.88388 18.8
    endloop
  endfacet
  facet normal 0 0 -1
    outer loop
      vertex -3.61612 -6.88388 18.8
      vertex -0.883883 -6.88388 18.8
      vertex -0.760951 -6.99169 18.8
    endloop
  endfacet
  facet normal 0 0 -1
    outer loop
      vertex -3.73905 -6.99169 18.8
      vertex -0.760951 -6.99169 18.8
      vertex -0.625 -7.08253 18.8
    endloop
  endfacet
  facet normal 0 0 -1
    outer loop
      vertex -3.875 -7.08253 18.8
      vertex -0.625 -7.08253 18.8
      vertex -0.478354 -7.15485 18.8
    endloop
  endfacet
  facet normal 0 0 -1
    outer loop
      vertex -1.23931 -6.16316 18.8
      vertex -3.26069 -6.16316 18.8
      vertex -3.25 -6 18.8
    endloop
  endfacet
  facet normal 0 0 -1
    outer loop
      vertex -1.20741 -6.32352 18.8
      vertex -3.29259 -6.32352 18.8
      vertex -3.26069 -6.16316 18.8
    endloop
  endfacet
  facet normal 0 0 -1
    outer loop
      vertex -4.02165 -7.15485 18.8
      vertex -0.478354 -7.15485 18.8
      vertex -0.323524 -7.20741 18.8
    endloop
  endfacet
  facet normal 0 0 -1
    outer loop
      vertex -1.15485 -6.47835 18.8
      vertex -3.34515 -6.47835 18.8
      vertex -3.29259 -6.32352 18.8
    endloop
  endfacet
  facet normal 0 0 -1
    outer loop
      vertex -1.08253 -6.625 18.8
      vertex -3.41747 -6.625 18.8
      vertex -3.34515 -6.47835 18.8
    endloop
  endfacet
  facet normal 0 0 -1
    outer loop
      vertex -4.17648 -7.20741 18.8
      vertex -0.323524 -7.20741 18.8
      vertex -0.163157 -7.23931 18.8
    endloop
  endfacet
  facet normal 0 0 -1
    outer loop
      vertex -0.991692 -6.76095 18.8
      vertex -3.50831 -6.76095 18.8
      vertex -3.41747 -6.625 18.8
    endloop
  endfacet
  facet normal 0 0 -1
    outer loop
      vertex -0.883883 -6.88388 18.8
      vertex -3.61612 -6.88388 18.8
      vertex -3.50831 -6.76095 18.8
    endloop
  endfacet
  facet normal 0 0 -1
    outer loop
      vertex -0.760951 -6.99169 18.8
      vertex -3.73905 -6.99169 18.8
      vertex -3.61612 -6.88388 18.8
    endloop
  endfacet
  facet normal 0 0 -1
    outer loop
      vertex -0.625 -7.08253 18.8
      vertex -3.875 -7.08253 18.8
      vertex -3.73905 -6.99169 18.8
    endloop
  endfacet
  facet normal 0 0 -1
    outer loop
      vertex -4.33684 -7.23931 18.8
      vertex -0.163157 -7.23931 18.8
      vertex 0 -7.25 18.8
    endloop
  endfacet
  facet normal 0 0 -1
    outer loop
      vertex -22.3 -8.7 18.8
      vertex 0 -7.25 18.8
      vertex 23.3 -8.7 18.8
    endloop
  endfacet
  facet normal 0 0 -1
    outer loop
      vertex -0.478354 -7.15485 18.8
      vertex -4.02165 -7.15485 18.8
      vertex -3.875 -7.08253 18.8
    endloop
  endfacet
  facet normal 0 0 -1
    outer loop
      vertex -0.323524 -7.20741 18.8
      vertex -4.17648 -7.20741 18.8
      vertex -4.02165 -7.15485 18.8
    endloop
  endfacet
  facet normal 0 0 -1
    outer loop
      vertex -0.163157 -7.23931 18.8
      vertex -4.33684 -7.23931 18.8
      vertex -4.17648 -7.20741 18.8
    endloop
  endfacet
  facet normal 0 0 -1
    outer loop
      vertex 0 -7.25 18.8
      vertex -4.5 -7.25 18.8
      vertex -4.33684 -7.23931 18.8
    endloop
  endfacet
  facet normal 0 0 -1
    outer loop
      vertex -5.73931 -0.163157 18.8
      vertex -7.75 0 18.8
      vertex -5.75 0 18.8
    endloop
  endfacet
  facet normal 0 0 -1
    outer loop
      vertex -5.70741 -0.323524 18.8
      vertex -7.75 0 18.8
      vertex -5.73931 -0.163157 18.8
    endloop
  endfacet
  facet normal 0 0 -1
    outer loop
      vertex -5.73931 -6.16316 18.8
      vertex -7.75 -6 18.8
      vertex -5.75 -6 18.8
    endloop
  endfacet
  facet normal 0 0 -1
    outer loop
      vertex -7.76069 -6.16316 18.8
      vertex -5.73931 -6.16316 18.8
      vertex -5.70741 -6.32352 18.8
    endloop
  endfacet
  facet normal 0 0 -1
    outer loop
      vertex -7.79259 -6.32352 18.8
      vertex -5.70741 -6.32352 18.8
      vertex -5.65485 -6.47835 18.8
    endloop
  endfacet
  facet normal 0 0 -1
    outer loop
      vertex -7.84515 -6.47835 18.8
      vertex -5.65485 -6.47835 18.8
      vertex -5.58253 -6.625 18.8
    endloop
  endfacet
  facet normal 0 0 -1
    outer loop
      vertex -7.91747 -6.625 18.8
      vertex -5.58253 -6.625 18.8
      vertex -5.49169 -6.76095 18.8
    endloop
  endfacet
  facet normal 0 0 -1
    outer loop
      vertex -8.00831 -6.76095 18.8
      vertex -5.49169 -6.76095 18.8
      vertex -5.38388 -6.88388 18.8
    endloop
  endfacet
  facet normal 0 0 -1
    outer loop
      vertex -8.11612 -6.88388 18.8
      vertex -5.38388 -6.88388 18.8
      vertex -5.26095 -6.99169 18.8
    endloop
  endfacet
  facet normal 0 0 -1
    outer loop
      vertex -8.23905 -6.99169 18.8
      vertex -5.26095 -6.99169 18.8
      vertex -5.125 -7.08253 18.8
    endloop
  endfacet
  facet normal 0 0 -1
    outer loop
      vertex -8.375 -7.08253 18.8
      vertex -5.125 -7.08253 18.8
      vertex -4.97835 -7.15485 18.8
    endloop
  endfacet
  facet normal 0 0 -1
    outer loop
      vertex -5.73931 -6.16316 18.8
      vertex -7.76069 -6.16316 18.8
      vertex -7.75 -6 18.8
    endloop
  endfacet
  facet normal 0 0 -1
    outer loop
      vertex -5.70741 -6.32352 18.8
      vertex -7.79259 -6.32352 18.8
      vertex -7.76069 -6.16316 18.8
    endloop
  endfacet
  facet normal 0 0 -1
    outer loop
      vertex -8.52165 -7.15485 18.8
      vertex -4.97835 -7.15485 18.8
      vertex -4.82352 -7.20741 18.8
    endloop
  endfacet
  facet normal 0 0 -1
    outer loop
      vertex -5.65485 -6.47835 18.8
      vertex -7.84515 -6.47835 18.8
      vertex -7.79259 -6.32352 18.8
    endloop
  endfacet
  facet normal 0 0 -1
    outer loop
      vertex -5.58253 -6.625 18.8
      vertex -7.91747 -6.625 18.8
      vertex -7.84515 -6.47835 18.8
    endloop
  endfacet
  facet normal 0 0 -1
    outer loop
      vertex -8.67648 -7.20741 18.8
      vertex -4.82352 -7.20741 18.8
      vertex -4.66316 -7.23931 18.8
    endloop
  endfacet
  facet normal 0 0 -1
    outer loop
      vertex -5.49169 -6.76095 18.8
      vertex -8.00831 -6.76095 18.8
      vertex -7.91747 -6.625 18.8
    endloop
  endfacet
  facet normal 0 0 -1
    outer loop
      vertex -5.38388 -6.88388 18.8
      vertex -8.11612 -6.88388 18.8
      vertex -8.00831 -6.76095 18.8
    endloop
  endfacet
  facet normal 0 0 -1
    outer loop
      vertex -5.26095 -6.99169 18.8
      vertex -8.23905 -6.99169 18.8
      vertex -8.11612 -6.88388 18.8
    endloop
  endfacet
  facet normal 0 0 -1
    outer loop
      vertex -5.125 -7.08253 18.8
      vertex -8.375 -7.08253 18.8
      vertex -8.23905 -6.99169 18.8
    endloop
  endfacet
  facet normal 0 0 -1
    outer loop
      vertex -8.83684 -7.23931 18.8
      vertex -4.66316 -7.23931 18.8
      vertex -4.5 -7.25 18.8
    endloop
  endfacet
  facet normal -0 0 -1
    outer loop
      vertex 0 -7.25 18.8
      vertex -22.3 -8.7 18.8
      vertex -4.5 -7.25 18.8
    endloop
  endfacet
  facet normal 0 0 -1
    outer loop
      vertex -4.97835 -7.15485 18.8
      vertex -8.52165 -7.15485 18.8
      vertex -8.375 -7.08253 18.8
    endloop
  endfacet
  facet normal 0 0 -1
    outer loop
      vertex -4.82352 -7.20741 18.8
      vertex -8.67648 -7.20741 18.8
      vertex -8.52165 -7.15485 18.8
    endloop
  endfacet
  facet normal 0 0 -1
    outer loop
      vertex -4.66316 -7.23931 18.8
      vertex -8.83684 -7.23931 18.8
      vertex -8.67648 -7.20741 18.8
    endloop
  endfacet
  facet normal 0 0 -1
    outer loop
      vertex -4.5 -7.25 18.8
      vertex -9 -7.25 18.8
      vertex -8.83684 -7.23931 18.8
    endloop
  endfacet
  facet normal 0 0 -1
    outer loop
      vertex -10.2393 -0.163157 18.8
      vertex -12.25 0 18.8
      vertex -10.25 0 18.8
    endloop
  endfacet
  facet normal 0 0 -1
    outer loop
      vertex -10.2074 -0.323524 18.8
      vertex -12.25 0 18.8
      vertex -10.2393 -0.163157 18.8
    endloop
  endfacet
  facet normal 0 0 -1
    outer loop
      vertex -10.2393 -6.16316 18.8
      vertex -12.25 -6 18.8
      vertex -10.25 -6 18.8
    endloop
  endfacet
  facet normal 0 0 -1
    outer loop
      vertex -12.2607 -6.16316 18.8
      vertex -10.2393 -6.16316 18.8
      vertex -10.2074 -6.32352 18.8
    endloop
  endfacet
  facet normal 0 0 -1
    outer loop
      vertex -12.2926 -6.32352 18.8
      vertex -10.2074 -6.32352 18.8
      vertex -10.1548 -6.47835 18.8
    endloop
  endfacet
  facet normal 0 0 -1
    outer loop
      vertex -12.3451 -6.47835 18.8
      vertex -10.1548 -6.47835 18.8
      vertex -10.0825 -6.625 18.8
    endloop
  endfacet
  facet normal 0 0 -1
    outer loop
      vertex -12.4175 -6.625 18.8
      vertex -10.0825 -6.625 18.8
      vertex -9.99169 -6.76095 18.8
    endloop
  endfacet
  facet normal 0 0 -1
    outer loop
      vertex -12.5083 -6.76095 18.8
      vertex -9.99169 -6.76095 18.8
      vertex -9.88388 -6.88388 18.8
    endloop
  endfacet
  facet normal 0 0 -1
    outer loop
      vertex -12.6161 -6.88388 18.8
      vertex -9.88388 -6.88388 18.8
      vertex -9.76095 -6.99169 18.8
    endloop
  endfacet
  facet normal 0 0 -1
    outer loop
      vertex -12.739 -6.99169 18.8
      vertex -9.76095 -6.99169 18.8
      vertex -9.625 -7.08253 18.8
    endloop
  endfacet
  facet normal 0 0 -1
    outer loop
      vertex -12.875 -7.08253 18.8
      vertex -9.625 -7.08253 18.8
      vertex -9.47835 -7.15485 18.8
    endloop
  endfacet
  facet normal 0 0 -1
    outer loop
      vertex -10.2393 -6.16316 18.8
      vertex -12.2607 -6.16316 18.8
      vertex -12.25 -6 18.8
    endloop
  endfacet
  facet normal 0 0 -1
    outer loop
      vertex -10.2074 -6.32352 18.8
      vertex -12.2926 -6.32352 18.8
      vertex -12.2607 -6.16316 18.8
    endloop
  endfacet
  facet normal 0 0 -1
    outer loop
      vertex -13.0216 -7.15485 18.8
      vertex -9.47835 -7.15485 18.8
      vertex -9.32352 -7.20741 18.8
    endloop
  endfacet
  facet normal 0 0 -1
    outer loop
      vertex -10.1548 -6.47835 18.8
      vertex -12.3451 -6.47835 18.8
      vertex -12.2926 -6.32352 18.8
    endloop
  endfacet
  facet normal 0 0 -1
    outer loop
      vertex -10.0825 -6.625 18.8
      vertex -12.4175 -6.625 18.8
      vertex -12.3451 -6.47835 18.8
    endloop
  endfacet
  facet normal 0 0 -1
    outer loop
      vertex -13.1765 -7.20741 18.8
      vertex -9.32352 -7.20741 18.8
      vertex -9.16316 -7.23931 18.8
    endloop
  endfacet
  facet normal 0 0 -1
    outer loop
      vertex -9.99169 -6.76095 18.8
      vertex -12.5083 -6.76095 18.8
      vertex -12.4175 -6.625 18.8
    endloop
  endfacet
  facet normal 0 0 -1
    outer loop
      vertex -9.88388 -6.88388 18.8
      vertex -12.6161 -6.88388 18.8
      vertex -12.5083 -6.76095 18.8
    endloop
  endfacet
  facet normal 0 0 -1
    outer loop
      vertex -9.76095 -6.99169 18.8
      vertex -12.739 -6.99169 18.8
      vertex -12.6161 -6.88388 18.8
    endloop
  endfacet
  facet normal 0 0 -1
    outer loop
      vertex -9.625 -7.08253 18.8
      vertex -12.875 -7.08253 18.8
      vertex -12.739 -6.99169 18.8
    endloop
  endfacet
  facet normal 0 0 -1
    outer loop
      vertex -13.3368 -7.23931 18.8
      vertex -9.16316 -7.23931 18.8
      vertex -9 -7.25 18.8
    endloop
  endfacet
  facet normal -0 0 -1
    outer loop
      vertex -4.5 -7.25 18.8
      vertex -22.3 -8.7 18.8
      vertex -9 -7.25 18.8
    endloop
  endfacet
  facet normal 0 0 -1
    outer loop
      vertex -9.47835 -7.15485 18.8
      vertex -13.0216 -7.15485 18.8
      vertex -12.875 -7.08253 18.8
    endloop
  endfacet
  facet normal 0 0 -1
    outer loop
      vertex -9.32352 -7.20741 18.8
      vertex -13.1765 -7.20741 18.8
      vertex -13.0216 -7.15485 18.8
    endloop
  endfacet
  facet normal 0 0 -1
    outer loop
      vertex -9.16316 -7.23931 18.8
      vertex -13.3368 -7.23931 18.8
      vertex -13.1765 -7.20741 18.8
    endloop
  endfacet
  facet normal 0 -0 -1
    outer loop
      vertex -13.5 -7.25 18.8
      vertex -9 -7.25 18.8
      vertex -22.3 -8.7 18.8
    endloop
  endfacet
  facet normal 0 0 -1
    outer loop
      vertex -14.7393 -0.163157 18.8
      vertex -16.75 0 18.8
      vertex -14.75 0 18.8
    endloop
  endfacet
  facet normal 0 0 -1
    outer loop
      vertex -14.7074 -0.323524 18.8
      vertex -16.75 0 18.8
      vertex -14.7393 -0.163157 18.8
    endloop
  endfacet
  facet normal 0 0 -1
    outer loop
      vertex -14.7393 -6.16316 18.8
      vertex -16.75 -6 18.8
      vertex -14.75 -6 18.8
    endloop
  endfacet
  facet normal 0 0 -1
    outer loop
      vertex -16.7607 -6.16316 18.8
      vertex -14.7393 -6.16316 18.8
      vertex -14.7074 -6.32352 18.8
    endloop
  endfacet
  facet normal 0 0 -1
    outer loop
      vertex -16.7926 -6.32352 18.8
      vertex -14.7074 -6.32352 18.8
      vertex -14.6548 -6.47835 18.8
    endloop
  endfacet
  facet normal 0 0 -1
    outer loop
      vertex -16.8451 -6.47835 18.8
      vertex -14.6548 -6.47835 18.8
      vertex -14.5825 -6.625 18.8
    endloop
  endfacet
  facet normal 0 0 -1
    outer loop
      vertex -16.9175 -6.625 18.8
      vertex -14.5825 -6.625 18.8
      vertex -14.4917 -6.76095 18.8
    endloop
  endfacet
  facet normal 0 0 -1
    outer loop
      vertex -17.0083 -6.76095 18.8
      vertex -14.4917 -6.76095 18.8
      vertex -14.3839 -6.88388 18.8
    endloop
  endfacet
  facet normal 0 0 -1
    outer loop
      vertex -17.1161 -6.88388 18.8
      vertex -14.3839 -6.88388 18.8
      vertex -14.261 -6.99169 18.8
    endloop
  endfacet
  facet normal 0 0 -1
    outer loop
      vertex -17.239 -6.99169 18.8
      vertex -14.261 -6.99169 18.8
      vertex -14.125 -7.08253 18.8
    endloop
  endfacet
  facet normal 0 0 -1
    outer loop
      vertex -17.375 -7.08253 18.8
      vertex -14.125 -7.08253 18.8
      vertex -13.9784 -7.15485 18.8
    endloop
  endfacet
  facet normal 0 0 -1
    outer loop
      vertex -14.7393 -6.16316 18.8
      vertex -16.7607 -6.16316 18.8
      vertex -16.75 -6 18.8
    endloop
  endfacet
  facet normal 0 0 -1
    outer loop
      vertex -14.7074 -6.32352 18.8
      vertex -16.7926 -6.32352 18.8
      vertex -16.7607 -6.16316 18.8
    endloop
  endfacet
  facet normal 0 0 -1
    outer loop
      vertex -17.5216 -7.15485 18.8
      vertex -13.9784 -7.15485 18.8
      vertex -13.8235 -7.20741 18.8
    endloop
  endfacet
  facet normal 0 0 -1
    outer loop
      vertex -14.6548 -6.47835 18.8
      vertex -16.8451 -6.47835 18.8
      vertex -16.7926 -6.32352 18.8
    endloop
  endfacet
  facet normal 0 0 -1
    outer loop
      vertex -14.5825 -6.625 18.8
      vertex -16.9175 -6.625 18.8
      vertex -16.8451 -6.47835 18.8
    endloop
  endfacet
  facet normal 0 0 -1
    outer loop
      vertex -17.6765 -7.20741 18.8
      vertex -13.8235 -7.20741 18.8
      vertex -13.6632 -7.23931 18.8
    endloop
  endfacet
  facet normal 0 0 -1
    outer loop
      vertex -14.4917 -6.76095 18.8
      vertex -17.0083 -6.76095 18.8
      vertex -16.9175 -6.625 18.8
    endloop
  endfacet
  facet normal 0 0 -1
    outer loop
      vertex -14.3839 -6.88388 18.8
      vertex -17.1161 -6.88388 18.8
      vertex -17.0083 -6.76095 18.8
    endloop
  endfacet
  facet normal 0 0 -1
    outer loop
      vertex -14.261 -6.99169 18.8
      vertex -17.239 -6.99169 18.8
      vertex -17.1161 -6.88388 18.8
    endloop
  endfacet
  facet normal 0 0 -1
    outer loop
      vertex -14.125 -7.08253 18.8
      vertex -17.375 -7.08253 18.8
      vertex -17.239 -6.99169 18.8
    endloop
  endfacet
  facet normal 0 0 -1
    outer loop
      vertex -22.3 -8.7 18.8
      vertex -13.6632 -7.23931 18.8
      vertex -13.5 -7.25 18.8
    endloop
  endfacet
  facet normal 0 0 -1
    outer loop
      vertex -13.9784 -7.15485 18.8
      vertex -17.5216 -7.15485 18.8
      vertex -17.375 -7.08253 18.8
    endloop
  endfacet
  facet normal 0 0 -1
    outer loop
      vertex -9 -7.25 18.8
      vertex -13.5 -7.25 18.8
      vertex -13.3368 -7.23931 18.8
    endloop
  endfacet
  facet normal 0 0 -1
    outer loop
      vertex -13.8235 -7.20741 18.8
      vertex -17.6765 -7.20741 18.8
      vertex -17.5216 -7.15485 18.8
    endloop
  endfacet
  facet normal -0 0 -1
    outer loop
      vertex -13.6632 -7.23931 18.8
      vertex -22.3 -8.7 18.8
      vertex -17.8368 -7.23931 18.8
    endloop
  endfacet
  facet normal 0 0 -1
    outer loop
      vertex -13.6632 -7.23931 18.8
      vertex -17.8368 -7.23931 18.8
      vertex -17.6765 -7.20741 18.8
    endloop
  endfacet
  facet normal -0 0 -1
    outer loop
      vertex -19.2393 -0.163157 18.8
      vertex -22.3 -8.7 18.8
      vertex -19.25 0 18.8
    endloop
  endfacet
  facet normal 0 0 -1
    outer loop
      vertex -22.3 8.7 18.8
      vertex -19.25 0 18.8
      vertex -22.3 -8.7 18.8
    endloop
  endfacet
  facet normal -0 0 -1
    outer loop
      vertex -19.2393 -6.16316 18.8
      vertex -22.3 -8.7 18.8
      vertex -19.25 -6 18.8
    endloop
  endfacet
  facet normal -0 0 -1
    outer loop
      vertex -19.2074 -6.32352 18.8
      vertex -22.3 -8.7 18.8
      vertex -19.2393 -6.16316 18.8
    endloop
  endfacet
  facet normal -0 0 -1
    outer loop
      vertex -19.1549 -6.47835 18.8
      vertex -22.3 -8.7 18.8
      vertex -19.2074 -6.32352 18.8
    endloop
  endfacet
  facet normal -0 0 -1
    outer loop
      vertex -19.0825 -6.625 18.8
      vertex -22.3 -8.7 18.8
      vertex -19.1549 -6.47835 18.8
    endloop
  endfacet
  facet normal -0 0 -1
    outer loop
      vertex -18.9917 -6.76095 18.8
      vertex -22.3 -8.7 18.8
      vertex -19.0825 -6.625 18.8
    endloop
  endfacet
  facet normal -0 0 -1
    outer loop
      vertex -18.8839 -6.88388 18.8
      vertex -22.3 -8.7 18.8
      vertex -18.9917 -6.76095 18.8
    endloop
  endfacet
  facet normal -0 0 -1
    outer loop
      vertex -18.761 -6.99169 18.8
      vertex -22.3 -8.7 18.8
      vertex -18.8839 -6.88388 18.8
    endloop
  endfacet
  facet normal -0 0 -1
    outer loop
      vertex -18.625 -7.08253 18.8
      vertex -22.3 -8.7 18.8
      vertex -18.761 -6.99169 18.8
    endloop
  endfacet
  facet normal -0 0 -1
    outer loop
      vertex -18.4784 -7.15485 18.8
      vertex -22.3 -8.7 18.8
      vertex -18.625 -7.08253 18.8
    endloop
  endfacet
  facet normal -0 0 -1
    outer loop
      vertex -18.3235 -7.20741 18.8
      vertex -22.3 -8.7 18.8
      vertex -18.4784 -7.15485 18.8
    endloop
  endfacet
  facet normal -0 0 -1
    outer loop
      vertex -18.1632 -7.23931 18.8
      vertex -22.3 -8.7 18.8
      vertex -18.3235 -7.20741 18.8
    endloop
  endfacet
  facet normal -0 0 -1
    outer loop
      vertex -18 -7.25 18.8
      vertex -22.3 -8.7 18.8
      vertex -18.1632 -7.23931 18.8
    endloop
  endfacet
  facet normal 0 0 -1
    outer loop
      vertex -17.8368 -7.23931 18.8
      vertex -22.3 -8.7 18.8
      vertex -18 -7.25 18.8
    endloop
  endfacet
  facet normal 0 0 -1
    outer loop
      vertex 23.3 -8.7 18.8
      vertex 19.25 0 18.8
      vertex 23.3 8.7 18.8
    endloop
  endfacet
  facet normal 0 0 -1
    outer loop
      vertex 19.2393 0.163157 18.8
      vertex 23.3 8.7 18.8
      vertex 19.25 0 18.8
    endloop
  endfacet
  facet normal 0 0 -1
    outer loop
      vertex 19.2393 6.16316 18.8
      vertex 23.3 8.7 18.8
      vertex 19.25 6 18.8
    endloop
  endfacet
  facet normal 0 0 -1
    outer loop
      vertex 19.2074 6.32352 18.8
      vertex 23.3 8.7 18.8
      vertex 19.2393 6.16316 18.8
    endloop
  endfacet
  facet normal 0 0 -1
    outer loop
      vertex 19.1549 6.47835 18.8
      vertex 23.3 8.7 18.8
      vertex 19.2074 6.32352 18.8
    endloop
  endfacet
  facet normal 0 0 -1
    outer loop
      vertex 19.0825 6.625 18.8
      vertex 23.3 8.7 18.8
      vertex 19.1549 6.47835 18.8
    endloop
  endfacet
  facet normal 0 0 -1
    outer loop
      vertex 18.9917 6.76095 18.8
      vertex 23.3 8.7 18.8
      vertex 19.0825 6.625 18.8
    endloop
  endfacet
  facet normal 0 0 -1
    outer loop
      vertex 18.8839 6.88388 18.8
      vertex 23.3 8.7 18.8
      vertex 18.9917 6.76095 18.8
    endloop
  endfacet
  facet normal 0 0 -1
    outer loop
      vertex 18.761 6.99169 18.8
      vertex 23.3 8.7 18.8
      vertex 18.8839 6.88388 18.8
    endloop
  endfacet
  facet normal 0 0 -1
    outer loop
      vertex 18.625 7.08253 18.8
      vertex 23.3 8.7 18.8
      vertex 18.761 6.99169 18.8
    endloop
  endfacet
  facet normal 0 0 -1
    outer loop
      vertex 18.4784 7.15485 18.8
      vertex 23.3 8.7 18.8
      vertex 18.625 7.08253 18.8
    endloop
  endfacet
  facet normal 0 0 -1
    outer loop
      vertex 18.3235 7.20741 18.8
      vertex 23.3 8.7 18.8
      vertex 18.4784 7.15485 18.8
    endloop
  endfacet
  facet normal 0 0 -1
    outer loop
      vertex 18.1632 7.23931 18.8
      vertex 23.3 8.7 18.8
      vertex 18.3235 7.20741 18.8
    endloop
  endfacet
  facet normal 0 0 -1
    outer loop
      vertex 18 7.25 18.8
      vertex 23.3 8.7 18.8
      vertex 18.1632 7.23931 18.8
    endloop
  endfacet
  facet normal 0 0 -1
    outer loop
      vertex 17.8368 7.23931 18.8
      vertex 23.3 8.7 18.8
      vertex 18 7.25 18.8
    endloop
  endfacet
  facet normal 0 0 -1
    outer loop
      vertex 13.6632 7.23931 18.8
      vertex 17.8368 7.23931 18.8
      vertex 17.6765 7.20741 18.8
    endloop
  endfacet
  facet normal 0 0 -1
    outer loop
      vertex 16.7926 5.67648 18.8
      vertex 14.75 6 18.8
      vertex 16.7607 5.83684 18.8
    endloop
  endfacet
  facet normal 0 0 -1
    outer loop
      vertex 16.7607 5.83684 18.8
      vertex 14.75 6 18.8
      vertex 16.75 6 18.8
    endloop
  endfacet
  facet normal 0 0 -1
    outer loop
      vertex 16.75 6 18.8
      vertex 14.75 6 18.8
      vertex 16.7607 6.16316 18.8
    endloop
  endfacet
  facet normal 0 0 -1
    outer loop
      vertex 14.7393 6.16316 18.8
      vertex 16.7607 6.16316 18.8
      vertex 14.75 6 18.8
    endloop
  endfacet
  facet normal 0 0 -1
    outer loop
      vertex 16.7607 6.16316 18.8
      vertex 14.7393 6.16316 18.8
      vertex 16.7926 6.32352 18.8
    endloop
  endfacet
  facet normal 0 0 -1
    outer loop
      vertex 14.7074 6.32352 18.8
      vertex 16.7926 6.32352 18.8
      vertex 14.7393 6.16316 18.8
    endloop
  endfacet
  facet normal 0 0 -1
    outer loop
      vertex 16.7926 6.32352 18.8
      vertex 14.7074 6.32352 18.8
      vertex 16.8451 6.47835 18.8
    endloop
  endfacet
  facet normal 0 0 -1
    outer loop
      vertex 14.6548 6.47835 18.8
      vertex 16.8451 6.47835 18.8
      vertex 14.7074 6.32352 18.8
    endloop
  endfacet
  facet normal 0 0 -1
    outer loop
      vertex 16.8451 6.47835 18.8
      vertex 14.6548 6.47835 18.8
      vertex 16.9175 6.625 18.8
    endloop
  endfacet
  facet normal 0 0 -1
    outer loop
      vertex 14.5825 6.625 18.8
      vertex 16.9175 6.625 18.8
      vertex 14.6548 6.47835 18.8
    endloop
  endfacet
  facet normal 0 0 -1
    outer loop
      vertex 16.9175 6.625 18.8
      vertex 14.5825 6.625 18.8
      vertex 17.0083 6.76095 18.8
    endloop
  endfacet
  facet normal 0 0 -1
    outer loop
      vertex 14.4917 6.76095 18.8
      vertex 17.0083 6.76095 18.8
      vertex 14.5825 6.625 18.8
    endloop
  endfacet
  facet normal 0 0 -1
    outer loop
      vertex 17.0083 6.76095 18.8
      vertex 14.4917 6.76095 18.8
      vertex 17.1161 6.88388 18.8
    endloop
  endfacet
  facet normal 0 0 -1
    outer loop
      vertex 14.3839 6.88388 18.8
      vertex 17.1161 6.88388 18.8
      vertex 14.4917 6.76095 18.8
    endloop
  endfacet
  facet normal 0 0 -1
    outer loop
      vertex 17.1161 6.88388 18.8
      vertex 14.3839 6.88388 18.8
      vertex 17.239 6.99169 18.8
    endloop
  endfacet
  facet normal 0 0 -1
    outer loop
      vertex 14.261 6.99169 18.8
      vertex 17.239 6.99169 18.8
      vertex 14.3839 6.88388 18.8
    endloop
  endfacet
  facet normal 0 0 -1
    outer loop
      vertex 17.239 6.99169 18.8
      vertex 14.261 6.99169 18.8
      vertex 17.375 7.08253 18.8
    endloop
  endfacet
  facet normal 0 0 -1
    outer loop
      vertex 14.125 7.08253 18.8
      vertex 17.375 7.08253 18.8
      vertex 14.261 6.99169 18.8
    endloop
  endfacet
  facet normal 0 0 -1
    outer loop
      vertex 17.375 7.08253 18.8
      vertex 14.125 7.08253 18.8
      vertex 17.5216 7.15485 18.8
    endloop
  endfacet
  facet normal 0 0 -1
    outer loop
      vertex 13.9784 7.15485 18.8
      vertex 17.5216 7.15485 18.8
      vertex 14.125 7.08253 18.8
    endloop
  endfacet
  facet normal 0 0 -1
    outer loop
      vertex 17.5216 7.15485 18.8
      vertex 13.9784 7.15485 18.8
      vertex 17.6765 7.20741 18.8
    endloop
  endfacet
  facet normal 0 0 -1
    outer loop
      vertex 13.8235 7.20741 18.8
      vertex 17.6765 7.20741 18.8
      vertex 13.9784 7.15485 18.8
    endloop
  endfacet
  facet normal 0 0 -1
    outer loop
      vertex 13.6632 7.23931 18.8
      vertex 17.6765 7.20741 18.8
      vertex 13.8235 7.20741 18.8
    endloop
  endfacet
  facet normal 0 0 -1
    outer loop
      vertex 17.8368 7.23931 18.8
      vertex 13.6632 7.23931 18.8
      vertex 23.3 8.7 18.8
    endloop
  endfacet
  facet normal 0 0 -1
    outer loop
      vertex 13.5 7.25 18.8
      vertex 23.3 8.7 18.8
      vertex 13.6632 7.23931 18.8
    endloop
  endfacet
  facet normal 0 0 -1
    outer loop
      vertex 9 7.25 18.8
      vertex 13.5 7.25 18.8
      vertex 13.3368 7.23931 18.8
    endloop
  endfacet
  facet normal 0 0 -1
    outer loop
      vertex 12.2926 5.67648 18.8
      vertex 10.25 6 18.8
      vertex 12.2607 5.83684 18.8
    endloop
  endfacet
  facet normal 0 0 -1
    outer loop
      vertex 12.2607 5.83684 18.8
      vertex 10.25 6 18.8
      vertex 12.25 6 18.8
    endloop
  endfacet
  facet normal 0 0 -1
    outer loop
      vertex 12.25 6 18.8
      vertex 10.25 6 18.8
      vertex 12.2607 6.16316 18.8
    endloop
  endfacet
  facet normal 0 0 -1
    outer loop
      vertex 10.2393 6.16316 18.8
      vertex 12.2607 6.16316 18.8
      vertex 10.25 6 18.8
    endloop
  endfacet
  facet normal 0 0 -1
    outer loop
      vertex 12.2607 6.16316 18.8
      vertex 10.2393 6.16316 18.8
      vertex 12.2926 6.32352 18.8
    endloop
  endfacet
  facet normal 0 0 -1
    outer loop
      vertex 10.2074 6.32352 18.8
      vertex 12.2926 6.32352 18.8
      vertex 10.2393 6.16316 18.8
    endloop
  endfacet
  facet normal 0 0 -1
    outer loop
      vertex 12.2926 6.32352 18.8
      vertex 10.2074 6.32352 18.8
      vertex 12.3451 6.47835 18.8
    endloop
  endfacet
  facet normal 0 0 -1
    outer loop
      vertex 10.1548 6.47835 18.8
      vertex 12.3451 6.47835 18.8
      vertex 10.2074 6.32352 18.8
    endloop
  endfacet
  facet normal 0 0 -1
    outer loop
      vertex 12.3451 6.47835 18.8
      vertex 10.1548 6.47835 18.8
      vertex 12.4175 6.625 18.8
    endloop
  endfacet
  facet normal 0 0 -1
    outer loop
      vertex 10.0825 6.625 18.8
      vertex 12.4175 6.625 18.8
      vertex 10.1548 6.47835 18.8
    endloop
  endfacet
  facet normal 0 0 -1
    outer loop
      vertex 12.4175 6.625 18.8
      vertex 10.0825 6.625 18.8
      vertex 12.5083 6.76095 18.8
    endloop
  endfacet
  facet normal 0 0 -1
    outer loop
      vertex 9.99169 6.76095 18.8
      vertex 12.5083 6.76095 18.8
      vertex 10.0825 6.625 18.8
    endloop
  endfacet
  facet normal 0 0 -1
    outer loop
      vertex 12.5083 6.76095 18.8
      vertex 9.99169 6.76095 18.8
      vertex 12.6161 6.88388 18.8
    endloop
  endfacet
  facet normal 0 0 -1
    outer loop
      vertex 9.88388 6.88388 18.8
      vertex 12.6161 6.88388 18.8
      vertex 9.99169 6.76095 18.8
    endloop
  endfacet
  facet normal 0 0 -1
    outer loop
      vertex 12.6161 6.88388 18.8
      vertex 9.88388 6.88388 18.8
      vertex 12.739 6.99169 18.8
    endloop
  endfacet
  facet normal 0 0 -1
    outer loop
      vertex 9.76095 6.99169 18.8
      vertex 12.739 6.99169 18.8
      vertex 9.88388 6.88388 18.8
    endloop
  endfacet
  facet normal 0 0 -1
    outer loop
      vertex 12.739 6.99169 18.8
      vertex 9.76095 6.99169 18.8
      vertex 12.875 7.08253 18.8
    endloop
  endfacet
  facet normal 0 0 -1
    outer loop
      vertex 9.625 7.08253 18.8
      vertex 12.875 7.08253 18.8
      vertex 9.76095 6.99169 18.8
    endloop
  endfacet
  facet normal 0 0 -1
    outer loop
      vertex 12.875 7.08253 18.8
      vertex 9.625 7.08253 18.8
      vertex 13.0216 7.15485 18.8
    endloop
  endfacet
  facet normal 0 0 -1
    outer loop
      vertex 9.47835 7.15485 18.8
      vertex 13.0216 7.15485 18.8
      vertex 9.625 7.08253 18.8
    endloop
  endfacet
  facet normal 0 0 -1
    outer loop
      vertex 13.0216 7.15485 18.8
      vertex 9.47835 7.15485 18.8
      vertex 13.1765 7.20741 18.8
    endloop
  endfacet
  facet normal 0 0 -1
    outer loop
      vertex 9.32352 7.20741 18.8
      vertex 13.1765 7.20741 18.8
      vertex 9.47835 7.15485 18.8
    endloop
  endfacet
  facet normal 0 0 -1
    outer loop
      vertex 13.1765 7.20741 18.8
      vertex 9.32352 7.20741 18.8
      vertex 13.3368 7.23931 18.8
    endloop
  endfacet
  facet normal 0 0 -1
    outer loop
      vertex 9.16316 7.23931 18.8
      vertex 13.3368 7.23931 18.8
      vertex 9.32352 7.20741 18.8
    endloop
  endfacet
  facet normal 0 0 -1
    outer loop
      vertex 9 7.25 18.8
      vertex 13.3368 7.23931 18.8
      vertex 9.16316 7.23931 18.8
    endloop
  endfacet
  facet normal 0 0 -1
    outer loop
      vertex 13.5 7.25 18.8
      vertex 9 7.25 18.8
      vertex 23.3 8.7 18.8
    endloop
  endfacet
  facet normal 0 0 -1
    outer loop
      vertex 4.5 7.25 18.8
      vertex 9 7.25 18.8
      vertex 8.83684 7.23931 18.8
    endloop
  endfacet
  facet normal 0 0 -1
    outer loop
      vertex 7.79259 5.67648 18.8
      vertex 5.75 6 18.8
      vertex 7.76069 5.83684 18.8
    endloop
  endfacet
  facet normal 0 0 -1
    outer loop
      vertex 7.76069 5.83684 18.8
      vertex 5.75 6 18.8
      vertex 7.75 6 18.8
    endloop
  endfacet
  facet normal 0 0 -1
    outer loop
      vertex 7.75 6 18.8
      vertex 5.75 6 18.8
      vertex 7.76069 6.16316 18.8
    endloop
  endfacet
  facet normal 0 0 -1
    outer loop
      vertex 5.73931 6.16316 18.8
      vertex 7.76069 6.16316 18.8
      vertex 5.75 6 18.8
    endloop
  endfacet
  facet normal 0 0 -1
    outer loop
      vertex 7.76069 6.16316 18.8
      vertex 5.73931 6.16316 18.8
      vertex 7.79259 6.32352 18.8
    endloop
  endfacet
  facet normal 0 0 -1
    outer loop
      vertex 5.70741 6.32352 18.8
      vertex 7.79259 6.32352 18.8
      vertex 5.73931 6.16316 18.8
    endloop
  endfacet
  facet normal 0 0 -1
    outer loop
      vertex 7.79259 6.32352 18.8
      vertex 5.70741 6.32352 18.8
      vertex 7.84515 6.47835 18.8
    endloop
  endfacet
  facet normal 0 0 -1
    outer loop
      vertex 5.65485 6.47835 18.8
      vertex 7.84515 6.47835 18.8
      vertex 5.70741 6.32352 18.8
    endloop
  endfacet
  facet normal 0 0 -1
    outer loop
      vertex 7.84515 6.47835 18.8
      vertex 5.65485 6.47835 18.8
      vertex 7.91747 6.625 18.8
    endloop
  endfacet
  facet normal 0 0 -1
    outer loop
      vertex 5.58253 6.625 18.8
      vertex 7.91747 6.625 18.8
      vertex 5.65485 6.47835 18.8
    endloop
  endfacet
  facet normal 0 0 -1
    outer loop
      vertex 7.91747 6.625 18.8
      vertex 5.58253 6.625 18.8
      vertex 8.00831 6.76095 18.8
    endloop
  endfacet
  facet normal 0 0 -1
    outer loop
      vertex 5.49169 6.76095 18.8
      vertex 8.00831 6.76095 18.8
      vertex 5.58253 6.625 18.8
    endloop
  endfacet
  facet normal 0 0 -1
    outer loop
      vertex 8.00831 6.76095 18.8
      vertex 5.49169 6.76095 18.8
      vertex 8.11612 6.88388 18.8
    endloop
  endfacet
  facet normal 0 0 -1
    outer loop
      vertex 5.38388 6.88388 18.8
      vertex 8.11612 6.88388 18.8
      vertex 5.49169 6.76095 18.8
    endloop
  endfacet
  facet normal 0 0 -1
    outer loop
      vertex 8.11612 6.88388 18.8
      vertex 5.38388 6.88388 18.8
      vertex 8.23905 6.99169 18.8
    endloop
  endfacet
  facet normal 0 0 -1
    outer loop
      vertex 5.26095 6.99169 18.8
      vertex 8.23905 6.99169 18.8
      vertex 5.38388 6.88388 18.8
    endloop
  endfacet
  facet normal 0 0 -1
    outer loop
      vertex 8.23905 6.99169 18.8
      vertex 5.26095 6.99169 18.8
      vertex 8.375 7.08253 18.8
    endloop
  endfacet
  facet normal 0 0 -1
    outer loop
      vertex 5.125 7.08253 18.8
      vertex 8.375 7.08253 18.8
      vertex 5.26095 6.99169 18.8
    endloop
  endfacet
  facet normal 0 0 -1
    outer loop
      vertex 8.375 7.08253 18.8
      vertex 5.125 7.08253 18.8
      vertex 8.52165 7.15485 18.8
    endloop
  endfacet
  facet normal 0 0 -1
    outer loop
      vertex 4.97835 7.15485 18.8
      vertex 8.52165 7.15485 18.8
      vertex 5.125 7.08253 18.8
    endloop
  endfacet
  facet normal 0 0 -1
    outer loop
      vertex 8.52165 7.15485 18.8
      vertex 4.97835 7.15485 18.8
      vertex 8.67648 7.20741 18.8
    endloop
  endfacet
  facet normal 0 0 -1
    outer loop
      vertex 4.82352 7.20741 18.8
      vertex 8.67648 7.20741 18.8
      vertex 4.97835 7.15485 18.8
    endloop
  endfacet
  facet normal 0 0 -1
    outer loop
      vertex 8.67648 7.20741 18.8
      vertex 4.82352 7.20741 18.8
      vertex 8.83684 7.23931 18.8
    endloop
  endfacet
  facet normal 0 0 -1
    outer loop
      vertex 4.66316 7.23931 18.8
      vertex 8.83684 7.23931 18.8
      vertex 4.82352 7.20741 18.8
    endloop
  endfacet
  facet normal 0 0 -1
    outer loop
      vertex 4.5 7.25 18.8
      vertex 8.83684 7.23931 18.8
      vertex 4.66316 7.23931 18.8
    endloop
  endfacet
  facet normal 0 0 -1
    outer loop
      vertex 9 7.25 18.8
      vertex 4.5 7.25 18.8
      vertex 23.3 8.7 18.8
    endloop
  endfacet
  facet normal 0 0 -1
    outer loop
      vertex 0 7.25 18.8
      vertex 4.5 7.25 18.8
      vertex 4.33684 7.23931 18.8
    endloop
  endfacet
  facet normal 0 0 -1
    outer loop
      vertex 3.29259 5.67648 18.8
      vertex 1.25 6 18.8
      vertex 3.26069 5.83684 18.8
    endloop
  endfacet
  facet normal 0 0 -1
    outer loop
      vertex 3.26069 5.83684 18.8
      vertex 1.25 6 18.8
      vertex 3.25 6 18.8
    endloop
  endfacet
  facet normal 0 0 -1
    outer loop
      vertex 3.25 6 18.8
      vertex 1.25 6 18.8
      vertex 3.26069 6.16316 18.8
    endloop
  endfacet
  facet normal 0 0 -1
    outer loop
      vertex 1.23931 6.16316 18.8
      vertex 3.26069 6.16316 18.8
      vertex 1.25 6 18.8
    endloop
  endfacet
  facet normal 0 0 -1
    outer loop
      vertex 3.26069 6.16316 18.8
      vertex 1.23931 6.16316 18.8
      vertex 3.29259 6.32352 18.8
    endloop
  endfacet
  facet normal 0 0 -1
    outer loop
      vertex 1.20741 6.32352 18.8
      vertex 3.29259 6.32352 18.8
      vertex 1.23931 6.16316 18.8
    endloop
  endfacet
  facet normal 0 0 -1
    outer loop
      vertex 3.29259 6.32352 18.8
      vertex 1.20741 6.32352 18.8
      vertex 3.34515 6.47835 18.8
    endloop
  endfacet
  facet normal 0 0 -1
    outer loop
      vertex 1.15485 6.47835 18.8
      vertex 3.34515 6.47835 18.8
      vertex 1.20741 6.32352 18.8
    endloop
  endfacet
  facet normal 0 0 -1
    outer loop
      vertex 3.34515 6.47835 18.8
      vertex 1.15485 6.47835 18.8
      vertex 3.41747 6.625 18.8
    endloop
  endfacet
  facet normal 0 0 -1
    outer loop
      vertex 1.08253 6.625 18.8
      vertex 3.41747 6.625 18.8
      vertex 1.15485 6.47835 18.8
    endloop
  endfacet
  facet normal 0 0 -1
    outer loop
      vertex 3.41747 6.625 18.8
      vertex 1.08253 6.625 18.8
      vertex 3.50831 6.76095 18.8
    endloop
  endfacet
  facet normal 0 0 -1
    outer loop
      vertex 0.991692 6.76095 18.8
      vertex 3.50831 6.76095 18.8
      vertex 1.08253 6.625 18.8
    endloop
  endfacet
  facet normal 0 0 -1
    outer loop
      vertex 3.50831 6.76095 18.8
      vertex 0.991692 6.76095 18.8
      vertex 3.61612 6.88388 18.8
    endloop
  endfacet
  facet normal 0 0 -1
    outer loop
      vertex 0.883883 6.88388 18.8
      vertex 3.61612 6.88388 18.8
      vertex 0.991692 6.76095 18.8
    endloop
  endfacet
  facet normal 0 0 -1
    outer loop
      vertex 3.61612 6.88388 18.8
      vertex 0.883883 6.88388 18.8
      vertex 3.73905 6.99169 18.8
    endloop
  endfacet
  facet normal 0 0 -1
    outer loop
      vertex 0.760951 6.99169 18.8
      vertex 3.73905 6.99169 18.8
      vertex 0.883883 6.88388 18.8
    endloop
  endfacet
  facet normal 0 0 -1
    outer loop
      vertex 3.73905 6.99169 18.8
      vertex 0.760951 6.99169 18.8
      vertex 3.875 7.08253 18.8
    endloop
  endfacet
  facet normal 0 0 -1
    outer loop
      vertex 0.625 7.08253 18.8
      vertex 3.875 7.08253 18.8
      vertex 0.760951 6.99169 18.8
    endloop
  endfacet
  facet normal 0 0 -1
    outer loop
      vertex 3.875 7.08253 18.8
      vertex 0.625 7.08253 18.8
      vertex 4.02165 7.15485 18.8
    endloop
  endfacet
  facet normal 0 0 -1
    outer loop
      vertex 0.478354 7.15485 18.8
      vertex 4.02165 7.15485 18.8
      vertex 0.625 7.08253 18.8
    endloop
  endfacet
  facet normal 0 0 -1
    outer loop
      vertex 4.02165 7.15485 18.8
      vertex 0.478354 7.15485 18.8
      vertex 4.17648 7.20741 18.8
    endloop
  endfacet
  facet normal 0 0 -1
    outer loop
      vertex 0.323524 7.20741 18.8
      vertex 4.17648 7.20741 18.8
      vertex 0.478354 7.15485 18.8
    endloop
  endfacet
  facet normal 0 0 -1
    outer loop
      vertex 4.17648 7.20741 18.8
      vertex 0.323524 7.20741 18.8
      vertex 4.33684 7.23931 18.8
    endloop
  endfacet
  facet normal 0 0 -1
    outer loop
      vertex 0.163157 7.23931 18.8
      vertex 4.33684 7.23931 18.8
      vertex 0.323524 7.20741 18.8
    endloop
  endfacet
  facet normal 0 0 -1
    outer loop
      vertex 0 7.25 18.8
      vertex 4.33684 7.23931 18.8
      vertex 0.163157 7.23931 18.8
    endloop
  endfacet
  facet normal 0 0 -1
    outer loop
      vertex 4.5 7.25 18.8
      vertex 0 7.25 18.8
      vertex 23.3 8.7 18.8
    endloop
  endfacet
  facet normal 0 0 -1
    outer loop
      vertex -1.20741 5.67648 18.8
      vertex -3.25 6 18.8
      vertex -1.23931 5.83684 18.8
    endloop
  endfacet
  facet normal 0 0 -1
    outer loop
      vertex -1.23931 5.83684 18.8
      vertex -3.25 6 18.8
      vertex -1.25 6 18.8
    endloop
  endfacet
  facet normal 0 0 -1
    outer loop
      vertex -1.25 6 18.8
      vertex -3.25 6 18.8
      vertex -1.23931 6.16316 18.8
    endloop
  endfacet
  facet normal 0 0 -1
    outer loop
      vertex -3.26069 6.16316 18.8
      vertex -1.23931 6.16316 18.8
      vertex -3.25 6 18.8
    endloop
  endfacet
  facet normal 0 0 -1
    outer loop
      vertex -1.23931 6.16316 18.8
      vertex -3.26069 6.16316 18.8
      vertex -1.20741 6.32352 18.8
    endloop
  endfacet
  facet normal 0 0 -1
    outer loop
      vertex -3.29259 6.32352 18.8
      vertex -1.20741 6.32352 18.8
      vertex -3.26069 6.16316 18.8
    endloop
  endfacet
  facet normal 0 0 -1
    outer loop
      vertex -1.20741 6.32352 18.8
      vertex -3.29259 6.32352 18.8
      vertex -1.15485 6.47835 18.8
    endloop
  endfacet
  facet normal 0 0 -1
    outer loop
      vertex -3.34515 6.47835 18.8
      vertex -1.15485 6.47835 18.8
      vertex -3.29259 6.32352 18.8
    endloop
  endfacet
  facet normal 0 0 -1
    outer loop
      vertex -1.15485 6.47835 18.8
      vertex -3.34515 6.47835 18.8
      vertex -1.08253 6.625 18.8
    endloop
  endfacet
  facet normal 0 0 -1
    outer loop
      vertex -3.41747 6.625 18.8
      vertex -1.08253 6.625 18.8
      vertex -3.34515 6.47835 18.8
    endloop
  endfacet
  facet normal 0 0 -1
    outer loop
      vertex -1.08253 6.625 18.8
      vertex -3.41747 6.625 18.8
      vertex -0.991692 6.76095 18.8
    endloop
  endfacet
  facet normal 0 0 -1
    outer loop
      vertex -3.50831 6.76095 18.8
      vertex -0.991692 6.76095 18.8
      vertex -3.41747 6.625 18.8
    endloop
  endfacet
  facet normal 0 0 -1
    outer loop
      vertex -0.991692 6.76095 18.8
      vertex -3.50831 6.76095 18.8
      vertex -0.883883 6.88388 18.8
    endloop
  endfacet
  facet normal 0 0 -1
    outer loop
      vertex -3.61612 6.88388 18.8
      vertex -0.883883 6.88388 18.8
      vertex -3.50831 6.76095 18.8
    endloop
  endfacet
  facet normal 0 0 -1
    outer loop
      vertex -0.883883 6.88388 18.8
      vertex -3.61612 6.88388 18.8
      vertex -0.760951 6.99169 18.8
    endloop
  endfacet
  facet normal 0 0 -1
    outer loop
      vertex -3.73905 6.99169 18.8
      vertex -0.760951 6.99169 18.8
      vertex -3.61612 6.88388 18.8
    endloop
  endfacet
  facet normal 0 0 -1
    outer loop
      vertex -0.760951 6.99169 18.8
      vertex -3.73905 6.99169 18.8
      vertex -0.625 7.08253 18.8
    endloop
  endfacet
  facet normal 0 0 -1
    outer loop
      vertex -3.875 7.08253 18.8
      vertex -0.625 7.08253 18.8
      vertex -3.73905 6.99169 18.8
    endloop
  endfacet
  facet normal 0 0 -1
    outer loop
      vertex -0.625 7.08253 18.8
      vertex -3.875 7.08253 18.8
      vertex -0.478354 7.15485 18.8
    endloop
  endfacet
  facet normal 0 0 -1
    outer loop
      vertex -4.02165 7.15485 18.8
      vertex -0.478354 7.15485 18.8
      vertex -3.875 7.08253 18.8
    endloop
  endfacet
  facet normal 0 0 -1
    outer loop
      vertex -0.478354 7.15485 18.8
      vertex -4.02165 7.15485 18.8
      vertex -0.323524 7.20741 18.8
    endloop
  endfacet
  facet normal 0 0 -1
    outer loop
      vertex -4.17648 7.20741 18.8
      vertex -0.323524 7.20741 18.8
      vertex -4.02165 7.15485 18.8
    endloop
  endfacet
  facet normal 0 0 -1
    outer loop
      vertex -0.323524 7.20741 18.8
      vertex -4.17648 7.20741 18.8
      vertex -0.163157 7.23931 18.8
    endloop
  endfacet
  facet normal 0 0 -1
    outer loop
      vertex -4.33684 7.23931 18.8
      vertex -0.163157 7.23931 18.8
      vertex -4.17648 7.20741 18.8
    endloop
  endfacet
  facet normal 0 0 -1
    outer loop
      vertex -0.163157 7.23931 18.8
      vertex -4.33684 7.23931 18.8
      vertex 0 7.25 18.8
    endloop
  endfacet
  facet normal 0 0 -1
    outer loop
      vertex -4.5 7.25 18.8
      vertex 0 7.25 18.8
      vertex -4.33684 7.23931 18.8
    endloop
  endfacet
  facet normal 0 0 -1
    outer loop
      vertex -22.3 8.7 18.8
      vertex 0 7.25 18.8
      vertex -4.5 7.25 18.8
    endloop
  endfacet
  facet normal 0 0 -1
    outer loop
      vertex -5.70741 5.67648 18.8
      vertex -7.75 6 18.8
      vertex -5.73931 5.83684 18.8
    endloop
  endfacet
  facet normal 0 0 -1
    outer loop
      vertex -5.73931 5.83684 18.8
      vertex -7.75 6 18.8
      vertex -5.75 6 18.8
    endloop
  endfacet
  facet normal 0 0 -1
    outer loop
      vertex -5.75 6 18.8
      vertex -7.75 6 18.8
      vertex -5.73931 6.16316 18.8
    endloop
  endfacet
  facet normal 0 0 -1
    outer loop
      vertex -7.76069 6.16316 18.8
      vertex -5.73931 6.16316 18.8
      vertex -7.75 6 18.8
    endloop
  endfacet
  facet normal 0 0 -1
    outer loop
      vertex -5.73931 6.16316 18.8
      vertex -7.76069 6.16316 18.8
      vertex -5.70741 6.32352 18.8
    endloop
  endfacet
  facet normal 0 0 -1
    outer loop
      vertex -7.79259 6.32352 18.8
      vertex -5.70741 6.32352 18.8
      vertex -7.76069 6.16316 18.8
    endloop
  endfacet
  facet normal 0 0 -1
    outer loop
      vertex -5.70741 6.32352 18.8
      vertex -7.79259 6.32352 18.8
      vertex -5.65485 6.47835 18.8
    endloop
  endfacet
  facet normal 0 0 -1
    outer loop
      vertex -7.84515 6.47835 18.8
      vertex -5.65485 6.47835 18.8
      vertex -7.79259 6.32352 18.8
    endloop
  endfacet
  facet normal 0 0 -1
    outer loop
      vertex -5.65485 6.47835 18.8
      vertex -7.84515 6.47835 18.8
      vertex -5.58253 6.625 18.8
    endloop
  endfacet
  facet normal 0 0 -1
    outer loop
      vertex -7.91747 6.625 18.8
      vertex -5.58253 6.625 18.8
      vertex -7.84515 6.47835 18.8
    endloop
  endfacet
  facet normal 0 0 -1
    outer loop
      vertex -5.58253 6.625 18.8
      vertex -7.91747 6.625 18.8
      vertex -5.49169 6.76095 18.8
    endloop
  endfacet
  facet normal 0 0 -1
    outer loop
      vertex -8.00831 6.76095 18.8
      vertex -5.49169 6.76095 18.8
      vertex -7.91747 6.625 18.8
    endloop
  endfacet
  facet normal 0 0 -1
    outer loop
      vertex -5.49169 6.76095 18.8
      vertex -8.00831 6.76095 18.8
      vertex -5.38388 6.88388 18.8
    endloop
  endfacet
  facet normal 0 0 -1
    outer loop
      vertex -8.11612 6.88388 18.8
      vertex -5.38388 6.88388 18.8
      vertex -8.00831 6.76095 18.8
    endloop
  endfacet
  facet normal 0 0 -1
    outer loop
      vertex -5.38388 6.88388 18.8
      vertex -8.11612 6.88388 18.8
      vertex -5.26095 6.99169 18.8
    endloop
  endfacet
  facet normal 0 0 -1
    outer loop
      vertex -8.23905 6.99169 18.8
      vertex -5.26095 6.99169 18.8
      vertex -8.11612 6.88388 18.8
    endloop
  endfacet
  facet normal 0 0 -1
    outer loop
      vertex -5.26095 6.99169 18.8
      vertex -8.23905 6.99169 18.8
      vertex -5.125 7.08253 18.8
    endloop
  endfacet
  facet normal 0 0 -1
    outer loop
      vertex -8.375 7.08253 18.8
      vertex -5.125 7.08253 18.8
      vertex -8.23905 6.99169 18.8
    endloop
  endfacet
  facet normal 0 0 -1
    outer loop
      vertex -5.125 7.08253 18.8
      vertex -8.375 7.08253 18.8
      vertex -4.97835 7.15485 18.8
    endloop
  endfacet
  facet normal 0 0 -1
    outer loop
      vertex -8.52165 7.15485 18.8
      vertex -4.97835 7.15485 18.8
      vertex -8.375 7.08253 18.8
    endloop
  endfacet
  facet normal 0 0 -1
    outer loop
      vertex -4.97835 7.15485 18.8
      vertex -8.52165 7.15485 18.8
      vertex -4.82352 7.20741 18.8
    endloop
  endfacet
  facet normal 0 0 -1
    outer loop
      vertex -8.67648 7.20741 18.8
      vertex -4.82352 7.20741 18.8
      vertex -8.52165 7.15485 18.8
    endloop
  endfacet
  facet normal 0 0 -1
    outer loop
      vertex -4.82352 7.20741 18.8
      vertex -8.67648 7.20741 18.8
      vertex -4.66316 7.23931 18.8
    endloop
  endfacet
  facet normal 0 0 -1
    outer loop
      vertex -8.83684 7.23931 18.8
      vertex -4.66316 7.23931 18.8
      vertex -8.67648 7.20741 18.8
    endloop
  endfacet
  facet normal 0 0 -1
    outer loop
      vertex -4.66316 7.23931 18.8
      vertex -8.83684 7.23931 18.8
      vertex -4.5 7.25 18.8
    endloop
  endfacet
  facet normal 0 0 -1
    outer loop
      vertex -9 7.25 18.8
      vertex -4.5 7.25 18.8
      vertex -8.83684 7.23931 18.8
    endloop
  endfacet
  facet normal 0 0 -1
    outer loop
      vertex -22.3 8.7 18.8
      vertex -4.5 7.25 18.8
      vertex -9 7.25 18.8
    endloop
  endfacet
  facet normal 0 0 -1
    outer loop
      vertex -10.2074 5.67648 18.8
      vertex -12.25 6 18.8
      vertex -10.2393 5.83684 18.8
    endloop
  endfacet
  facet normal 0 0 -1
    outer loop
      vertex -10.2393 5.83684 18.8
      vertex -12.25 6 18.8
      vertex -10.25 6 18.8
    endloop
  endfacet
  facet normal 0 0 -1
    outer loop
      vertex -10.25 6 18.8
      vertex -12.25 6 18.8
      vertex -10.2393 6.16316 18.8
    endloop
  endfacet
  facet normal 0 0 -1
    outer loop
      vertex -12.2607 6.16316 18.8
      vertex -10.2393 6.16316 18.8
      vertex -12.25 6 18.8
    endloop
  endfacet
  facet normal 0 0 -1
    outer loop
      vertex -10.2393 6.16316 18.8
      vertex -12.2607 6.16316 18.8
      vertex -10.2074 6.32352 18.8
    endloop
  endfacet
  facet normal 0 0 -1
    outer loop
      vertex -12.2926 6.32352 18.8
      vertex -10.2074 6.32352 18.8
      vertex -12.2607 6.16316 18.8
    endloop
  endfacet
  facet normal 0 0 -1
    outer loop
      vertex -10.2074 6.32352 18.8
      vertex -12.2926 6.32352 18.8
      vertex -10.1548 6.47835 18.8
    endloop
  endfacet
  facet normal 0 0 -1
    outer loop
      vertex -12.3451 6.47835 18.8
      vertex -10.1548 6.47835 18.8
      vertex -12.2926 6.32352 18.8
    endloop
  endfacet
  facet normal 0 0 -1
    outer loop
      vertex -10.1548 6.47835 18.8
      vertex -12.3451 6.47835 18.8
      vertex -10.0825 6.625 18.8
    endloop
  endfacet
  facet normal 0 0 -1
    outer loop
      vertex -12.4175 6.625 18.8
      vertex -10.0825 6.625 18.8
      vertex -12.3451 6.47835 18.8
    endloop
  endfacet
  facet normal 0 0 -1
    outer loop
      vertex -10.0825 6.625 18.8
      vertex -12.4175 6.625 18.8
      vertex -9.99169 6.76095 18.8
    endloop
  endfacet
  facet normal 0 0 -1
    outer loop
      vertex -12.5083 6.76095 18.8
      vertex -9.99169 6.76095 18.8
      vertex -12.4175 6.625 18.8
    endloop
  endfacet
  facet normal 0 0 -1
    outer loop
      vertex -9.99169 6.76095 18.8
      vertex -12.5083 6.76095 18.8
      vertex -9.88388 6.88388 18.8
    endloop
  endfacet
  facet normal 0 0 -1
    outer loop
      vertex -12.6161 6.88388 18.8
      vertex -9.88388 6.88388 18.8
      vertex -12.5083 6.76095 18.8
    endloop
  endfacet
  facet normal 0 0 -1
    outer loop
      vertex -9.88388 6.88388 18.8
      vertex -12.6161 6.88388 18.8
      vertex -9.76095 6.99169 18.8
    endloop
  endfacet
  facet normal 0 0 -1
    outer loop
      vertex -12.739 6.99169 18.8
      vertex -9.76095 6.99169 18.8
      vertex -12.6161 6.88388 18.8
    endloop
  endfacet
  facet normal 0 0 -1
    outer loop
      vertex -9.76095 6.99169 18.8
      vertex -12.739 6.99169 18.8
      vertex -9.625 7.08253 18.8
    endloop
  endfacet
  facet normal 0 0 -1
    outer loop
      vertex -12.875 7.08253 18.8
      vertex -9.625 7.08253 18.8
      vertex -12.739 6.99169 18.8
    endloop
  endfacet
  facet normal 0 0 -1
    outer loop
      vertex -9.625 7.08253 18.8
      vertex -12.875 7.08253 18.8
      vertex -9.47835 7.15485 18.8
    endloop
  endfacet
  facet normal 0 0 -1
    outer loop
      vertex -13.0216 7.15485 18.8
      vertex -9.47835 7.15485 18.8
      vertex -12.875 7.08253 18.8
    endloop
  endfacet
  facet normal 0 0 -1
    outer loop
      vertex -9.47835 7.15485 18.8
      vertex -13.0216 7.15485 18.8
      vertex -9.32352 7.20741 18.8
    endloop
  endfacet
  facet normal 0 0 -1
    outer loop
      vertex -13.1765 7.20741 18.8
      vertex -9.32352 7.20741 18.8
      vertex -13.0216 7.15485 18.8
    endloop
  endfacet
  facet normal 0 0 -1
    outer loop
      vertex -9.32352 7.20741 18.8
      vertex -13.1765 7.20741 18.8
      vertex -9.16316 7.23931 18.8
    endloop
  endfacet
  facet normal 0 0 -1
    outer loop
      vertex -13.3368 7.23931 18.8
      vertex -9.16316 7.23931 18.8
      vertex -13.1765 7.20741 18.8
    endloop
  endfacet
  facet normal 0 0 -1
    outer loop
      vertex -9.16316 7.23931 18.8
      vertex -13.3368 7.23931 18.8
      vertex -9 7.25 18.8
    endloop
  endfacet
  facet normal 0 0 -1
    outer loop
      vertex -13.5 7.25 18.8
      vertex -9 7.25 18.8
      vertex -13.3368 7.23931 18.8
    endloop
  endfacet
  facet normal 0 0 -1
    outer loop
      vertex -9 7.25 18.8
      vertex -13.5 7.25 18.8
      vertex -22.3 8.7 18.8
    endloop
  endfacet
  facet normal 0 0 -1
    outer loop
      vertex -14.7074 5.67648 18.8
      vertex -16.75 6 18.8
      vertex -14.7393 5.83684 18.8
    endloop
  endfacet
  facet normal 0 0 -1
    outer loop
      vertex -14.7393 5.83684 18.8
      vertex -16.75 6 18.8
      vertex -14.75 6 18.8
    endloop
  endfacet
  facet normal 0 0 -1
    outer loop
      vertex -14.75 6 18.8
      vertex -16.75 6 18.8
      vertex -14.7393 6.16316 18.8
    endloop
  endfacet
  facet normal 0 0 -1
    outer loop
      vertex -16.7607 6.16316 18.8
      vertex -14.7393 6.16316 18.8
      vertex -16.75 6 18.8
    endloop
  endfacet
  facet normal 0 0 -1
    outer loop
      vertex -14.7393 6.16316 18.8
      vertex -16.7607 6.16316 18.8
      vertex -14.7074 6.32352 18.8
    endloop
  endfacet
  facet normal 0 0 -1
    outer loop
      vertex -16.7926 6.32352 18.8
      vertex -14.7074 6.32352 18.8
      vertex -16.7607 6.16316 18.8
    endloop
  endfacet
  facet normal 0 0 -1
    outer loop
      vertex -14.7074 6.32352 18.8
      vertex -16.7926 6.32352 18.8
      vertex -14.6548 6.47835 18.8
    endloop
  endfacet
  facet normal 0 0 -1
    outer loop
      vertex -16.8451 6.47835 18.8
      vertex -14.6548 6.47835 18.8
      vertex -16.7926 6.32352 18.8
    endloop
  endfacet
  facet normal 0 0 -1
    outer loop
      vertex -14.6548 6.47835 18.8
      vertex -16.8451 6.47835 18.8
      vertex -14.5825 6.625 18.8
    endloop
  endfacet
  facet normal 0 0 -1
    outer loop
      vertex -16.9175 6.625 18.8
      vertex -14.5825 6.625 18.8
      vertex -16.8451 6.47835 18.8
    endloop
  endfacet
  facet normal 0 0 -1
    outer loop
      vertex -14.5825 6.625 18.8
      vertex -16.9175 6.625 18.8
      vertex -14.4917 6.76095 18.8
    endloop
  endfacet
  facet normal 0 0 -1
    outer loop
      vertex -17.0083 6.76095 18.8
      vertex -14.4917 6.76095 18.8
      vertex -16.9175 6.625 18.8
    endloop
  endfacet
  facet normal 0 0 -1
    outer loop
      vertex -14.4917 6.76095 18.8
      vertex -17.0083 6.76095 18.8
      vertex -14.3839 6.88388 18.8
    endloop
  endfacet
  facet normal 0 0 -1
    outer loop
      vertex -17.1161 6.88388 18.8
      vertex -14.3839 6.88388 18.8
      vertex -17.0083 6.76095 18.8
    endloop
  endfacet
  facet normal 0 0 -1
    outer loop
      vertex -14.3839 6.88388 18.8
      vertex -17.1161 6.88388 18.8
      vertex -14.261 6.99169 18.8
    endloop
  endfacet
  facet normal 0 0 -1
    outer loop
      vertex -17.239 6.99169 18.8
      vertex -14.261 6.99169 18.8
      vertex -17.1161 6.88388 18.8
    endloop
  endfacet
  facet normal 0 0 -1
    outer loop
      vertex -14.261 6.99169 18.8
      vertex -17.239 6.99169 18.8
      vertex -14.125 7.08253 18.8
    endloop
  endfacet
  facet normal 0 0 -1
    outer loop
      vertex -17.375 7.08253 18.8
      vertex -14.125 7.08253 18.8
      vertex -17.239 6.99169 18.8
    endloop
  endfacet
  facet normal 0 0 -1
    outer loop
      vertex -14.125 7.08253 18.8
      vertex -17.375 7.08253 18.8
      vertex -13.9784 7.15485 18.8
    endloop
  endfacet
  facet normal 0 0 -1
    outer loop
      vertex -17.5216 7.15485 18.8
      vertex -13.9784 7.15485 18.8
      vertex -17.375 7.08253 18.8
    endloop
  endfacet
  facet normal 0 0 -1
    outer loop
      vertex -13.9784 7.15485 18.8
      vertex -17.5216 7.15485 18.8
      vertex -13.8235 7.20741 18.8
    endloop
  endfacet
  facet normal 0 0 -1
    outer loop
      vertex -17.6765 7.20741 18.8
      vertex -13.8235 7.20741 18.8
      vertex -17.5216 7.15485 18.8
    endloop
  endfacet
  facet normal 0 0 -1
    outer loop
      vertex -13.8235 7.20741 18.8
      vertex -17.6765 7.20741 18.8
      vertex -13.6632 7.23931 18.8
    endloop
  endfacet
  facet normal 0 0 -1
    outer loop
      vertex -17.8368 7.23931 18.8
      vertex -13.6632 7.23931 18.8
      vertex -17.6765 7.20741 18.8
    endloop
  endfacet
  facet normal 0 0 -1
    outer loop
      vertex -22.3 8.7 18.8
      vertex -13.6632 7.23931 18.8
      vertex -17.8368 7.23931 18.8
    endloop
  endfacet
  facet normal 0 0 -1
    outer loop
      vertex -13.6632 7.23931 18.8
      vertex -22.3 8.7 18.8
      vertex -13.5 7.25 18.8
    endloop
  endfacet
  facet normal 0 0 -1
    outer loop
      vertex -22.3 8.7 18.8
      vertex -17.8368 7.23931 18.8
      vertex -18 7.25 18.8
    endloop
  endfacet
  facet normal 0 0 -1
    outer loop
      vertex -19.2393 5.83684 18.8
      vertex -22.3 8.7 18.8
      vertex -19.25 6 18.8
    endloop
  endfacet
  facet normal 0 0 -1
    outer loop
      vertex -19.25 6 18.8
      vertex -22.3 8.7 18.8
      vertex -19.2393 6.16316 18.8
    endloop
  endfacet
  facet normal 0 0 -1
    outer loop
      vertex 0 7.25 18.8
      vertex -22.3 8.7 18.8
      vertex 23.3 8.7 18.8
    endloop
  endfacet
  facet normal 0 0 -1
    outer loop
      vertex -18.1632 7.23931 18.8
      vertex -22.3 8.7 18.8
      vertex -18 7.25 18.8
    endloop
  endfacet
  facet normal 0 0 -1
    outer loop
      vertex -18.3235 7.20741 18.8
      vertex -22.3 8.7 18.8
      vertex -18.1632 7.23931 18.8
    endloop
  endfacet
  facet normal 0 0 -1
    outer loop
      vertex -18.4784 7.15485 18.8
      vertex -22.3 8.7 18.8
      vertex -18.3235 7.20741 18.8
    endloop
  endfacet
  facet normal 0 0 -1
    outer loop
      vertex -18.625 7.08253 18.8
      vertex -22.3 8.7 18.8
      vertex -18.4784 7.15485 18.8
    endloop
  endfacet
  facet normal 0 0 -1
    outer loop
      vertex -18.761 6.99169 18.8
      vertex -22.3 8.7 18.8
      vertex -18.625 7.08253 18.8
    endloop
  endfacet
  facet normal 0 0 -1
    outer loop
      vertex -18.8839 6.88388 18.8
      vertex -22.3 8.7 18.8
      vertex -18.761 6.99169 18.8
    endloop
  endfacet
  facet normal 0 0 -1
    outer loop
      vertex -18.9917 6.76095 18.8
      vertex -22.3 8.7 18.8
      vertex -18.8839 6.88388 18.8
    endloop
  endfacet
  facet normal 0 0 -1
    outer loop
      vertex -19.0825 6.625 18.8
      vertex -22.3 8.7 18.8
      vertex -18.9917 6.76095 18.8
    endloop
  endfacet
  facet normal 0 0 -1
    outer loop
      vertex -19.1549 6.47835 18.8
      vertex -22.3 8.7 18.8
      vertex -19.0825 6.625 18.8
    endloop
  endfacet
  facet normal 0 0 -1
    outer loop
      vertex -19.2074 6.32352 18.8
      vertex -22.3 8.7 18.8
      vertex -19.1549 6.47835 18.8
    endloop
  endfacet
  facet normal 0 0 -1
    outer loop
      vertex -19.2393 6.16316 18.8
      vertex -22.3 8.7 18.8
      vertex -19.2074 6.32352 18.8
    endloop
  endfacet
  facet normal 1 0 0
    outer loop
      vertex 23.3 -8.1996 19.8
      vertex 23.3 -8.6 19.8
      vertex 23.3 -8.1996 19.7
    endloop
  endfacet
  facet normal 1 0 0
    outer loop
      vertex 23.3 8.1996 19.7
      vertex 23.3 8.6 19.8
      vertex 23.3 8.1996 19.8
    endloop
  endfacet
  facet normal 1 0 0
    outer loop
      vertex 23.3 8.6 19.8
      vertex 23.3 8.1996 19.7
      vertex 23.3 8.7 18.8
    endloop
  endfacet
  facet normal 1 -0 0
    outer loop
      vertex 23.3 -8.1996 19.7
      vertex 23.3 8.7 18.8
      vertex 23.3 8.1996 19.7
    endloop
  endfacet
  facet normal 1 0 0
    outer loop
      vertex 23.3 -8.1996 19.7
      vertex 23.3 -8.7 18.8
      vertex 23.3 8.7 18.8
    endloop
  endfacet
  facet normal 1 0 0
    outer loop
      vertex 23.3 -8.7 18.8
      vertex 23.3 -8.1996 19.7
      vertex 23.3 -8.6 19.8
    endloop
  endfacet
  facet normal -0.0654033 -0.997859 0
    outer loop
      vertex 22.9347 -8.29572 19.8
      vertex 23 -8.3 20.8
      vertex 22.9347 -8.29572 20.8
    endloop
  endfacet
  facet normal -0.0654033 -0.997859 -0
    outer loop
      vertex 23 -8.3 20.8
      vertex 22.9347 -8.29572 19.8
      vertex 23 -8.3 19.8
    endloop
  endfacet
  facet normal -0.195233 -0.980757 0
    outer loop
      vertex 22.8706 -8.28296 19.8
      vertex 22.9347 -8.29572 20.8
      vertex 22.8706 -8.28296 20.8
    endloop
  endfacet
  facet normal -0.195233 -0.980757 -0
    outer loop
      vertex 22.9347 -8.29572 20.8
      vertex 22.8706 -8.28296 19.8
      vertex 22.9347 -8.29572 19.8
    endloop
  endfacet
  facet normal -0.55537 -0.831603 0
    outer loop
      vertex 22.6956 -8.19668 19.8
      vertex 22.75 -8.23301 20.8
      vertex 22.6956 -8.19668 20.8
    endloop
  endfacet
  facet normal -0.55537 -0.831603 -0
    outer loop
      vertex 22.75 -8.23301 20.8
      vertex 22.6956 -8.19668 19.8
      vertex 22.75 -8.23301 19.8
    endloop
  endfacet
  facet normal 0 0 1
    outer loop
      vertex 22.5 7.8 20.8
      vertex 23.5 7.8 20.8
      vertex 23.4957 7.86526 20.8
    endloop
  endfacet
  facet normal 0 0 1
    outer loop
      vertex 23.5 7.8 20.8
      vertex 22.5 7.8 20.8
      vertex 23.5 -7.8 20.8
    endloop
  endfacet
  facet normal 0 0 1
    outer loop
      vertex 22.5 7.8 20.8
      vertex 23.4957 7.86526 20.8
      vertex 23.483 7.92941 20.8
    endloop
  endfacet
  facet normal 0 0 1
    outer loop
      vertex 22.5 -7.8 20.8
      vertex 23.5 -7.8 20.8
      vertex 22.5 7.8 20.8
    endloop
  endfacet
  facet normal 0 0 1
    outer loop
      vertex 22.5 7.8 20.8
      vertex 23.483 7.92941 20.8
      vertex 23.4619 7.99134 20.8
    endloop
  endfacet
  facet normal 0 0 1
    outer loop
      vertex 23.5 -7.8 20.8
      vertex 22.5 -7.8 20.8
      vertex 23.4957 -7.86526 20.8
    endloop
  endfacet
  facet normal 0 0 1
    outer loop
      vertex 22.5 7.8 20.8
      vertex 23.4619 7.99134 20.8
      vertex 23.433 8.05 20.8
    endloop
  endfacet
  facet normal 0 0 1
    outer loop
      vertex 23.4957 -7.86526 20.8
      vertex 22.5 -7.8 20.8
      vertex 23.483 -7.92941 20.8
    endloop
  endfacet
  facet normal 0 0 1
    outer loop
      vertex 22.5 7.8 20.8
      vertex 23.433 8.05 20.8
      vertex 23.3967 8.10438 20.8
    endloop
  endfacet
  facet normal 0 0 1
    outer loop
      vertex 23.483 -7.92941 20.8
      vertex 22.5 -7.8 20.8
      vertex 23.4619 -7.99134 20.8
    endloop
  endfacet
  facet normal 0 0 1
    outer loop
      vertex 22.5 7.8 20.8
      vertex 23.3967 8.10438 20.8
      vertex 23.3536 8.15355 20.8
    endloop
  endfacet
  facet normal 0 0 1
    outer loop
      vertex 23.4619 -7.99134 20.8
      vertex 22.5 -7.8 20.8
      vertex 23.433 -8.05 20.8
    endloop
  endfacet
  facet normal 0 0 1
    outer loop
      vertex 22.5 7.8 20.8
      vertex 23.3536 8.15355 20.8
      vertex 23.3044 8.19668 20.8
    endloop
  endfacet
  facet normal 0 0 1
    outer loop
      vertex 23.433 -8.05 20.8
      vertex 22.5 -7.8 20.8
      vertex 23.3967 -8.10438 20.8
    endloop
  endfacet
  facet normal 0 0 1
    outer loop
      vertex 22.5 7.8 20.8
      vertex 23.3044 8.19668 20.8
      vertex 23.25 8.23301 20.8
    endloop
  endfacet
  facet normal 0 0 1
    outer loop
      vertex 23.3967 -8.10438 20.8
      vertex 22.5 -7.8 20.8
      vertex 23.3536 -8.15355 20.8
    endloop
  endfacet
  facet normal 0 0 1
    outer loop
      vertex 22.5 7.8 20.8
      vertex 23.25 8.23301 20.8
      vertex 23.1913 8.26194 20.8
    endloop
  endfacet
  facet normal 0 0 1
    outer loop
      vertex 23.3536 -8.15355 20.8
      vertex 22.5 -7.8 20.8
      vertex 23.3044 -8.19668 20.8
    endloop
  endfacet
  facet normal 0 0 1
    outer loop
      vertex 22.5 7.8 20.8
      vertex 23.1913 8.26194 20.8
      vertex 23.1294 8.28296 20.8
    endloop
  endfacet
  facet normal 0 0 1
    outer loop
      vertex 23.3044 -8.19668 20.8
      vertex 22.5 -7.8 20.8
      vertex 23.25 -8.23301 20.8
    endloop
  endfacet
  facet normal 0 0 1
    outer loop
      vertex 22.5 7.8 20.8
      vertex 23.1294 8.28296 20.8
      vertex 23.0653 8.29572 20.8
    endloop
  endfacet
  facet normal 0 0 1
    outer loop
      vertex 23.25 -8.23301 20.8
      vertex 22.5 -7.8 20.8
      vertex 23.1913 -8.26194 20.8
    endloop
  endfacet
  facet normal 0 0 1
    outer loop
      vertex 22.5 7.8 20.8
      vertex 23.0653 8.29572 20.8
      vertex 23 8.3 20.8
    endloop
  endfacet
  facet normal 0 0 1
    outer loop
      vertex 23.1913 -8.26194 20.8
      vertex 22.5 -7.8 20.8
      vertex 23.1294 -8.28296 20.8
    endloop
  endfacet
  facet normal 0 0 1
    outer loop
      vertex 22.5 7.8 20.8
      vertex 23 8.3 20.8
      vertex 22.9347 8.29572 20.8
    endloop
  endfacet
  facet normal 0 0 1
    outer loop
      vertex 23.1294 -8.28296 20.8
      vertex 22.5 -7.8 20.8
      vertex 23.0653 -8.29572 20.8
    endloop
  endfacet
  facet normal 0 0 1
    outer loop
      vertex 22.5 7.8 20.8
      vertex 22.9347 8.29572 20.8
      vertex 22.8706 8.28296 20.8
    endloop
  endfacet
  facet normal 0 0 1
    outer loop
      vertex 23.0653 -8.29572 20.8
      vertex 22.5 -7.8 20.8
      vertex 23 -8.3 20.8
    endloop
  endfacet
  facet normal 0 0 1
    outer loop
      vertex 22.5 7.8 20.8
      vertex 22.8706 8.28296 20.8
      vertex 22.8087 8.26194 20.8
    endloop
  endfacet
  facet normal 0 0 1
    outer loop
      vertex 23 -8.3 20.8
      vertex 22.5 -7.8 20.8
      vertex 22.9347 -8.29572 20.8
    endloop
  endfacet
  facet normal 0 0 1
    outer loop
      vertex 22.5 7.8 20.8
      vertex 22.8087 8.26194 20.8
      vertex 22.75 8.23301 20.8
    endloop
  endfacet
  facet normal 0 0 1
    outer loop
      vertex 22.9347 -8.29572 20.8
      vertex 22.5 -7.8 20.8
      vertex 22.8706 -8.28296 20.8
    endloop
  endfacet
  facet normal 0 0 1
    outer loop
      vertex 22.5 7.8 20.8
      vertex 22.75 8.23301 20.8
      vertex 22.6956 8.19668 20.8
    endloop
  endfacet
  facet normal 0 0 1
    outer loop
      vertex 22.8706 -8.28296 20.8
      vertex 22.5 -7.8 20.8
      vertex 22.8087 -8.26194 20.8
    endloop
  endfacet
  facet normal 0 0 1
    outer loop
      vertex 22.5 7.8 20.8
      vertex 22.6956 8.19668 20.8
      vertex 22.6464 8.15355 20.8
    endloop
  endfacet
  facet normal 0 0 1
    outer loop
      vertex 22.8087 -8.26194 20.8
      vertex 22.5 -7.8 20.8
      vertex 22.75 -8.23301 20.8
    endloop
  endfacet
  facet normal 0 0 1
    outer loop
      vertex 22.5 7.8 20.8
      vertex 22.6464 8.15355 20.8
      vertex 22.6033 8.10438 20.8
    endloop
  endfacet
  facet normal 0 0 1
    outer loop
      vertex 22.75 -8.23301 20.8
      vertex 22.5 -7.8 20.8
      vertex 22.6956 -8.19668 20.8
    endloop
  endfacet
  facet normal 0 0 1
    outer loop
      vertex 22.5 7.8 20.8
      vertex 22.6033 8.10438 20.8
      vertex 22.567 8.05 20.8
    endloop
  endfacet
  facet normal 0 0 1
    outer loop
      vertex 22.6956 -8.19668 20.8
      vertex 22.5 -7.8 20.8
      vertex 22.6464 -8.15355 20.8
    endloop
  endfacet
  facet normal 0 0 1
    outer loop
      vertex 22.5 7.8 20.8
      vertex 22.567 8.05 20.8
      vertex 22.5381 7.99134 20.8
    endloop
  endfacet
  facet normal 0 0 1
    outer loop
      vertex 22.6464 -8.15355 20.8
      vertex 22.5 -7.8 20.8
      vertex 22.6033 -8.10438 20.8
    endloop
  endfacet
  facet normal 0 0 1
    outer loop
      vertex 22.5 7.8 20.8
      vertex 22.5381 7.99134 20.8
      vertex 22.517 7.92941 20.8
    endloop
  endfacet
  facet normal 0 0 1
    outer loop
      vertex 22.6033 -8.10438 20.8
      vertex 22.5 -7.8 20.8
      vertex 22.567 -8.05 20.8
    endloop
  endfacet
  facet normal 0 0 1
    outer loop
      vertex 22.5 7.8 20.8
      vertex 22.517 7.92941 20.8
      vertex 22.5043 7.86526 20.8
    endloop
  endfacet
  facet normal 0 0 1
    outer loop
      vertex 22.567 -8.05 20.8
      vertex 22.5 -7.8 20.8
      vertex 22.5381 -7.99134 20.8
    endloop
  endfacet
  facet normal 0 0 1
    outer loop
      vertex 22.5381 -7.99134 20.8
      vertex 22.5 -7.8 20.8
      vertex 22.517 -7.92941 20.8
    endloop
  endfacet
  facet normal 0 0 1
    outer loop
      vertex 22.517 -7.92941 20.8
      vertex 22.5 -7.8 20.8
      vertex 22.5043 -7.86526 20.8
    endloop
  endfacet
  facet normal -0.997836 0.0657477 0
    outer loop
      vertex 22.5 7.8 19.8
      vertex 22.5043 7.86526 20.8
      vertex 22.5043 7.86526 19.8
    endloop
  endfacet
  facet normal -0.997836 0.0657477 0
    outer loop
      vertex 22.5043 7.86526 20.8
      vertex 22.5 7.8 19.8
      vertex 22.5 7.8 20.8
    endloop
  endfacet
  facet normal -1 0 0
    outer loop
      vertex 22.5 -7.8 19.8
      vertex 22.5 7.8 20.8
      vertex 22.5 7.8 19.8
    endloop
  endfacet
  facet normal -1 -0 0
    outer loop
      vertex 22.5 7.8 20.8
      vertex 22.5 -7.8 19.8
      vertex 22.5 -7.8 20.8
    endloop
  endfacet
  facet normal -0.442072 -0.89698 0
    outer loop
      vertex 22.75 -8.23301 19.8
      vertex 22.8087 -8.26194 20.8
      vertex 22.75 -8.23301 20.8
    endloop
  endfacet
  facet normal -0.442072 -0.89698 -0
    outer loop
      vertex 22.8087 -8.26194 20.8
      vertex 22.75 -8.23301 19.8
      vertex 22.8087 -8.26194 19.8
    endloop
  endfacet
  facet normal -0.659197 -0.75197 0
    outer loop
      vertex 22.6464 -8.15355 19.8
      vertex 22.6956 -8.19668 20.8
      vertex 22.6464 -8.15355 20.8
    endloop
  endfacet
  facet normal -0.659197 -0.75197 -0
    outer loop
      vertex 22.6956 -8.19668 20.8
      vertex 22.6464 -8.15355 19.8
      vertex 22.6956 -8.19668 19.8
    endloop
  endfacet
  facet normal 1 -0 0
    outer loop
      vertex 23.5 -7.8 20.8
      vertex 23.5 7.8 19.7
      vertex 23.5 7.8 20.8
    endloop
  endfacet
  facet normal 1 0 0
    outer loop
      vertex 23.5 7.8 19.7
      vertex 23.5 -7.8 20.8
      vertex 23.5 -7.8 19.7
    endloop
  endfacet
  facet normal 0.997836 0.0657477 0
    outer loop
      vertex 23.5 7.8 20.8
      vertex 23.4957 7.86526 19.7
      vertex 23.4957 7.86526 20.8
    endloop
  endfacet
  facet normal 0.997836 0.0657477 0
    outer loop
      vertex 23.4957 7.86526 19.7
      vertex 23.5 7.8 20.8
      vertex 23.5 7.8 19.7
    endloop
  endfacet
  facet normal -0.997836 -0.0657477 0
    outer loop
      vertex 22.5043 -7.86526 19.8
      vertex 22.5 -7.8 20.8
      vertex 22.5 -7.8 19.8
    endloop
  endfacet
  facet normal -0.997836 -0.0657477 0
    outer loop
      vertex 22.5 -7.8 20.8
      vertex 22.5043 -7.86526 19.8
      vertex 22.5043 -7.86526 20.8
    endloop
  endfacet
  facet normal -0.321546 -0.946894 0
    outer loop
      vertex 22.8087 -8.26194 19.8
      vertex 22.8706 -8.28296 20.8
      vertex 22.8087 -8.26194 20.8
    endloop
  endfacet
  facet normal -0.321546 -0.946894 -0
    outer loop
      vertex 22.8706 -8.28296 20.8
      vertex 22.8087 -8.26194 19.8
      vertex 22.8706 -8.28296 19.8
    endloop
  endfacet
  facet normal -0.751998 -0.659165 0
    outer loop
      vertex 22.6464 -8.15355 19.8
      vertex 22.6033 -8.10438 20.8
      vertex 22.6033 -8.10438 19.8
    endloop
  endfacet
  facet normal -0.751998 -0.659165 0
    outer loop
      vertex 22.6033 -8.10438 20.8
      vertex 22.6464 -8.15355 19.8
      vertex 22.6464 -8.15355 20.8
    endloop
  endfacet
  facet normal 0.321546 -0.946894 0
    outer loop
      vertex 23.1294 -8.28296 19.8
      vertex 23.1913 -8.26194 20.8
      vertex 23.1294 -8.28296 20.8
    endloop
  endfacet
  facet normal 0.321546 -0.946894 0
    outer loop
      vertex 23.1913 -8.26194 20.8
      vertex 23.1294 -8.28296 19.8
      vertex 23.1913 -8.26194 19.8
    endloop
  endfacet
  facet normal 0.442072 -0.89698 0
    outer loop
      vertex 23.1913 -8.26194 19.8
      vertex 23.25 -8.23301 20.8
      vertex 23.1913 -8.26194 20.8
    endloop
  endfacet
  facet normal 0.442072 -0.89698 0
    outer loop
      vertex 23.25 -8.23301 20.8
      vertex 23.1913 -8.26194 19.8
      vertex 23.25 -8.23301 19.8
    endloop
  endfacet
  facet normal 0.897042 0.441945 0
    outer loop
      vertex 23.4619 7.99134 20.8
      vertex 23.433 8.05 19.7
      vertex 23.433 8.05 20.8
    endloop
  endfacet
  facet normal 0.897042 0.441945 0
    outer loop
      vertex 23.433 8.05 19.7
      vertex 23.4619 7.99134 20.8
      vertex 23.4619 7.99134 19.7
    endloop
  endfacet
  facet normal 0.751998 0.659165 0
    outer loop
      vertex 23.3967 8.10438 20.8
      vertex 23.3536 8.15355 19.7
      vertex 23.3536 8.15355 20.8
    endloop
  endfacet
  facet normal 0.751998 0.659165 0
    outer loop
      vertex 23.3536 8.15355 19.7
      vertex 23.3967 8.10438 20.8
      vertex 23.3967 8.10438 19.7
    endloop
  endfacet
  facet normal 0.659197 0.75197 -0
    outer loop
      vertex 23.3536 8.15355 19.7
      vertex 23.3044 8.19668 20.8
      vertex 23.3536 8.15355 20.8
    endloop
  endfacet
  facet normal 0.659197 0.75197 0
    outer loop
      vertex 23.3044 8.19668 20.8
      vertex 23.3536 8.15355 19.7
      vertex 23.3044 8.19668 19.7
    endloop
  endfacet
  facet normal 0.442072 0.89698 -0
    outer loop
      vertex 23.25 8.23301 19.8
      vertex 23.1913 8.26194 20.8
      vertex 23.25 8.23301 20.8
    endloop
  endfacet
  facet normal 0.442072 0.89698 0
    outer loop
      vertex 23.1913 8.26194 20.8
      vertex 23.25 8.23301 19.8
      vertex 23.1913 8.26194 19.8
    endloop
  endfacet
  facet normal -0.831721 0.555194 0
    outer loop
      vertex 22.567 8.05 19.8
      vertex 22.6033 8.10438 20.8
      vertex 22.6033 8.10438 19.8
    endloop
  endfacet
  facet normal -0.831721 0.555194 0
    outer loop
      vertex 22.6033 8.10438 20.8
      vertex 22.567 8.05 19.8
      vertex 22.567 8.05 20.8
    endloop
  endfacet
  facet normal -0.0654033 0.997859 0
    outer loop
      vertex 23 8.3 19.8
      vertex 22.9347 8.29572 20.8
      vertex 23 8.3 20.8
    endloop
  endfacet
  facet normal -0.0654033 0.997859 0
    outer loop
      vertex 22.9347 8.29572 20.8
      vertex 23 8.3 19.8
      vertex 22.9347 8.29572 19.8
    endloop
  endfacet
  facet normal 0 0 -1
    outer loop
      vertex 23.3 -8.1996 19.7
      vertex 23.5 -7.8 19.7
      vertex 23.4957 -7.86526 19.7
    endloop
  endfacet
  facet normal -0 0 -1
    outer loop
      vertex 23.5 -7.8 19.7
      vertex 23.3 -8.1996 19.7
      vertex 23.5 7.8 19.7
    endloop
  endfacet
  facet normal 0 0 -1
    outer loop
      vertex 23.3 -8.1996 19.7
      vertex 23.4957 -7.86526 19.7
      vertex 23.483 -7.92941 19.7
    endloop
  endfacet
  facet normal 0 0 -1
    outer loop
      vertex 23.3 8.1996 19.7
      vertex 23.5 7.8 19.7
      vertex 23.3 -8.1996 19.7
    endloop
  endfacet
  facet normal 0 0 -1
    outer loop
      vertex 23.3 -8.1996 19.7
      vertex 23.483 -7.92941 19.7
      vertex 23.4619 -7.99134 19.7
    endloop
  endfacet
  facet normal 0 0 -1
    outer loop
      vertex 23.5 7.8 19.7
      vertex 23.3 8.1996 19.7
      vertex 23.4957 7.86526 19.7
    endloop
  endfacet
  facet normal 0 0 -1
    outer loop
      vertex 23.3 -8.1996 19.7
      vertex 23.4619 -7.99134 19.7
      vertex 23.433 -8.05 19.7
    endloop
  endfacet
  facet normal 0 0 -1
    outer loop
      vertex 23.4957 7.86526 19.7
      vertex 23.3 8.1996 19.7
      vertex 23.483 7.92941 19.7
    endloop
  endfacet
  facet normal 0 0 -1
    outer loop
      vertex 23.3 -8.1996 19.7
      vertex 23.433 -8.05 19.7
      vertex 23.3967 -8.10438 19.7
    endloop
  endfacet
  facet normal 0 0 -1
    outer loop
      vertex 23.483 7.92941 19.7
      vertex 23.3 8.1996 19.7
      vertex 23.4619 7.99134 19.7
    endloop
  endfacet
  facet normal 0 0 -1
    outer loop
      vertex 23.3 -8.1996 19.7
      vertex 23.3967 -8.10438 19.7
      vertex 23.3536 -8.15355 19.7
    endloop
  endfacet
  facet normal 0 0 -1
    outer loop
      vertex 23.4619 7.99134 19.7
      vertex 23.3 8.1996 19.7
      vertex 23.433 8.05 19.7
    endloop
  endfacet
  facet normal 0 0 -1
    outer loop
      vertex 23.3 -8.1996 19.7
      vertex 23.3536 -8.15355 19.7
      vertex 23.3044 -8.19668 19.7
    endloop
  endfacet
  facet normal 0 0 -1
    outer loop
      vertex 23.433 8.05 19.7
      vertex 23.3 8.1996 19.7
      vertex 23.3967 8.10438 19.7
    endloop
  endfacet
  facet normal 0 0 -1
    outer loop
      vertex 23.3967 8.10438 19.7
      vertex 23.3 8.1996 19.7
      vertex 23.3536 8.15355 19.7
    endloop
  endfacet
  facet normal 0 0 -1
    outer loop
      vertex 23.3536 8.15355 19.7
      vertex 23.3 8.1996 19.7
      vertex 23.3044 8.19668 19.7
    endloop
  endfacet
  facet normal -0.831721 -0.555194 0
    outer loop
      vertex 22.6033 -8.10438 19.8
      vertex 22.567 -8.05 20.8
      vertex 22.567 -8.05 19.8
    endloop
  endfacet
  facet normal -0.831721 -0.555194 0
    outer loop
      vertex 22.567 -8.05 20.8
      vertex 22.6033 -8.10438 19.8
      vertex 22.6033 -8.10438 20.8
    endloop
  endfacet
  facet normal -0.946569 -0.322503 0
    outer loop
      vertex 22.5381 -7.99134 19.8
      vertex 22.517 -7.92941 20.8
      vertex 22.517 -7.92941 19.8
    endloop
  endfacet
  facet normal -0.946569 -0.322503 0
    outer loop
      vertex 22.517 -7.92941 20.8
      vertex 22.5381 -7.99134 19.8
      vertex 22.5381 -7.99134 20.8
    endloop
  endfacet
  facet normal 0.0654033 -0.997859 0
    outer loop
      vertex 23 -8.3 19.8
      vertex 23.0653 -8.29572 20.8
      vertex 23 -8.3 20.8
    endloop
  endfacet
  facet normal 0.0654033 -0.997859 0
    outer loop
      vertex 23.0653 -8.29572 20.8
      vertex 23 -8.3 19.8
      vertex 23.0653 -8.29572 19.8
    endloop
  endfacet
  facet normal 0.195233 -0.980757 0
    outer loop
      vertex 23.0653 -8.29572 19.8
      vertex 23.1294 -8.28296 20.8
      vertex 23.0653 -8.29572 20.8
    endloop
  endfacet
  facet normal 0.195233 -0.980757 0
    outer loop
      vertex 23.1294 -8.28296 20.8
      vertex 23.0653 -8.29572 19.8
      vertex 23.1294 -8.28296 19.8
    endloop
  endfacet
  facet normal 0.55537 -0.831603 0
    outer loop
      vertex 23.25 -8.23301 19.8
      vertex 23.3044 -8.19668 20.8
      vertex 23.25 -8.23301 20.8
    endloop
  endfacet
  facet normal 0.555583 -0.831461 -1.66957e-05
    outer loop
      vertex 23.3 -8.1996 19.8
      vertex 23.3044 -8.19668 20.8
      vertex 23.25 -8.23301 19.8
    endloop
  endfacet
  facet normal 0.552951 -0.833214 0
    outer loop
      vertex 23.3044 -8.19668 19.7
      vertex 23.3 -8.1996 19.8
      vertex 23.3 -8.1996 19.7
    endloop
  endfacet
  facet normal 0.552951 -0.833214 0
    outer loop
      vertex 23.3 -8.1996 19.8
      vertex 23.3044 -8.19668 19.7
      vertex 23.3044 -8.19668 20.8
    endloop
  endfacet
  facet normal 0.946569 -0.322503 0
    outer loop
      vertex 23.4619 -7.99134 20.8
      vertex 23.483 -7.92941 19.7
      vertex 23.483 -7.92941 20.8
    endloop
  endfacet
  facet normal 0.946569 -0.322503 0
    outer loop
      vertex 23.483 -7.92941 19.7
      vertex 23.4619 -7.99134 20.8
      vertex 23.4619 -7.99134 19.7
    endloop
  endfacet
  facet normal 0.897042 -0.441945 0
    outer loop
      vertex 23.433 -8.05 20.8
      vertex 23.4619 -7.99134 19.7
      vertex 23.4619 -7.99134 20.8
    endloop
  endfacet
  facet normal 0.897042 -0.441945 0
    outer loop
      vertex 23.4619 -7.99134 19.7
      vertex 23.433 -8.05 20.8
      vertex 23.433 -8.05 19.7
    endloop
  endfacet
  facet normal 0.751998 -0.659165 0
    outer loop
      vertex 23.3536 -8.15355 20.8
      vertex 23.3967 -8.10438 19.7
      vertex 23.3967 -8.10438 20.8
    endloop
  endfacet
  facet normal 0.751998 -0.659165 0
    outer loop
      vertex 23.3967 -8.10438 19.7
      vertex 23.3536 -8.15355 20.8
      vertex 23.3536 -8.15355 19.7
    endloop
  endfacet
  facet normal 0.980961 0.194204 0
    outer loop
      vertex 23.4957 7.86526 20.8
      vertex 23.483 7.92941 19.7
      vertex 23.483 7.92941 20.8
    endloop
  endfacet
  facet normal 0.980961 0.194204 0
    outer loop
      vertex 23.483 7.92941 19.7
      vertex 23.4957 7.86526 20.8
      vertex 23.4957 7.86526 19.7
    endloop
  endfacet
  facet normal 0.946569 0.322503 0
    outer loop
      vertex 23.483 7.92941 20.8
      vertex 23.4619 7.99134 19.7
      vertex 23.4619 7.99134 20.8
    endloop
  endfacet
  facet normal 0.946569 0.322503 0
    outer loop
      vertex 23.4619 7.99134 19.7
      vertex 23.483 7.92941 20.8
      vertex 23.483 7.92941 19.7
    endloop
  endfacet
  facet normal 0.55537 0.831603 -1.5348e-05
    outer loop
      vertex 23.3044 8.19668 20.8
      vertex 23.3 8.1996 19.8
      vertex 23.25 8.23301 20.8
    endloop
  endfacet
  facet normal 0.552951 0.833214 -0
    outer loop
      vertex 23.3044 8.19668 19.7
      vertex 23.3 8.1996 19.8
      vertex 23.3044 8.19668 20.8
    endloop
  endfacet
  facet normal 0.552951 0.833214 0
    outer loop
      vertex 23.3 8.1996 19.8
      vertex 23.3044 8.19668 19.7
      vertex 23.3 8.1996 19.7
    endloop
  endfacet
  facet normal 0.555583 0.831461 0
    outer loop
      vertex 23.25 8.23301 20.8
      vertex 23.3 8.1996 19.8
      vertex 23.25 8.23301 19.8
    endloop
  endfacet
  facet normal 0.831721 0.555194 0
    outer loop
      vertex 23.433 8.05 20.8
      vertex 23.3967 8.10438 19.7
      vertex 23.3967 8.10438 20.8
    endloop
  endfacet
  facet normal 0.831721 0.555194 0
    outer loop
      vertex 23.3967 8.10438 19.7
      vertex 23.433 8.05 20.8
      vertex 23.433 8.05 19.7
    endloop
  endfacet
  facet normal -0.897042 -0.441945 0
    outer loop
      vertex 22.567 -8.05 19.8
      vertex 22.5381 -7.99134 20.8
      vertex 22.5381 -7.99134 19.8
    endloop
  endfacet
  facet normal -0.897042 -0.441945 0
    outer loop
      vertex 22.5381 -7.99134 20.8
      vertex 22.567 -8.05 19.8
      vertex 22.567 -8.05 20.8
    endloop
  endfacet
  facet normal -0.980961 -0.194204 0
    outer loop
      vertex 22.517 -7.92941 19.8
      vertex 22.5043 -7.86526 20.8
      vertex 22.5043 -7.86526 19.8
    endloop
  endfacet
  facet normal -0.980961 -0.194204 0
    outer loop
      vertex 22.5043 -7.86526 20.8
      vertex 22.517 -7.92941 19.8
      vertex 22.517 -7.92941 20.8
    endloop
  endfacet
  facet normal 0.659197 -0.75197 0
    outer loop
      vertex 23.3044 -8.19668 19.7
      vertex 23.3536 -8.15355 20.8
      vertex 23.3044 -8.19668 20.8
    endloop
  endfacet
  facet normal 0.659197 -0.75197 0
    outer loop
      vertex 23.3536 -8.15355 20.8
      vertex 23.3044 -8.19668 19.7
      vertex 23.3536 -8.15355 19.7
    endloop
  endfacet
  facet normal 0.997836 -0.0657477 0
    outer loop
      vertex 23.4957 -7.86526 20.8
      vertex 23.5 -7.8 19.7
      vertex 23.5 -7.8 20.8
    endloop
  endfacet
  facet normal 0.997836 -0.0657477 0
    outer loop
      vertex 23.5 -7.8 19.7
      vertex 23.4957 -7.86526 20.8
      vertex 23.4957 -7.86526 19.7
    endloop
  endfacet
  facet normal 0.980961 -0.194204 0
    outer loop
      vertex 23.483 -7.92941 20.8
      vertex 23.4957 -7.86526 19.7
      vertex 23.4957 -7.86526 20.8
    endloop
  endfacet
  facet normal 0.980961 -0.194204 0
    outer loop
      vertex 23.4957 -7.86526 19.7
      vertex 23.483 -7.92941 20.8
      vertex 23.483 -7.92941 19.7
    endloop
  endfacet
  facet normal 0.831721 -0.555194 0
    outer loop
      vertex 23.3967 -8.10438 20.8
      vertex 23.433 -8.05 19.7
      vertex 23.433 -8.05 20.8
    endloop
  endfacet
  facet normal 0.831721 -0.555194 0
    outer loop
      vertex 23.433 -8.05 19.7
      vertex 23.3967 -8.10438 20.8
      vertex 23.3967 -8.10438 19.7
    endloop
  endfacet
  facet normal -0.55537 0.831603 0
    outer loop
      vertex 22.75 8.23301 19.8
      vertex 22.6956 8.19668 20.8
      vertex 22.75 8.23301 20.8
    endloop
  endfacet
  facet normal -0.55537 0.831603 0
    outer loop
      vertex 22.6956 8.19668 20.8
      vertex 22.75 8.23301 19.8
      vertex 22.6956 8.19668 19.8
    endloop
  endfacet
  facet normal 0.321546 0.946894 -0
    outer loop
      vertex 23.1913 8.26194 19.8
      vertex 23.1294 8.28296 20.8
      vertex 23.1913 8.26194 20.8
    endloop
  endfacet
  facet normal 0.321546 0.946894 0
    outer loop
      vertex 23.1294 8.28296 20.8
      vertex 23.1913 8.26194 19.8
      vertex 23.1294 8.28296 19.8
    endloop
  endfacet
  facet normal 0.195233 0.980757 -0
    outer loop
      vertex 23.1294 8.28296 19.8
      vertex 23.0653 8.29572 20.8
      vertex 23.1294 8.28296 20.8
    endloop
  endfacet
  facet normal 0.195233 0.980757 0
    outer loop
      vertex 23.0653 8.29572 20.8
      vertex 23.1294 8.28296 19.8
      vertex 23.0653 8.29572 19.8
    endloop
  endfacet
  facet normal 0.0654033 0.997859 -0
    outer loop
      vertex 23.0653 8.29572 19.8
      vertex 23 8.3 20.8
      vertex 23.0653 8.29572 20.8
    endloop
  endfacet
  facet normal 0.0654033 0.997859 0
    outer loop
      vertex 23 8.3 20.8
      vertex 23.0653 8.29572 19.8
      vertex 23 8.3 19.8
    endloop
  endfacet
  facet normal -0.195233 0.980757 0
    outer loop
      vertex 22.9347 8.29572 19.8
      vertex 22.8706 8.28296 20.8
      vertex 22.9347 8.29572 20.8
    endloop
  endfacet
  facet normal -0.195233 0.980757 0
    outer loop
      vertex 22.8706 8.28296 20.8
      vertex 22.9347 8.29572 19.8
      vertex 22.8706 8.28296 19.8
    endloop
  endfacet
  facet normal -0.980961 0.194204 0
    outer loop
      vertex 22.5043 7.86526 19.8
      vertex 22.517 7.92941 20.8
      vertex 22.517 7.92941 19.8
    endloop
  endfacet
  facet normal -0.980961 0.194204 0
    outer loop
      vertex 22.517 7.92941 20.8
      vertex 22.5043 7.86526 19.8
      vertex 22.5043 7.86526 20.8
    endloop
  endfacet
  facet normal -0.946569 0.322503 0
    outer loop
      vertex 22.517 7.92941 19.8
      vertex 22.5381 7.99134 20.8
      vertex 22.5381 7.99134 19.8
    endloop
  endfacet
  facet normal -0.946569 0.322503 0
    outer loop
      vertex 22.5381 7.99134 20.8
      vertex 22.517 7.92941 19.8
      vertex 22.517 7.92941 20.8
    endloop
  endfacet
  facet normal -0.659197 0.75197 0
    outer loop
      vertex 22.6956 8.19668 19.8
      vertex 22.6464 8.15355 20.8
      vertex 22.6956 8.19668 20.8
    endloop
  endfacet
  facet normal -0.659197 0.75197 0
    outer loop
      vertex 22.6464 8.15355 20.8
      vertex 22.6956 8.19668 19.8
      vertex 22.6464 8.15355 19.8
    endloop
  endfacet
  facet normal -0.321546 0.946894 0
    outer loop
      vertex 22.8706 8.28296 19.8
      vertex 22.8087 8.26194 20.8
      vertex 22.8706 8.28296 20.8
    endloop
  endfacet
  facet normal -0.321546 0.946894 0
    outer loop
      vertex 22.8087 8.26194 20.8
      vertex 22.8706 8.28296 19.8
      vertex 22.8087 8.26194 19.8
    endloop
  endfacet
  facet normal -0.442072 0.89698 0
    outer loop
      vertex 22.8087 8.26194 19.8
      vertex 22.75 8.23301 20.8
      vertex 22.8087 8.26194 20.8
    endloop
  endfacet
  facet normal -0.442072 0.89698 0
    outer loop
      vertex 22.75 8.23301 20.8
      vertex 22.8087 8.26194 19.8
      vertex 22.75 8.23301 19.8
    endloop
  endfacet
  facet normal -0.897042 0.441945 0
    outer loop
      vertex 22.5381 7.99134 19.8
      vertex 22.567 8.05 20.8
      vertex 22.567 8.05 19.8
    endloop
  endfacet
  facet normal -0.897042 0.441945 0
    outer loop
      vertex 22.567 8.05 20.8
      vertex 22.5381 7.99134 19.8
      vertex 22.5381 7.99134 20.8
    endloop
  endfacet
  facet normal -0.751998 0.659165 0
    outer loop
      vertex 22.6033 8.10438 19.8
      vertex 22.6464 8.15355 20.8
      vertex 22.6464 8.15355 19.8
    endloop
  endfacet
  facet normal -0.751998 0.659165 0
    outer loop
      vertex 22.6464 8.15355 20.8
      vertex 22.6033 8.10438 19.8
      vertex 22.6033 8.10438 20.8
    endloop
  endfacet
  facet normal -0.997857 -0.0654392 0
    outer loop
      vertex -16.75 -6 18.8
      vertex -16.7607 -5.83684 19.8
      vertex -16.7607 -5.83684 18.8
    endloop
  endfacet
  facet normal -0.997857 -0.0654392 0
    outer loop
      vertex -16.7607 -5.83684 19.8
      vertex -16.75 -6 18.8
      vertex -16.75 -6 19.8
    endloop
  endfacet
  facet normal 0.997857 -0.0654392 0
    outer loop
      vertex -19.25 -6 19.8
      vertex -19.2393 -5.83684 18.8
      vertex -19.2393 -5.83684 19.8
    endloop
  endfacet
  facet normal 0.997857 -0.0654392 0
    outer loop
      vertex -19.2393 -5.83684 18.8
      vertex -19.25 -6 19.8
      vertex -19.25 -6 18.8
    endloop
  endfacet
  facet normal 0.0653624 -0.997862 0
    outer loop
      vertex -18.1632 -4.76069 18.8
      vertex -18 -4.75 19.8
      vertex -18.1632 -4.76069 19.8
    endloop
  endfacet
  facet normal 0.0653624 -0.997862 0
    outer loop
      vertex -18 -4.75 19.8
      vertex -18.1632 -4.76069 18.8
      vertex -18 -4.75 18.8
    endloop
  endfacet
  facet normal 0.0653624 0.997862 -0
    outer loop
      vertex -18 -7.25 18.8
      vertex -18.1632 -7.23931 19.8
      vertex -18 -7.25 19.8
    endloop
  endfacet
  facet normal 0.0653624 0.997862 0
    outer loop
      vertex -18.1632 -7.23931 19.8
      vertex -18 -7.25 18.8
      vertex -18.1632 -7.23931 18.8
    endloop
  endfacet
  facet normal -0.659448 -0.75175 0
    outer loop
      vertex -17.239 -5.00831 18.8
      vertex -17.1161 -5.11612 19.8
      vertex -17.239 -5.00831 19.8
    endloop
  endfacet
  facet normal -0.659448 -0.75175 -0
    outer loop
      vertex -17.1161 -5.11612 19.8
      vertex -17.239 -5.00831 18.8
      vertex -17.1161 -5.11612 18.8
    endloop
  endfacet
  facet normal 0.659448 -0.75175 0
    outer loop
      vertex -18.8839 -5.11612 18.8
      vertex -18.761 -5.00831 19.8
      vertex -18.8839 -5.11612 19.8
    endloop
  endfacet
  facet normal 0.659448 -0.75175 0
    outer loop
      vertex -18.761 -5.00831 19.8
      vertex -18.8839 -5.11612 18.8
      vertex -18.761 -5.00831 18.8
    endloop
  endfacet
  facet normal 0.321322 -0.94697 0
    outer loop
      vertex -18.4784 -4.84515 18.8
      vertex -18.3235 -4.79259 19.8
      vertex -18.4784 -4.84515 19.8
    endloop
  endfacet
  facet normal 0.321322 -0.94697 0
    outer loop
      vertex -18.3235 -4.79259 19.8
      vertex -18.4784 -4.84515 18.8
      vertex -18.3235 -4.79259 18.8
    endloop
  endfacet
  facet normal -0.896678 -0.442683 0
    outer loop
      vertex -16.8451 -5.52165 18.8
      vertex -16.9175 -5.375 19.8
      vertex -16.9175 -5.375 18.8
    endloop
  endfacet
  facet normal -0.896678 -0.442683 0
    outer loop
      vertex -16.9175 -5.375 19.8
      vertex -16.8451 -5.52165 18.8
      vertex -16.8451 -5.52165 19.8
    endloop
  endfacet
  facet normal -0.980782 -0.195105 0
    outer loop
      vertex -16.7607 -5.83684 18.8
      vertex -16.7926 -5.67648 19.8
      vertex -16.7926 -5.67648 18.8
    endloop
  endfacet
  facet normal -0.980782 -0.195105 0
    outer loop
      vertex -16.7926 -5.67648 19.8
      vertex -16.7607 -5.83684 18.8
      vertex -16.7607 -5.83684 19.8
    endloop
  endfacet
  facet normal -0.321322 -0.94697 0
    outer loop
      vertex -17.6765 -4.79259 18.8
      vertex -17.5216 -4.84515 19.8
      vertex -17.6765 -4.79259 19.8
    endloop
  endfacet
  facet normal -0.321322 -0.94697 -0
    outer loop
      vertex -17.5216 -4.84515 19.8
      vertex -17.6765 -4.79259 18.8
      vertex -17.5216 -4.84515 18.8
    endloop
  endfacet
  facet normal -0.195175 -0.980768 0
    outer loop
      vertex -17.8368 -4.76069 18.8
      vertex -17.6765 -4.79259 19.8
      vertex -17.8368 -4.76069 19.8
    endloop
  endfacet
  facet normal -0.195175 -0.980768 -0
    outer loop
      vertex -17.6765 -4.79259 19.8
      vertex -17.8368 -4.76069 18.8
      vertex -17.6765 -4.79259 18.8
    endloop
  endfacet
  facet normal -0.442411 -0.896812 0
    outer loop
      vertex -17.5216 -4.84515 18.8
      vertex -17.375 -4.91747 19.8
      vertex -17.5216 -4.84515 19.8
    endloop
  endfacet
  facet normal -0.442411 -0.896812 -0
    outer loop
      vertex -17.375 -4.91747 19.8
      vertex -17.5216 -4.84515 18.8
      vertex -17.375 -4.91747 18.8
    endloop
  endfacet
  facet normal 0.831579 -0.555406 0
    outer loop
      vertex -19.0825 -5.375 19.8
      vertex -18.9917 -5.23905 18.8
      vertex -18.9917 -5.23905 19.8
    endloop
  endfacet
  facet normal 0.831579 -0.555406 0
    outer loop
      vertex -18.9917 -5.23905 18.8
      vertex -19.0825 -5.375 19.8
      vertex -19.0825 -5.375 18.8
    endloop
  endfacet
  facet normal 0.75186 -0.659323 0
    outer loop
      vertex -18.9917 -5.23905 19.8
      vertex -18.8839 -5.11612 18.8
      vertex -18.8839 -5.11612 19.8
    endloop
  endfacet
  facet normal 0.75186 -0.659323 0
    outer loop
      vertex -18.8839 -5.11612 18.8
      vertex -18.9917 -5.23905 19.8
      vertex -18.9917 -5.23905 18.8
    endloop
  endfacet
  facet normal 0.947038 -0.321123 0
    outer loop
      vertex -19.2074 -5.67648 19.8
      vertex -19.1549 -5.52165 18.8
      vertex -19.1549 -5.52165 19.8
    endloop
  endfacet
  facet normal 0.947038 -0.321123 0
    outer loop
      vertex -19.1549 -5.52165 18.8
      vertex -19.2074 -5.67648 19.8
      vertex -19.2074 -5.67648 18.8
    endloop
  endfacet
  facet normal 0.442411 -0.896812 0
    outer loop
      vertex -18.625 -4.91747 18.8
      vertex -18.4784 -4.84515 19.8
      vertex -18.625 -4.91747 19.8
    endloop
  endfacet
  facet normal 0.442411 -0.896812 0
    outer loop
      vertex -18.4784 -4.84515 19.8
      vertex -18.625 -4.91747 18.8
      vertex -18.4784 -4.84515 18.8
    endloop
  endfacet
  facet normal 0.195175 -0.980768 0
    outer loop
      vertex -18.3235 -4.79259 18.8
      vertex -18.1632 -4.76069 19.8
      vertex -18.3235 -4.79259 19.8
    endloop
  endfacet
  facet normal 0.195175 -0.980768 0
    outer loop
      vertex -18.1632 -4.76069 19.8
      vertex -18.3235 -4.79259 18.8
      vertex -18.1632 -4.76069 18.8
    endloop
  endfacet
  facet normal -0.896678 0.442683 0
    outer loop
      vertex -16.9175 -6.625 18.8
      vertex -16.8451 -6.47835 19.8
      vertex -16.8451 -6.47835 18.8
    endloop
  endfacet
  facet normal -0.896678 0.442683 0
    outer loop
      vertex -16.8451 -6.47835 19.8
      vertex -16.9175 -6.625 18.8
      vertex -16.9175 -6.625 19.8
    endloop
  endfacet
  facet normal -0.980782 0.195105 0
    outer loop
      vertex -16.7926 -6.32352 18.8
      vertex -16.7607 -6.16316 19.8
      vertex -16.7607 -6.16316 18.8
    endloop
  endfacet
  facet normal -0.980782 0.195105 0
    outer loop
      vertex -16.7607 -6.16316 19.8
      vertex -16.7926 -6.32352 18.8
      vertex -16.7926 -6.32352 19.8
    endloop
  endfacet
  facet normal 0.442411 0.896812 -0
    outer loop
      vertex -18.4784 -7.15485 18.8
      vertex -18.625 -7.08253 19.8
      vertex -18.4784 -7.15485 19.8
    endloop
  endfacet
  facet normal 0.442411 0.896812 0
    outer loop
      vertex -18.625 -7.08253 19.8
      vertex -18.4784 -7.15485 18.8
      vertex -18.625 -7.08253 18.8
    endloop
  endfacet
  facet normal 0.321322 0.94697 -0
    outer loop
      vertex -18.3235 -7.20741 18.8
      vertex -18.4784 -7.15485 19.8
      vertex -18.3235 -7.20741 19.8
    endloop
  endfacet
  facet normal 0.321322 0.94697 0
    outer loop
      vertex -18.4784 -7.15485 19.8
      vertex -18.3235 -7.20741 18.8
      vertex -18.4784 -7.15485 18.8
    endloop
  endfacet
  facet normal 0.896678 0.442683 0
    outer loop
      vertex -19.0825 -6.625 19.8
      vertex -19.1549 -6.47835 18.8
      vertex -19.1549 -6.47835 19.8
    endloop
  endfacet
  facet normal 0.896678 0.442683 0
    outer loop
      vertex -19.1549 -6.47835 18.8
      vertex -19.0825 -6.625 19.8
      vertex -19.0825 -6.625 18.8
    endloop
  endfacet
  facet normal 0.831579 0.555406 0
    outer loop
      vertex -18.9917 -6.76095 19.8
      vertex -19.0825 -6.625 18.8
      vertex -19.0825 -6.625 19.8
    endloop
  endfacet
  facet normal 0.831579 0.555406 0
    outer loop
      vertex -19.0825 -6.625 18.8
      vertex -18.9917 -6.76095 19.8
      vertex -18.9917 -6.76095 18.8
    endloop
  endfacet
  facet normal -0.947038 -0.321123 0
    outer loop
      vertex -16.7926 -5.67648 18.8
      vertex -16.8451 -5.52165 19.8
      vertex -16.8451 -5.52165 18.8
    endloop
  endfacet
  facet normal -0.947038 -0.321123 0
    outer loop
      vertex -16.8451 -5.52165 19.8
      vertex -16.7926 -5.67648 18.8
      vertex -16.7926 -5.67648 19.8
    endloop
  endfacet
  facet normal -0.75186 -0.659323 0
    outer loop
      vertex -17.0083 -5.23905 18.8
      vertex -17.1161 -5.11612 19.8
      vertex -17.1161 -5.11612 18.8
    endloop
  endfacet
  facet normal -0.75186 -0.659323 0
    outer loop
      vertex -17.1161 -5.11612 19.8
      vertex -17.0083 -5.23905 18.8
      vertex -17.0083 -5.23905 19.8
    endloop
  endfacet
  facet normal -0.831579 -0.555406 0
    outer loop
      vertex -16.9175 -5.375 18.8
      vertex -17.0083 -5.23905 19.8
      vertex -17.0083 -5.23905 18.8
    endloop
  endfacet
  facet normal -0.831579 -0.555406 0
    outer loop
      vertex -17.0083 -5.23905 19.8
      vertex -16.9175 -5.375 18.8
      vertex -16.9175 -5.375 19.8
    endloop
  endfacet
  facet normal -0.0653624 -0.997862 0
    outer loop
      vertex -18 -4.75 18.8
      vertex -17.8368 -4.76069 19.8
      vertex -18 -4.75 19.8
    endloop
  endfacet
  facet normal -0.0653624 -0.997862 -0
    outer loop
      vertex -17.8368 -4.76069 19.8
      vertex -18 -4.75 18.8
      vertex -17.8368 -4.76069 18.8
    endloop
  endfacet
  facet normal -0.555434 -0.831561 0
    outer loop
      vertex -17.375 -4.91747 18.8
      vertex -17.239 -5.00831 19.8
      vertex -17.375 -4.91747 19.8
    endloop
  endfacet
  facet normal -0.555434 -0.831561 -0
    outer loop
      vertex -17.239 -5.00831 19.8
      vertex -17.375 -4.91747 18.8
      vertex -17.239 -5.00831 18.8
    endloop
  endfacet
  facet normal 0.896678 -0.442683 0
    outer loop
      vertex -19.1549 -5.52165 19.8
      vertex -19.0825 -5.375 18.8
      vertex -19.0825 -5.375 19.8
    endloop
  endfacet
  facet normal 0.896678 -0.442683 0
    outer loop
      vertex -19.0825 -5.375 18.8
      vertex -19.1549 -5.52165 19.8
      vertex -19.1549 -5.52165 18.8
    endloop
  endfacet
  facet normal 0.980782 -0.195105 0
    outer loop
      vertex -19.2393 -5.83684 19.8
      vertex -19.2074 -5.67648 18.8
      vertex -19.2074 -5.67648 19.8
    endloop
  endfacet
  facet normal 0.980782 -0.195105 0
    outer loop
      vertex -19.2074 -5.67648 18.8
      vertex -19.2393 -5.83684 19.8
      vertex -19.2393 -5.83684 18.8
    endloop
  endfacet
  facet normal -0.997857 0.0654392 0
    outer loop
      vertex -16.7607 -6.16316 18.8
      vertex -16.75 -6 19.8
      vertex -16.75 -6 18.8
    endloop
  endfacet
  facet normal -0.997857 0.0654392 0
    outer loop
      vertex -16.75 -6 19.8
      vertex -16.7607 -6.16316 18.8
      vertex -16.7607 -6.16316 19.8
    endloop
  endfacet
  facet normal -0.0653624 0.997862 0
    outer loop
      vertex -17.8368 -7.23931 18.8
      vertex -18 -7.25 19.8
      vertex -17.8368 -7.23931 19.8
    endloop
  endfacet
  facet normal -0.0653624 0.997862 0
    outer loop
      vertex -18 -7.25 19.8
      vertex -17.8368 -7.23931 18.8
      vertex -18 -7.25 18.8
    endloop
  endfacet
  facet normal -0.321322 0.94697 0
    outer loop
      vertex -17.5216 -7.15485 18.8
      vertex -17.6765 -7.20741 19.8
      vertex -17.5216 -7.15485 19.8
    endloop
  endfacet
  facet normal -0.321322 0.94697 0
    outer loop
      vertex -17.6765 -7.20741 19.8
      vertex -17.5216 -7.15485 18.8
      vertex -17.6765 -7.20741 18.8
    endloop
  endfacet
  facet normal -0.442411 0.896812 0
    outer loop
      vertex -17.375 -7.08253 18.8
      vertex -17.5216 -7.15485 19.8
      vertex -17.375 -7.08253 19.8
    endloop
  endfacet
  facet normal -0.442411 0.896812 0
    outer loop
      vertex -17.5216 -7.15485 19.8
      vertex -17.375 -7.08253 18.8
      vertex -17.5216 -7.15485 18.8
    endloop
  endfacet
  facet normal -0.659448 0.75175 0
    outer loop
      vertex -17.1161 -6.88388 18.8
      vertex -17.239 -6.99169 19.8
      vertex -17.1161 -6.88388 19.8
    endloop
  endfacet
  facet normal -0.659448 0.75175 0
    outer loop
      vertex -17.239 -6.99169 19.8
      vertex -17.1161 -6.88388 18.8
      vertex -17.239 -6.99169 18.8
    endloop
  endfacet
  facet normal -0.555434 0.831561 0
    outer loop
      vertex -17.239 -6.99169 18.8
      vertex -17.375 -7.08253 19.8
      vertex -17.239 -6.99169 19.8
    endloop
  endfacet
  facet normal -0.555434 0.831561 0
    outer loop
      vertex -17.375 -7.08253 19.8
      vertex -17.239 -6.99169 18.8
      vertex -17.375 -7.08253 18.8
    endloop
  endfacet
  facet normal -0.75186 0.659323 0
    outer loop
      vertex -17.1161 -6.88388 18.8
      vertex -17.0083 -6.76095 19.8
      vertex -17.0083 -6.76095 18.8
    endloop
  endfacet
  facet normal -0.75186 0.659323 0
    outer loop
      vertex -17.0083 -6.76095 19.8
      vertex -17.1161 -6.88388 18.8
      vertex -17.1161 -6.88388 19.8
    endloop
  endfacet
  facet normal -0.831579 0.555406 0
    outer loop
      vertex -17.0083 -6.76095 18.8
      vertex -16.9175 -6.625 19.8
      vertex -16.9175 -6.625 18.8
    endloop
  endfacet
  facet normal -0.831579 0.555406 0
    outer loop
      vertex -16.9175 -6.625 19.8
      vertex -17.0083 -6.76095 18.8
      vertex -17.0083 -6.76095 19.8
    endloop
  endfacet
  facet normal 0.659448 0.75175 -0
    outer loop
      vertex -18.761 -6.99169 18.8
      vertex -18.8839 -6.88388 19.8
      vertex -18.761 -6.99169 19.8
    endloop
  endfacet
  facet normal 0.659448 0.75175 0
    outer loop
      vertex -18.8839 -6.88388 19.8
      vertex -18.761 -6.99169 18.8
      vertex -18.8839 -6.88388 18.8
    endloop
  endfacet
  facet normal 0.555434 0.831561 -0
    outer loop
      vertex -18.625 -7.08253 18.8
      vertex -18.761 -6.99169 19.8
      vertex -18.625 -7.08253 19.8
    endloop
  endfacet
  facet normal 0.555434 0.831561 0
    outer loop
      vertex -18.761 -6.99169 19.8
      vertex -18.625 -7.08253 18.8
      vertex -18.761 -6.99169 18.8
    endloop
  endfacet
  facet normal 0.195175 0.980768 -0
    outer loop
      vertex -18.1632 -7.23931 18.8
      vertex -18.3235 -7.20741 19.8
      vertex -18.1632 -7.23931 19.8
    endloop
  endfacet
  facet normal 0.195175 0.980768 0
    outer loop
      vertex -18.3235 -7.20741 19.8
      vertex -18.1632 -7.23931 18.8
      vertex -18.3235 -7.20741 18.8
    endloop
  endfacet
  facet normal 0.75186 0.659323 0
    outer loop
      vertex -18.8839 -6.88388 19.8
      vertex -18.9917 -6.76095 18.8
      vertex -18.9917 -6.76095 19.8
    endloop
  endfacet
  facet normal 0.75186 0.659323 0
    outer loop
      vertex -18.9917 -6.76095 18.8
      vertex -18.8839 -6.88388 19.8
      vertex -18.8839 -6.88388 18.8
    endloop
  endfacet
  facet normal 0.947038 0.321123 0
    outer loop
      vertex -19.1549 -6.47835 19.8
      vertex -19.2074 -6.32352 18.8
      vertex -19.2074 -6.32352 19.8
    endloop
  endfacet
  facet normal 0.947038 0.321123 0
    outer loop
      vertex -19.2074 -6.32352 18.8
      vertex -19.1549 -6.47835 19.8
      vertex -19.1549 -6.47835 18.8
    endloop
  endfacet
  facet normal 0.997857 0.0654392 0
    outer loop
      vertex -19.2393 -6.16316 19.8
      vertex -19.25 -6 18.8
      vertex -19.25 -6 19.8
    endloop
  endfacet
  facet normal 0.997857 0.0654392 0
    outer loop
      vertex -19.25 -6 18.8
      vertex -19.2393 -6.16316 19.8
      vertex -19.2393 -6.16316 18.8
    endloop
  endfacet
  facet normal 0.555434 -0.831561 0
    outer loop
      vertex -18.761 -5.00831 18.8
      vertex -18.625 -4.91747 19.8
      vertex -18.761 -5.00831 19.8
    endloop
  endfacet
  facet normal 0.555434 -0.831561 0
    outer loop
      vertex -18.625 -4.91747 19.8
      vertex -18.761 -5.00831 18.8
      vertex -18.625 -4.91747 18.8
    endloop
  endfacet
  facet normal -0.195175 0.980768 0
    outer loop
      vertex -17.6765 -7.20741 18.8
      vertex -17.8368 -7.23931 19.8
      vertex -17.6765 -7.20741 19.8
    endloop
  endfacet
  facet normal -0.195175 0.980768 0
    outer loop
      vertex -17.8368 -7.23931 19.8
      vertex -17.6765 -7.20741 18.8
      vertex -17.8368 -7.23931 18.8
    endloop
  endfacet
  facet normal -0.947038 0.321123 0
    outer loop
      vertex -16.8451 -6.47835 18.8
      vertex -16.7926 -6.32352 19.8
      vertex -16.7926 -6.32352 18.8
    endloop
  endfacet
  facet normal -0.947038 0.321123 0
    outer loop
      vertex -16.7926 -6.32352 19.8
      vertex -16.8451 -6.47835 18.8
      vertex -16.8451 -6.47835 19.8
    endloop
  endfacet
  facet normal 0.980782 0.195105 0
    outer loop
      vertex -19.2074 -6.32352 19.8
      vertex -19.2393 -6.16316 18.8
      vertex -19.2393 -6.16316 19.8
    endloop
  endfacet
  facet normal 0.980782 0.195105 0
    outer loop
      vertex -19.2393 -6.16316 18.8
      vertex -19.2074 -6.32352 19.8
      vertex -19.2074 -6.32352 18.8
    endloop
  endfacet
  facet normal -0.997856 -0.0654404 0
    outer loop
      vertex -16.75 0 18.8
      vertex -16.7607 0.163157 19.8
      vertex -16.7607 0.163157 18.8
    endloop
  endfacet
  facet normal -0.997856 -0.0654404 0
    outer loop
      vertex -16.7607 0.163157 19.8
      vertex -16.75 0 18.8
      vertex -16.75 0 19.8
    endloop
  endfacet
  facet normal 0.997856 -0.0654404 0
    outer loop
      vertex -19.25 0 19.8
      vertex -19.2393 0.163157 18.8
      vertex -19.2393 0.163157 19.8
    endloop
  endfacet
  facet normal 0.997856 -0.0654404 0
    outer loop
      vertex -19.2393 0.163157 18.8
      vertex -19.25 0 19.8
      vertex -19.25 0 18.8
    endloop
  endfacet
  facet normal -0.0653624 -0.997862 0
    outer loop
      vertex -18 1.25 18.8
      vertex -17.8368 1.23931 19.8
      vertex -18 1.25 19.8
    endloop
  endfacet
  facet normal -0.0653624 -0.997862 -0
    outer loop
      vertex -17.8368 1.23931 19.8
      vertex -18 1.25 18.8
      vertex -17.8368 1.23931 18.8
    endloop
  endfacet
  facet normal 0.0653624 0.997862 -0
    outer loop
      vertex -18 -1.25 18.8
      vertex -18.1632 -1.23931 19.8
      vertex -18 -1.25 19.8
    endloop
  endfacet
  facet normal 0.0653624 0.997862 0
    outer loop
      vertex -18.1632 -1.23931 19.8
      vertex -18 -1.25 18.8
      vertex -18.1632 -1.23931 18.8
    endloop
  endfacet
  facet normal -0.751865 -0.659317 0
    outer loop
      vertex -17.0083 0.760951 18.8
      vertex -17.1161 0.883883 19.8
      vertex -17.1161 0.883883 18.8
    endloop
  endfacet
  facet normal -0.751865 -0.659317 0
    outer loop
      vertex -17.1161 0.883883 19.8
      vertex -17.0083 0.760951 18.8
      vertex -17.0083 0.760951 19.8
    endloop
  endfacet
  facet normal 0.659445 -0.751753 0
    outer loop
      vertex -18.8839 0.883883 18.8
      vertex -18.761 0.991692 19.8
      vertex -18.8839 0.883883 19.8
    endloop
  endfacet
  facet normal 0.659445 -0.751753 0
    outer loop
      vertex -18.761 0.991692 19.8
      vertex -18.8839 0.883883 18.8
      vertex -18.761 0.991692 18.8
    endloop
  endfacet
  facet normal 0.321322 -0.94697 0
    outer loop
      vertex -18.4784 1.15485 18.8
      vertex -18.3235 1.20741 19.8
      vertex -18.4784 1.15485 19.8
    endloop
  endfacet
  facet normal 0.321322 -0.94697 0
    outer loop
      vertex -18.3235 1.20741 19.8
      vertex -18.4784 1.15485 18.8
      vertex -18.3235 1.20741 18.8
    endloop
  endfacet
  facet normal -0.947038 -0.321123 0
    outer loop
      vertex -16.7926 0.323524 18.8
      vertex -16.8451 0.478354 19.8
      vertex -16.8451 0.478354 18.8
    endloop
  endfacet
  facet normal -0.947038 -0.321123 0
    outer loop
      vertex -16.8451 0.478354 19.8
      vertex -16.7926 0.323524 18.8
      vertex -16.7926 0.323524 19.8
    endloop
  endfacet
  facet normal -0.980784 -0.195096 0
    outer loop
      vertex -16.7607 0.163157 18.8
      vertex -16.7926 0.323524 19.8
      vertex -16.7926 0.323524 18.8
    endloop
  endfacet
  facet normal -0.980784 -0.195096 0
    outer loop
      vertex -16.7926 0.323524 19.8
      vertex -16.7607 0.163157 18.8
      vertex -16.7607 0.163157 19.8
    endloop
  endfacet
  facet normal -0.896673 -0.442693 0
    outer loop
      vertex -16.8451 0.478354 18.8
      vertex -16.9175 0.625 19.8
      vertex -16.9175 0.625 18.8
    endloop
  endfacet
  facet normal -0.896673 -0.442693 0
    outer loop
      vertex -16.9175 0.625 19.8
      vertex -16.8451 0.478354 18.8
      vertex -16.8451 0.478354 19.8
    endloop
  endfacet
  facet normal -0.442411 -0.896812 0
    outer loop
      vertex -17.5216 1.15485 18.8
      vertex -17.375 1.08253 19.8
      vertex -17.5216 1.15485 19.8
    endloop
  endfacet
  facet normal -0.442411 -0.896812 -0
    outer loop
      vertex -17.375 1.08253 19.8
      vertex -17.5216 1.15485 18.8
      vertex -17.375 1.08253 18.8
    endloop
  endfacet
  facet normal -0.321322 -0.94697 0
    outer loop
      vertex -17.6765 1.20741 18.8
      vertex -17.5216 1.15485 19.8
      vertex -17.6765 1.20741 19.8
    endloop
  endfacet
  facet normal -0.321322 -0.94697 -0
    outer loop
      vertex -17.5216 1.15485 19.8
      vertex -17.6765 1.20741 18.8
      vertex -17.5216 1.15485 18.8
    endloop
  endfacet
  facet normal -0.659445 -0.751753 0
    outer loop
      vertex -17.239 0.991692 18.8
      vertex -17.1161 0.883883 19.8
      vertex -17.239 0.991692 19.8
    endloop
  endfacet
  facet normal -0.659445 -0.751753 -0
    outer loop
      vertex -17.1161 0.883883 19.8
      vertex -17.239 0.991692 18.8
      vertex -17.1161 0.883883 18.8
    endloop
  endfacet
  facet normal 0.896673 -0.442693 0
    outer loop
      vertex -19.1549 0.478354 19.8
      vertex -19.0825 0.625 18.8
      vertex -19.0825 0.625 19.8
    endloop
  endfacet
  facet normal 0.896673 -0.442693 0
    outer loop
      vertex -19.0825 0.625 18.8
      vertex -19.1549 0.478354 19.8
      vertex -19.1549 0.478354 18.8
    endloop
  endfacet
  facet normal 0.831581 -0.555403 0
    outer loop
      vertex -19.0825 0.625 19.8
      vertex -18.9917 0.760951 18.8
      vertex -18.9917 0.760951 19.8
    endloop
  endfacet
  facet normal 0.831581 -0.555403 0
    outer loop
      vertex -18.9917 0.760951 18.8
      vertex -19.0825 0.625 19.8
      vertex -19.0825 0.625 18.8
    endloop
  endfacet
  facet normal 0.947038 -0.321123 0
    outer loop
      vertex -19.2074 0.323524 19.8
      vertex -19.1549 0.478354 18.8
      vertex -19.1549 0.478354 19.8
    endloop
  endfacet
  facet normal 0.947038 -0.321123 0
    outer loop
      vertex -19.1549 0.478354 18.8
      vertex -19.2074 0.323524 19.8
      vertex -19.2074 0.323524 18.8
    endloop
  endfacet
  facet normal 0.442411 -0.896812 0
    outer loop
      vertex -18.625 1.08253 18.8
      vertex -18.4784 1.15485 19.8
      vertex -18.625 1.08253 19.8
    endloop
  endfacet
  facet normal 0.442411 -0.896812 0
    outer loop
      vertex -18.4784 1.15485 19.8
      vertex -18.625 1.08253 18.8
      vertex -18.4784 1.15485 18.8
    endloop
  endfacet
  facet normal 0.195175 -0.980768 0
    outer loop
      vertex -18.3235 1.20741 18.8
      vertex -18.1632 1.23931 19.8
      vertex -18.3235 1.20741 19.8
    endloop
  endfacet
  facet normal 0.195175 -0.980768 0
    outer loop
      vertex -18.1632 1.23931 19.8
      vertex -18.3235 1.20741 18.8
      vertex -18.1632 1.23931 18.8
    endloop
  endfacet
  facet normal -0.896673 0.442693 0
    outer loop
      vertex -16.9175 -0.625 18.8
      vertex -16.8451 -0.478354 19.8
      vertex -16.8451 -0.478354 18.8
    endloop
  endfacet
  facet normal -0.896673 0.442693 0
    outer loop
      vertex -16.8451 -0.478354 19.8
      vertex -16.9175 -0.625 18.8
      vertex -16.9175 -0.625 19.8
    endloop
  endfacet
  facet normal -0.980784 0.195096 0
    outer loop
      vertex -16.7926 -0.323524 18.8
      vertex -16.7607 -0.163157 19.8
      vertex -16.7607 -0.163157 18.8
    endloop
  endfacet
  facet normal -0.980784 0.195096 0
    outer loop
      vertex -16.7607 -0.163157 19.8
      vertex -16.7926 -0.323524 18.8
      vertex -16.7926 -0.323524 19.8
    endloop
  endfacet
  facet normal 0.442411 0.896812 -0
    outer loop
      vertex -18.4784 -1.15485 18.8
      vertex -18.625 -1.08253 19.8
      vertex -18.4784 -1.15485 19.8
    endloop
  endfacet
  facet normal 0.442411 0.896812 0
    outer loop
      vertex -18.625 -1.08253 19.8
      vertex -18.4784 -1.15485 18.8
      vertex -18.625 -1.08253 18.8
    endloop
  endfacet
  facet normal 0.321322 0.94697 -0
    outer loop
      vertex -18.3235 -1.20741 18.8
      vertex -18.4784 -1.15485 19.8
      vertex -18.3235 -1.20741 19.8
    endloop
  endfacet
  facet normal 0.321322 0.94697 0
    outer loop
      vertex -18.4784 -1.15485 19.8
      vertex -18.3235 -1.20741 18.8
      vertex -18.4784 -1.15485 18.8
    endloop
  endfacet
  facet normal 0.896673 0.442693 0
    outer loop
      vertex -19.0825 -0.625 19.8
      vertex -19.1549 -0.478354 18.8
      vertex -19.1549 -0.478354 19.8
    endloop
  endfacet
  facet normal 0.896673 0.442693 0
    outer loop
      vertex -19.1549 -0.478354 18.8
      vertex -19.0825 -0.625 19.8
      vertex -19.0825 -0.625 18.8
    endloop
  endfacet
  facet normal 0.831581 0.555403 0
    outer loop
      vertex -18.9917 -0.760951 19.8
      vertex -19.0825 -0.625 18.8
      vertex -19.0825 -0.625 19.8
    endloop
  endfacet
  facet normal 0.831581 0.555403 0
    outer loop
      vertex -19.0825 -0.625 18.8
      vertex -18.9917 -0.760951 19.8
      vertex -18.9917 -0.760951 18.8
    endloop
  endfacet
  facet normal -0.195175 -0.980768 0
    outer loop
      vertex -17.8368 1.23931 18.8
      vertex -17.6765 1.20741 19.8
      vertex -17.8368 1.23931 19.8
    endloop
  endfacet
  facet normal -0.195175 -0.980768 -0
    outer loop
      vertex -17.6765 1.20741 19.8
      vertex -17.8368 1.23931 18.8
      vertex -17.6765 1.20741 18.8
    endloop
  endfacet
  facet normal 0.751865 -0.659317 0
    outer loop
      vertex -18.9917 0.760951 19.8
      vertex -18.8839 0.883883 18.8
      vertex -18.8839 0.883883 19.8
    endloop
  endfacet
  facet normal 0.751865 -0.659317 0
    outer loop
      vertex -18.8839 0.883883 18.8
      vertex -18.9917 0.760951 19.8
      vertex -18.9917 0.760951 18.8
    endloop
  endfacet
  facet normal 0.980784 -0.195096 0
    outer loop
      vertex -19.2393 0.163157 19.8
      vertex -19.2074 0.323524 18.8
      vertex -19.2074 0.323524 19.8
    endloop
  endfacet
  facet normal 0.980784 -0.195096 0
    outer loop
      vertex -19.2074 0.323524 18.8
      vertex -19.2393 0.163157 19.8
      vertex -19.2393 0.163157 18.8
    endloop
  endfacet
  facet normal 0.0653624 -0.997862 0
    outer loop
      vertex -18.1632 1.23931 18.8
      vertex -18 1.25 19.8
      vertex -18.1632 1.23931 19.8
    endloop
  endfacet
  facet normal 0.0653624 -0.997862 0
    outer loop
      vertex -18 1.25 19.8
      vertex -18.1632 1.23931 18.8
      vertex -18 1.25 18.8
    endloop
  endfacet
  facet normal -0.997856 0.0654404 0
    outer loop
      vertex -16.7607 -0.163157 18.8
      vertex -16.75 0 19.8
      vertex -16.75 0 18.8
    endloop
  endfacet
  facet normal -0.997856 0.0654404 0
    outer loop
      vertex -16.75 0 19.8
      vertex -16.7607 -0.163157 18.8
      vertex -16.7607 -0.163157 19.8
    endloop
  endfacet
  facet normal -0.0653624 0.997862 0
    outer loop
      vertex -17.8368 -1.23931 18.8
      vertex -18 -1.25 19.8
      vertex -17.8368 -1.23931 19.8
    endloop
  endfacet
  facet normal -0.0653624 0.997862 0
    outer loop
      vertex -18 -1.25 19.8
      vertex -17.8368 -1.23931 18.8
      vertex -18 -1.25 18.8
    endloop
  endfacet
  facet normal -0.321322 0.94697 0
    outer loop
      vertex -17.5216 -1.15485 18.8
      vertex -17.6765 -1.20741 19.8
      vertex -17.5216 -1.15485 19.8
    endloop
  endfacet
  facet normal -0.321322 0.94697 0
    outer loop
      vertex -17.6765 -1.20741 19.8
      vertex -17.5216 -1.15485 18.8
      vertex -17.6765 -1.20741 18.8
    endloop
  endfacet
  facet normal -0.442411 0.896812 0
    outer loop
      vertex -17.375 -1.08253 18.8
      vertex -17.5216 -1.15485 19.8
      vertex -17.375 -1.08253 19.8
    endloop
  endfacet
  facet normal -0.442411 0.896812 0
    outer loop
      vertex -17.5216 -1.15485 19.8
      vertex -17.375 -1.08253 18.8
      vertex -17.5216 -1.15485 18.8
    endloop
  endfacet
  facet normal -0.659445 0.751753 0
    outer loop
      vertex -17.1161 -0.883883 18.8
      vertex -17.239 -0.991692 19.8
      vertex -17.1161 -0.883883 19.8
    endloop
  endfacet
  facet normal -0.659445 0.751753 0
    outer loop
      vertex -17.239 -0.991692 19.8
      vertex -17.1161 -0.883883 18.8
      vertex -17.239 -0.991692 18.8
    endloop
  endfacet
  facet normal -0.555425 0.831566 0
    outer loop
      vertex -17.239 -0.991692 18.8
      vertex -17.375 -1.08253 19.8
      vertex -17.239 -0.991692 19.8
    endloop
  endfacet
  facet normal -0.555425 0.831566 0
    outer loop
      vertex -17.375 -1.08253 19.8
      vertex -17.239 -0.991692 18.8
      vertex -17.375 -1.08253 18.8
    endloop
  endfacet
  facet normal -0.751865 0.659317 0
    outer loop
      vertex -17.1161 -0.883883 18.8
      vertex -17.0083 -0.760951 19.8
      vertex -17.0083 -0.760951 18.8
    endloop
  endfacet
  facet normal -0.751865 0.659317 0
    outer loop
      vertex -17.0083 -0.760951 19.8
      vertex -17.1161 -0.883883 18.8
      vertex -17.1161 -0.883883 19.8
    endloop
  endfacet
  facet normal -0.831581 0.555403 0
    outer loop
      vertex -17.0083 -0.760951 18.8
      vertex -16.9175 -0.625 19.8
      vertex -16.9175 -0.625 18.8
    endloop
  endfacet
  facet normal -0.831581 0.555403 0
    outer loop
      vertex -16.9175 -0.625 19.8
      vertex -17.0083 -0.760951 18.8
      vertex -17.0083 -0.760951 19.8
    endloop
  endfacet
  facet normal 0.659445 0.751753 -0
    outer loop
      vertex -18.761 -0.991692 18.8
      vertex -18.8839 -0.883883 19.8
      vertex -18.761 -0.991692 19.8
    endloop
  endfacet
  facet normal 0.659445 0.751753 0
    outer loop
      vertex -18.8839 -0.883883 19.8
      vertex -18.761 -0.991692 18.8
      vertex -18.8839 -0.883883 18.8
    endloop
  endfacet
  facet normal 0.555425 0.831566 -0
    outer loop
      vertex -18.625 -1.08253 18.8
      vertex -18.761 -0.991692 19.8
      vertex -18.625 -1.08253 19.8
    endloop
  endfacet
  facet normal 0.555425 0.831566 0
    outer loop
      vertex -18.761 -0.991692 19.8
      vertex -18.625 -1.08253 18.8
      vertex -18.761 -0.991692 18.8
    endloop
  endfacet
  facet normal 0.195175 0.980768 -0
    outer loop
      vertex -18.1632 -1.23931 18.8
      vertex -18.3235 -1.20741 19.8
      vertex -18.1632 -1.23931 19.8
    endloop
  endfacet
  facet normal 0.195175 0.980768 0
    outer loop
      vertex -18.3235 -1.20741 19.8
      vertex -18.1632 -1.23931 18.8
      vertex -18.3235 -1.20741 18.8
    endloop
  endfacet
  facet normal 0.751865 0.659317 0
    outer loop
      vertex -18.8839 -0.883883 19.8
      vertex -18.9917 -0.760951 18.8
      vertex -18.9917 -0.760951 19.8
    endloop
  endfacet
  facet normal 0.751865 0.659317 0
    outer loop
      vertex -18.9917 -0.760951 18.8
      vertex -18.8839 -0.883883 19.8
      vertex -18.8839 -0.883883 18.8
    endloop
  endfacet
  facet normal 0.947038 0.321123 0
    outer loop
      vertex -19.1549 -0.478354 19.8
      vertex -19.2074 -0.323524 18.8
      vertex -19.2074 -0.323524 19.8
    endloop
  endfacet
  facet normal 0.947038 0.321123 0
    outer loop
      vertex -19.2074 -0.323524 18.8
      vertex -19.1549 -0.478354 19.8
      vertex -19.1549 -0.478354 18.8
    endloop
  endfacet
  facet normal 0.997856 0.0654404 0
    outer loop
      vertex -19.2393 -0.163157 19.8
      vertex -19.25 0 18.8
      vertex -19.25 0 19.8
    endloop
  endfacet
  facet normal 0.997856 0.0654404 0
    outer loop
      vertex -19.25 0 18.8
      vertex -19.2393 -0.163157 19.8
      vertex -19.2393 -0.163157 18.8
    endloop
  endfacet
  facet normal -0.831581 -0.555403 0
    outer loop
      vertex -16.9175 0.625 18.8
      vertex -17.0083 0.760951 19.8
      vertex -17.0083 0.760951 18.8
    endloop
  endfacet
  facet normal -0.831581 -0.555403 0
    outer loop
      vertex -17.0083 0.760951 19.8
      vertex -16.9175 0.625 18.8
      vertex -16.9175 0.625 19.8
    endloop
  endfacet
  facet normal -0.555425 -0.831566 0
    outer loop
      vertex -17.375 1.08253 18.8
      vertex -17.239 0.991692 19.8
      vertex -17.375 1.08253 19.8
    endloop
  endfacet
  facet normal -0.555425 -0.831566 -0
    outer loop
      vertex -17.239 0.991692 19.8
      vertex -17.375 1.08253 18.8
      vertex -17.239 0.991692 18.8
    endloop
  endfacet
  facet normal 0.555425 -0.831566 0
    outer loop
      vertex -18.761 0.991692 18.8
      vertex -18.625 1.08253 19.8
      vertex -18.761 0.991692 19.8
    endloop
  endfacet
  facet normal 0.555425 -0.831566 0
    outer loop
      vertex -18.625 1.08253 19.8
      vertex -18.761 0.991692 18.8
      vertex -18.625 1.08253 18.8
    endloop
  endfacet
  facet normal -0.195175 0.980768 0
    outer loop
      vertex -17.6765 -1.20741 18.8
      vertex -17.8368 -1.23931 19.8
      vertex -17.6765 -1.20741 19.8
    endloop
  endfacet
  facet normal -0.195175 0.980768 0
    outer loop
      vertex -17.8368 -1.23931 19.8
      vertex -17.6765 -1.20741 18.8
      vertex -17.8368 -1.23931 18.8
    endloop
  endfacet
  facet normal -0.947038 0.321123 0
    outer loop
      vertex -16.8451 -0.478354 18.8
      vertex -16.7926 -0.323524 19.8
      vertex -16.7926 -0.323524 18.8
    endloop
  endfacet
  facet normal -0.947038 0.321123 0
    outer loop
      vertex -16.7926 -0.323524 19.8
      vertex -16.8451 -0.478354 18.8
      vertex -16.8451 -0.478354 19.8
    endloop
  endfacet
  facet normal 0.980784 0.195096 0
    outer loop
      vertex -19.2074 -0.323524 19.8
      vertex -19.2393 -0.163157 18.8
      vertex -19.2393 -0.163157 19.8
    endloop
  endfacet
  facet normal 0.980784 0.195096 0
    outer loop
      vertex -19.2393 -0.163157 18.8
      vertex -19.2074 -0.323524 19.8
      vertex -19.2074 -0.323524 18.8
    endloop
  endfacet
  facet normal -0.997857 -0.0654392 0
    outer loop
      vertex -16.75 6 18.8
      vertex -16.7607 6.16316 19.8
      vertex -16.7607 6.16316 18.8
    endloop
  endfacet
  facet normal -0.997857 -0.0654392 0
    outer loop
      vertex -16.7607 6.16316 19.8
      vertex -16.75 6 18.8
      vertex -16.75 6 19.8
    endloop
  endfacet
  facet normal 0.997857 -0.0654392 0
    outer loop
      vertex -19.25 6 19.8
      vertex -19.2393 6.16316 18.8
      vertex -19.2393 6.16316 19.8
    endloop
  endfacet
  facet normal 0.997857 -0.0654392 0
    outer loop
      vertex -19.2393 6.16316 18.8
      vertex -19.25 6 19.8
      vertex -19.25 6 18.8
    endloop
  endfacet
  facet normal -0.0653624 -0.997862 0
    outer loop
      vertex -18 7.25 18.8
      vertex -17.8368 7.23931 19.8
      vertex -18 7.25 19.8
    endloop
  endfacet
  facet normal -0.0653624 -0.997862 -0
    outer loop
      vertex -17.8368 7.23931 19.8
      vertex -18 7.25 18.8
      vertex -17.8368 7.23931 18.8
    endloop
  endfacet
  facet normal -0.0653624 0.997862 0
    outer loop
      vertex -17.8368 4.76069 18.8
      vertex -18 4.75 19.8
      vertex -17.8368 4.76069 19.8
    endloop
  endfacet
  facet normal -0.0653624 0.997862 0
    outer loop
      vertex -18 4.75 19.8
      vertex -17.8368 4.76069 18.8
      vertex -18 4.75 18.8
    endloop
  endfacet
  facet normal -0.75186 -0.659323 0
    outer loop
      vertex -17.0083 6.76095 18.8
      vertex -17.1161 6.88388 19.8
      vertex -17.1161 6.88388 18.8
    endloop
  endfacet
  facet normal -0.75186 -0.659323 0
    outer loop
      vertex -17.1161 6.88388 19.8
      vertex -17.0083 6.76095 18.8
      vertex -17.0083 6.76095 19.8
    endloop
  endfacet
  facet normal 0.659448 -0.75175 0
    outer loop
      vertex -18.8839 6.88388 18.8
      vertex -18.761 6.99169 19.8
      vertex -18.8839 6.88388 19.8
    endloop
  endfacet
  facet normal 0.659448 -0.75175 0
    outer loop
      vertex -18.761 6.99169 19.8
      vertex -18.8839 6.88388 18.8
      vertex -18.761 6.99169 18.8
    endloop
  endfacet
  facet normal 0.321322 -0.94697 0
    outer loop
      vertex -18.4784 7.15485 18.8
      vertex -18.3235 7.20741 19.8
      vertex -18.4784 7.15485 19.8
    endloop
  endfacet
  facet normal 0.321322 -0.94697 0
    outer loop
      vertex -18.3235 7.20741 19.8
      vertex -18.4784 7.15485 18.8
      vertex -18.3235 7.20741 18.8
    endloop
  endfacet
  facet normal -0.947038 -0.321123 0
    outer loop
      vertex -16.7926 6.32352 18.8
      vertex -16.8451 6.47835 19.8
      vertex -16.8451 6.47835 18.8
    endloop
  endfacet
  facet normal -0.947038 -0.321123 0
    outer loop
      vertex -16.8451 6.47835 19.8
      vertex -16.7926 6.32352 18.8
      vertex -16.7926 6.32352 19.8
    endloop
  endfacet
  facet normal -0.980782 -0.195105 0
    outer loop
      vertex -16.7607 6.16316 18.8
      vertex -16.7926 6.32352 19.8
      vertex -16.7926 6.32352 18.8
    endloop
  endfacet
  facet normal -0.980782 -0.195105 0
    outer loop
      vertex -16.7926 6.32352 19.8
      vertex -16.7607 6.16316 18.8
      vertex -16.7607 6.16316 19.8
    endloop
  endfacet
  facet normal -0.896678 -0.442683 0
    outer loop
      vertex -16.8451 6.47835 18.8
      vertex -16.9175 6.625 19.8
      vertex -16.9175 6.625 18.8
    endloop
  endfacet
  facet normal -0.896678 -0.442683 0
    outer loop
      vertex -16.9175 6.625 19.8
      vertex -16.8451 6.47835 18.8
      vertex -16.8451 6.47835 19.8
    endloop
  endfacet
  facet normal -0.442411 -0.896812 0
    outer loop
      vertex -17.5216 7.15485 18.8
      vertex -17.375 7.08253 19.8
      vertex -17.5216 7.15485 19.8
    endloop
  endfacet
  facet normal -0.442411 -0.896812 -0
    outer loop
      vertex -17.375 7.08253 19.8
      vertex -17.5216 7.15485 18.8
      vertex -17.375 7.08253 18.8
    endloop
  endfacet
  facet normal -0.321322 -0.94697 0
    outer loop
      vertex -17.6765 7.20741 18.8
      vertex -17.5216 7.15485 19.8
      vertex -17.6765 7.20741 19.8
    endloop
  endfacet
  facet normal -0.321322 -0.94697 -0
    outer loop
      vertex -17.5216 7.15485 19.8
      vertex -17.6765 7.20741 18.8
      vertex -17.5216 7.15485 18.8
    endloop
  endfacet
  facet normal -0.659448 -0.75175 0
    outer loop
      vertex -17.239 6.99169 18.8
      vertex -17.1161 6.88388 19.8
      vertex -17.239 6.99169 19.8
    endloop
  endfacet
  facet normal -0.659448 -0.75175 -0
    outer loop
      vertex -17.1161 6.88388 19.8
      vertex -17.239 6.99169 18.8
      vertex -17.1161 6.88388 18.8
    endloop
  endfacet
  facet normal 0.896678 -0.442683 0
    outer loop
      vertex -19.1549 6.47835 19.8
      vertex -19.0825 6.625 18.8
      vertex -19.0825 6.625 19.8
    endloop
  endfacet
  facet normal 0.896678 -0.442683 0
    outer loop
      vertex -19.0825 6.625 18.8
      vertex -19.1549 6.47835 19.8
      vertex -19.1549 6.47835 18.8
    endloop
  endfacet
  facet normal 0.947038 -0.321123 0
    outer loop
      vertex -19.2074 6.32352 19.8
      vertex -19.1549 6.47835 18.8
      vertex -19.1549 6.47835 19.8
    endloop
  endfacet
  facet normal 0.947038 -0.321123 0
    outer loop
      vertex -19.1549 6.47835 18.8
      vertex -19.2074 6.32352 19.8
      vertex -19.2074 6.32352 18.8
    endloop
  endfacet
  facet normal 0.442411 -0.896812 0
    outer loop
      vertex -18.625 7.08253 18.8
      vertex -18.4784 7.15485 19.8
      vertex -18.625 7.08253 19.8
    endloop
  endfacet
  facet normal 0.442411 -0.896812 0
    outer loop
      vertex -18.4784 7.15485 19.8
      vertex -18.625 7.08253 18.8
      vertex -18.4784 7.15485 18.8
    endloop
  endfacet
  facet normal 0.195175 -0.980768 0
    outer loop
      vertex -18.3235 7.20741 18.8
      vertex -18.1632 7.23931 19.8
      vertex -18.3235 7.20741 19.8
    endloop
  endfacet
  facet normal 0.195175 -0.980768 0
    outer loop
      vertex -18.1632 7.23931 19.8
      vertex -18.3235 7.20741 18.8
      vertex -18.1632 7.23931 18.8
    endloop
  endfacet
  facet normal -0.980782 0.195105 0
    outer loop
      vertex -16.7926 5.67648 18.8
      vertex -16.7607 5.83684 19.8
      vertex -16.7607 5.83684 18.8
    endloop
  endfacet
  facet normal -0.980782 0.195105 0
    outer loop
      vertex -16.7607 5.83684 19.8
      vertex -16.7926 5.67648 18.8
      vertex -16.7926 5.67648 19.8
    endloop
  endfacet
  facet normal -0.195175 0.980768 0
    outer loop
      vertex -17.6765 4.79259 18.8
      vertex -17.8368 4.76069 19.8
      vertex -17.6765 4.79259 19.8
    endloop
  endfacet
  facet normal -0.195175 0.980768 0
    outer loop
      vertex -17.8368 4.76069 19.8
      vertex -17.6765 4.79259 18.8
      vertex -17.8368 4.76069 18.8
    endloop
  endfacet
  facet normal -0.442411 0.896812 0
    outer loop
      vertex -17.375 4.91747 18.8
      vertex -17.5216 4.84515 19.8
      vertex -17.375 4.91747 19.8
    endloop
  endfacet
  facet normal -0.442411 0.896812 0
    outer loop
      vertex -17.5216 4.84515 19.8
      vertex -17.375 4.91747 18.8
      vertex -17.5216 4.84515 18.8
    endloop
  endfacet
  facet normal -0.831579 -0.555406 0
    outer loop
      vertex -16.9175 6.625 18.8
      vertex -17.0083 6.76095 19.8
      vertex -17.0083 6.76095 18.8
    endloop
  endfacet
  facet normal -0.831579 -0.555406 0
    outer loop
      vertex -17.0083 6.76095 19.8
      vertex -16.9175 6.625 18.8
      vertex -16.9175 6.625 19.8
    endloop
  endfacet
  facet normal -0.195175 -0.980768 0
    outer loop
      vertex -17.8368 7.23931 18.8
      vertex -17.6765 7.20741 19.8
      vertex -17.8368 7.23931 19.8
    endloop
  endfacet
  facet normal -0.195175 -0.980768 -0
    outer loop
      vertex -17.6765 7.20741 19.8
      vertex -17.8368 7.23931 18.8
      vertex -17.6765 7.20741 18.8
    endloop
  endfacet
  facet normal -0.555434 -0.831561 0
    outer loop
      vertex -17.375 7.08253 18.8
      vertex -17.239 6.99169 19.8
      vertex -17.375 7.08253 19.8
    endloop
  endfacet
  facet normal -0.555434 -0.831561 -0
    outer loop
      vertex -17.239 6.99169 19.8
      vertex -17.375 7.08253 18.8
      vertex -17.239 6.99169 18.8
    endloop
  endfacet
  facet normal 0.831579 -0.555406 0
    outer loop
      vertex -19.0825 6.625 19.8
      vertex -18.9917 6.76095 18.8
      vertex -18.9917 6.76095 19.8
    endloop
  endfacet
  facet normal 0.831579 -0.555406 0
    outer loop
      vertex -18.9917 6.76095 18.8
      vertex -19.0825 6.625 19.8
      vertex -19.0825 6.625 18.8
    endloop
  endfacet
  facet normal 0.75186 -0.659323 0
    outer loop
      vertex -18.9917 6.76095 19.8
      vertex -18.8839 6.88388 18.8
      vertex -18.8839 6.88388 19.8
    endloop
  endfacet
  facet normal 0.75186 -0.659323 0
    outer loop
      vertex -18.8839 6.88388 18.8
      vertex -18.9917 6.76095 19.8
      vertex -18.9917 6.76095 18.8
    endloop
  endfacet
  facet normal 0.980782 -0.195105 0
    outer loop
      vertex -19.2393 6.16316 19.8
      vertex -19.2074 6.32352 18.8
      vertex -19.2074 6.32352 19.8
    endloop
  endfacet
  facet normal 0.980782 -0.195105 0
    outer loop
      vertex -19.2074 6.32352 18.8
      vertex -19.2393 6.16316 19.8
      vertex -19.2393 6.16316 18.8
    endloop
  endfacet
  facet normal 0.555434 -0.831561 0
    outer loop
      vertex -18.761 6.99169 18.8
      vertex -18.625 7.08253 19.8
      vertex -18.761 6.99169 19.8
    endloop
  endfacet
  facet normal 0.555434 -0.831561 0
    outer loop
      vertex -18.625 7.08253 19.8
      vertex -18.761 6.99169 18.8
      vertex -18.625 7.08253 18.8
    endloop
  endfacet
  facet normal 0.0653624 -0.997862 0
    outer loop
      vertex -18.1632 7.23931 18.8
      vertex -18 7.25 19.8
      vertex -18.1632 7.23931 19.8
    endloop
  endfacet
  facet normal 0.0653624 -0.997862 0
    outer loop
      vertex -18 7.25 19.8
      vertex -18.1632 7.23931 18.8
      vertex -18 7.25 18.8
    endloop
  endfacet
  facet normal -0.997857 0.0654392 0
    outer loop
      vertex -16.7607 5.83684 18.8
      vertex -16.75 6 19.8
      vertex -16.75 6 18.8
    endloop
  endfacet
  facet normal -0.997857 0.0654392 0
    outer loop
      vertex -16.75 6 19.8
      vertex -16.7607 5.83684 18.8
      vertex -16.7607 5.83684 19.8
    endloop
  endfacet
  facet normal -0.75186 0.659323 0
    outer loop
      vertex -17.1161 5.11612 18.8
      vertex -17.0083 5.23905 19.8
      vertex -17.0083 5.23905 18.8
    endloop
  endfacet
  facet normal -0.75186 0.659323 0
    outer loop
      vertex -17.0083 5.23905 19.8
      vertex -17.1161 5.11612 18.8
      vertex -17.1161 5.11612 19.8
    endloop
  endfacet
  facet normal -0.947038 0.321123 0
    outer loop
      vertex -16.8451 5.52165 18.8
      vertex -16.7926 5.67648 19.8
      vertex -16.7926 5.67648 18.8
    endloop
  endfacet
  facet normal -0.947038 0.321123 0
    outer loop
      vertex -16.7926 5.67648 19.8
      vertex -16.8451 5.52165 18.8
      vertex -16.8451 5.52165 19.8
    endloop
  endfacet
  facet normal 0.75186 0.659323 0
    outer loop
      vertex -18.8839 5.11612 19.8
      vertex -18.9917 5.23905 18.8
      vertex -18.9917 5.23905 19.8
    endloop
  endfacet
  facet normal 0.75186 0.659323 0
    outer loop
      vertex -18.9917 5.23905 18.8
      vertex -18.8839 5.11612 19.8
      vertex -18.8839 5.11612 18.8
    endloop
  endfacet
  facet normal -0.831579 0.555406 0
    outer loop
      vertex -17.0083 5.23905 18.8
      vertex -16.9175 5.375 19.8
      vertex -16.9175 5.375 18.8
    endloop
  endfacet
  facet normal -0.831579 0.555406 0
    outer loop
      vertex -16.9175 5.375 19.8
      vertex -17.0083 5.23905 18.8
      vertex -17.0083 5.23905 19.8
    endloop
  endfacet
  facet normal 0.195175 0.980768 -0
    outer loop
      vertex -18.1632 4.76069 18.8
      vertex -18.3235 4.79259 19.8
      vertex -18.1632 4.76069 19.8
    endloop
  endfacet
  facet normal 0.195175 0.980768 0
    outer loop
      vertex -18.3235 4.79259 19.8
      vertex -18.1632 4.76069 18.8
      vertex -18.3235 4.79259 18.8
    endloop
  endfacet
  facet normal 0.947038 0.321123 0
    outer loop
      vertex -19.1549 5.52165 19.8
      vertex -19.2074 5.67648 18.8
      vertex -19.2074 5.67648 19.8
    endloop
  endfacet
  facet normal 0.947038 0.321123 0
    outer loop
      vertex -19.2074 5.67648 18.8
      vertex -19.1549 5.52165 19.8
      vertex -19.1549 5.52165 18.8
    endloop
  endfacet
  facet normal -0.321322 0.94697 0
    outer loop
      vertex -17.5216 4.84515 18.8
      vertex -17.6765 4.79259 19.8
      vertex -17.5216 4.84515 19.8
    endloop
  endfacet
  facet normal -0.321322 0.94697 0
    outer loop
      vertex -17.6765 4.79259 19.8
      vertex -17.5216 4.84515 18.8
      vertex -17.6765 4.79259 18.8
    endloop
  endfacet
  facet normal -0.659448 0.75175 0
    outer loop
      vertex -17.1161 5.11612 18.8
      vertex -17.239 5.00831 19.8
      vertex -17.1161 5.11612 19.8
    endloop
  endfacet
  facet normal -0.659448 0.75175 0
    outer loop
      vertex -17.239 5.00831 19.8
      vertex -17.1161 5.11612 18.8
      vertex -17.239 5.00831 18.8
    endloop
  endfacet
  facet normal -0.555434 0.831561 0
    outer loop
      vertex -17.239 5.00831 18.8
      vertex -17.375 4.91747 19.8
      vertex -17.239 5.00831 19.8
    endloop
  endfacet
  facet normal -0.555434 0.831561 0
    outer loop
      vertex -17.375 4.91747 19.8
      vertex -17.239 5.00831 18.8
      vertex -17.375 4.91747 18.8
    endloop
  endfacet
  facet normal -0.896678 0.442683 0
    outer loop
      vertex -16.9175 5.375 18.8
      vertex -16.8451 5.52165 19.8
      vertex -16.8451 5.52165 18.8
    endloop
  endfacet
  facet normal -0.896678 0.442683 0
    outer loop
      vertex -16.8451 5.52165 19.8
      vertex -16.9175 5.375 18.8
      vertex -16.9175 5.375 19.8
    endloop
  endfacet
  facet normal 0.0653624 0.997862 -0
    outer loop
      vertex -18 4.75 18.8
      vertex -18.1632 4.76069 19.8
      vertex -18 4.75 19.8
    endloop
  endfacet
  facet normal 0.0653624 0.997862 0
    outer loop
      vertex -18.1632 4.76069 19.8
      vertex -18 4.75 18.8
      vertex -18.1632 4.76069 18.8
    endloop
  endfacet
  facet normal 0.321322 0.94697 -0
    outer loop
      vertex -18.3235 4.79259 18.8
      vertex -18.4784 4.84515 19.8
      vertex -18.3235 4.79259 19.8
    endloop
  endfacet
  facet normal 0.321322 0.94697 0
    outer loop
      vertex -18.4784 4.84515 19.8
      vertex -18.3235 4.79259 18.8
      vertex -18.4784 4.84515 18.8
    endloop
  endfacet
  facet normal 0.831579 0.555406 0
    outer loop
      vertex -18.9917 5.23905 19.8
      vertex -19.0825 5.375 18.8
      vertex -19.0825 5.375 19.8
    endloop
  endfacet
  facet normal 0.831579 0.555406 0
    outer loop
      vertex -19.0825 5.375 18.8
      vertex -18.9917 5.23905 19.8
      vertex -18.9917 5.23905 18.8
    endloop
  endfacet
  facet normal 0.896678 0.442683 0
    outer loop
      vertex -19.0825 5.375 19.8
      vertex -19.1549 5.52165 18.8
      vertex -19.1549 5.52165 19.8
    endloop
  endfacet
  facet normal 0.896678 0.442683 0
    outer loop
      vertex -19.1549 5.52165 18.8
      vertex -19.0825 5.375 19.8
      vertex -19.0825 5.375 18.8
    endloop
  endfacet
  facet normal 0.980782 0.195105 0
    outer loop
      vertex -19.2074 5.67648 19.8
      vertex -19.2393 5.83684 18.8
      vertex -19.2393 5.83684 19.8
    endloop
  endfacet
  facet normal 0.980782 0.195105 0
    outer loop
      vertex -19.2393 5.83684 18.8
      vertex -19.2074 5.67648 19.8
      vertex -19.2074 5.67648 18.8
    endloop
  endfacet
  facet normal 0.997857 0.0654392 0
    outer loop
      vertex -19.2393 5.83684 19.8
      vertex -19.25 6 18.8
      vertex -19.25 6 19.8
    endloop
  endfacet
  facet normal 0.997857 0.0654392 0
    outer loop
      vertex -19.25 6 18.8
      vertex -19.2393 5.83684 19.8
      vertex -19.2393 5.83684 18.8
    endloop
  endfacet
  facet normal 0.442411 0.896812 -0
    outer loop
      vertex -18.4784 4.84515 18.8
      vertex -18.625 4.91747 19.8
      vertex -18.4784 4.84515 19.8
    endloop
  endfacet
  facet normal 0.442411 0.896812 0
    outer loop
      vertex -18.625 4.91747 19.8
      vertex -18.4784 4.84515 18.8
      vertex -18.625 4.91747 18.8
    endloop
  endfacet
  facet normal 0.555434 0.831561 -0
    outer loop
      vertex -18.625 4.91747 18.8
      vertex -18.761 5.00831 19.8
      vertex -18.625 4.91747 19.8
    endloop
  endfacet
  facet normal 0.555434 0.831561 0
    outer loop
      vertex -18.761 5.00831 19.8
      vertex -18.625 4.91747 18.8
      vertex -18.761 5.00831 18.8
    endloop
  endfacet
  facet normal 0.659448 0.75175 -0
    outer loop
      vertex -18.761 5.00831 18.8
      vertex -18.8839 5.11612 19.8
      vertex -18.761 5.00831 19.8
    endloop
  endfacet
  facet normal 0.659448 0.75175 0
    outer loop
      vertex -18.8839 5.11612 19.8
      vertex -18.761 5.00831 18.8
      vertex -18.8839 5.11612 18.8
    endloop
  endfacet
  facet normal -0.997857 -0.0654392 0
    outer loop
      vertex -12.25 -6 18.8
      vertex -12.2607 -5.83684 19.8
      vertex -12.2607 -5.83684 18.8
    endloop
  endfacet
  facet normal -0.997857 -0.0654392 0
    outer loop
      vertex -12.2607 -5.83684 19.8
      vertex -12.25 -6 18.8
      vertex -12.25 -6 19.8
    endloop
  endfacet
  facet normal 0.997857 -0.0654392 0
    outer loop
      vertex -14.75 -6 19.8
      vertex -14.7393 -5.83684 18.8
      vertex -14.7393 -5.83684 19.8
    endloop
  endfacet
  facet normal 0.997857 -0.0654392 0
    outer loop
      vertex -14.7393 -5.83684 18.8
      vertex -14.75 -6 19.8
      vertex -14.75 -6 18.8
    endloop
  endfacet
  facet normal 0.0653624 -0.997862 0
    outer loop
      vertex -13.6632 -4.76069 18.8
      vertex -13.5 -4.75 19.8
      vertex -13.6632 -4.76069 19.8
    endloop
  endfacet
  facet normal 0.0653624 -0.997862 0
    outer loop
      vertex -13.5 -4.75 19.8
      vertex -13.6632 -4.76069 18.8
      vertex -13.5 -4.75 18.8
    endloop
  endfacet
  facet normal 0.75186 0.659323 0
    outer loop
      vertex -14.3839 -6.88388 19.8
      vertex -14.4917 -6.76095 18.8
      vertex -14.4917 -6.76095 19.8
    endloop
  endfacet
  facet normal 0.75186 0.659323 0
    outer loop
      vertex -14.4917 -6.76095 18.8
      vertex -14.3839 -6.88388 19.8
      vertex -14.3839 -6.88388 18.8
    endloop
  endfacet
  facet normal -0.659448 -0.75175 0
    outer loop
      vertex -12.739 -5.00831 18.8
      vertex -12.6161 -5.11612 19.8
      vertex -12.739 -5.00831 19.8
    endloop
  endfacet
  facet normal -0.659448 -0.75175 -0
    outer loop
      vertex -12.6161 -5.11612 19.8
      vertex -12.739 -5.00831 18.8
      vertex -12.6161 -5.11612 18.8
    endloop
  endfacet
  facet normal 0.659448 -0.75175 0
    outer loop
      vertex -14.3839 -5.11612 18.8
      vertex -14.261 -5.00831 19.8
      vertex -14.3839 -5.11612 19.8
    endloop
  endfacet
  facet normal 0.659448 -0.75175 0
    outer loop
      vertex -14.261 -5.00831 19.8
      vertex -14.3839 -5.11612 18.8
      vertex -14.261 -5.00831 18.8
    endloop
  endfacet
  facet normal 0.321322 -0.94697 0
    outer loop
      vertex -13.9784 -4.84515 18.8
      vertex -13.8235 -4.79259 19.8
      vertex -13.9784 -4.84515 19.8
    endloop
  endfacet
  facet normal 0.321322 -0.94697 0
    outer loop
      vertex -13.8235 -4.79259 19.8
      vertex -13.9784 -4.84515 18.8
      vertex -13.8235 -4.79259 18.8
    endloop
  endfacet
  facet normal -0.896678 -0.442683 0
    outer loop
      vertex -12.3451 -5.52165 18.8
      vertex -12.4175 -5.375 19.8
      vertex -12.4175 -5.375 18.8
    endloop
  endfacet
  facet normal -0.896678 -0.442683 0
    outer loop
      vertex -12.4175 -5.375 19.8
      vertex -12.3451 -5.52165 18.8
      vertex -12.3451 -5.52165 19.8
    endloop
  endfacet
  facet normal -0.980782 -0.195105 0
    outer loop
      vertex -12.2607 -5.83684 18.8
      vertex -12.2926 -5.67648 19.8
      vertex -12.2926 -5.67648 18.8
    endloop
  endfacet
  facet normal -0.980782 -0.195105 0
    outer loop
      vertex -12.2926 -5.67648 19.8
      vertex -12.2607 -5.83684 18.8
      vertex -12.2607 -5.83684 19.8
    endloop
  endfacet
  facet normal -0.321322 -0.94697 0
    outer loop
      vertex -13.1765 -4.79259 18.8
      vertex -13.0216 -4.84515 19.8
      vertex -13.1765 -4.79259 19.8
    endloop
  endfacet
  facet normal -0.321322 -0.94697 -0
    outer loop
      vertex -13.0216 -4.84515 19.8
      vertex -13.1765 -4.79259 18.8
      vertex -13.0216 -4.84515 18.8
    endloop
  endfacet
  facet normal -0.195175 -0.980768 0
    outer loop
      vertex -13.3368 -4.76069 18.8
      vertex -13.1765 -4.79259 19.8
      vertex -13.3368 -4.76069 19.8
    endloop
  endfacet
  facet normal -0.195175 -0.980768 -0
    outer loop
      vertex -13.1765 -4.79259 19.8
      vertex -13.3368 -4.76069 18.8
      vertex -13.1765 -4.79259 18.8
    endloop
  endfacet
  facet normal -0.442411 -0.896812 0
    outer loop
      vertex -13.0216 -4.84515 18.8
      vertex -12.875 -4.91747 19.8
      vertex -13.0216 -4.84515 19.8
    endloop
  endfacet
  facet normal -0.442411 -0.896812 -0
    outer loop
      vertex -12.875 -4.91747 19.8
      vertex -13.0216 -4.84515 18.8
      vertex -12.875 -4.91747 18.8
    endloop
  endfacet
  facet normal 0.896921 -0.442191 0
    outer loop
      vertex -14.6548 -5.52165 19.8
      vertex -14.5825 -5.375 18.8
      vertex -14.5825 -5.375 19.8
    endloop
  endfacet
  facet normal 0.896921 -0.442191 0
    outer loop
      vertex -14.5825 -5.375 18.8
      vertex -14.6548 -5.52165 19.8
      vertex -14.6548 -5.52165 18.8
    endloop
  endfacet
  facet normal 0.75186 -0.659323 0
    outer loop
      vertex -14.4917 -5.23905 19.8
      vertex -14.3839 -5.11612 18.8
      vertex -14.3839 -5.11612 19.8
    endloop
  endfacet
  facet normal 0.75186 -0.659323 0
    outer loop
      vertex -14.3839 -5.11612 18.8
      vertex -14.4917 -5.23905 19.8
      vertex -14.4917 -5.23905 18.8
    endloop
  endfacet
  facet normal 0.946851 -0.321671 0
    outer loop
      vertex -14.7074 -5.67648 19.8
      vertex -14.6548 -5.52165 18.8
      vertex -14.6548 -5.52165 19.8
    endloop
  endfacet
  facet normal 0.946851 -0.321671 0
    outer loop
      vertex -14.6548 -5.52165 18.8
      vertex -14.7074 -5.67648 19.8
      vertex -14.7074 -5.67648 18.8
    endloop
  endfacet
  facet normal 0.442411 -0.896812 0
    outer loop
      vertex -14.125 -4.91747 18.8
      vertex -13.9784 -4.84515 19.8
      vertex -14.125 -4.91747 19.8
    endloop
  endfacet
  facet normal 0.442411 -0.896812 0
    outer loop
      vertex -13.9784 -4.84515 19.8
      vertex -14.125 -4.91747 18.8
      vertex -13.9784 -4.84515 18.8
    endloop
  endfacet
  facet normal 0.195175 -0.980768 0
    outer loop
      vertex -13.8235 -4.79259 18.8
      vertex -13.6632 -4.76069 19.8
      vertex -13.8235 -4.79259 19.8
    endloop
  endfacet
  facet normal 0.195175 -0.980768 0
    outer loop
      vertex -13.6632 -4.76069 19.8
      vertex -13.8235 -4.79259 18.8
      vertex -13.6632 -4.76069 18.8
    endloop
  endfacet
  facet normal -0.947038 0.321123 0
    outer loop
      vertex -12.3451 -6.47835 18.8
      vertex -12.2926 -6.32352 19.8
      vertex -12.2926 -6.32352 18.8
    endloop
  endfacet
  facet normal -0.947038 0.321123 0
    outer loop
      vertex -12.2926 -6.32352 19.8
      vertex -12.3451 -6.47835 18.8
      vertex -12.3451 -6.47835 19.8
    endloop
  endfacet
  facet normal -0.980782 0.195105 0
    outer loop
      vertex -12.2926 -6.32352 18.8
      vertex -12.2607 -6.16316 19.8
      vertex -12.2607 -6.16316 18.8
    endloop
  endfacet
  facet normal -0.980782 0.195105 0
    outer loop
      vertex -12.2607 -6.16316 19.8
      vertex -12.2926 -6.32352 18.8
      vertex -12.2926 -6.32352 19.8
    endloop
  endfacet
  facet normal 0.321322 0.94697 -0
    outer loop
      vertex -13.8235 -7.20741 18.8
      vertex -13.9784 -7.15485 19.8
      vertex -13.8235 -7.20741 19.8
    endloop
  endfacet
  facet normal 0.321322 0.94697 0
    outer loop
      vertex -13.9784 -7.15485 19.8
      vertex -13.8235 -7.20741 18.8
      vertex -13.9784 -7.15485 18.8
    endloop
  endfacet
  facet normal 0.896921 0.442191 0
    outer loop
      vertex -14.5825 -6.625 19.8
      vertex -14.6548 -6.47835 18.8
      vertex -14.6548 -6.47835 19.8
    endloop
  endfacet
  facet normal 0.896921 0.442191 0
    outer loop
      vertex -14.6548 -6.47835 18.8
      vertex -14.5825 -6.625 19.8
      vertex -14.5825 -6.625 18.8
    endloop
  endfacet
  facet normal -0.947038 -0.321123 0
    outer loop
      vertex -12.2926 -5.67648 18.8
      vertex -12.3451 -5.52165 19.8
      vertex -12.3451 -5.52165 18.8
    endloop
  endfacet
  facet normal -0.947038 -0.321123 0
    outer loop
      vertex -12.3451 -5.52165 19.8
      vertex -12.2926 -5.67648 18.8
      vertex -12.2926 -5.67648 19.8
    endloop
  endfacet
  facet normal -0.75186 -0.659323 0
    outer loop
      vertex -12.5083 -5.23905 18.8
      vertex -12.6161 -5.11612 19.8
      vertex -12.6161 -5.11612 18.8
    endloop
  endfacet
  facet normal -0.75186 -0.659323 0
    outer loop
      vertex -12.6161 -5.11612 19.8
      vertex -12.5083 -5.23905 18.8
      vertex -12.5083 -5.23905 19.8
    endloop
  endfacet
  facet normal -0.831579 -0.555406 0
    outer loop
      vertex -12.4175 -5.375 18.8
      vertex -12.5083 -5.23905 19.8
      vertex -12.5083 -5.23905 18.8
    endloop
  endfacet
  facet normal -0.831579 -0.555406 0
    outer loop
      vertex -12.5083 -5.23905 19.8
      vertex -12.4175 -5.375 18.8
      vertex -12.4175 -5.375 19.8
    endloop
  endfacet
  facet normal -0.0653624 -0.997862 0
    outer loop
      vertex -13.5 -4.75 18.8
      vertex -13.3368 -4.76069 19.8
      vertex -13.5 -4.75 19.8
    endloop
  endfacet
  facet normal -0.0653624 -0.997862 -0
    outer loop
      vertex -13.3368 -4.76069 19.8
      vertex -13.5 -4.75 18.8
      vertex -13.3368 -4.76069 18.8
    endloop
  endfacet
  facet normal -0.555434 -0.831561 0
    outer loop
      vertex -12.875 -4.91747 18.8
      vertex -12.739 -5.00831 19.8
      vertex -12.875 -4.91747 19.8
    endloop
  endfacet
  facet normal -0.555434 -0.831561 -0
    outer loop
      vertex -12.739 -5.00831 19.8
      vertex -12.875 -4.91747 18.8
      vertex -12.739 -5.00831 18.8
    endloop
  endfacet
  facet normal 0.831579 -0.555406 0
    outer loop
      vertex -14.5825 -5.375 19.8
      vertex -14.4917 -5.23905 18.8
      vertex -14.4917 -5.23905 19.8
    endloop
  endfacet
  facet normal 0.831579 -0.555406 0
    outer loop
      vertex -14.4917 -5.23905 18.8
      vertex -14.5825 -5.375 19.8
      vertex -14.5825 -5.375 18.8
    endloop
  endfacet
  facet normal 0.980782 -0.195105 0
    outer loop
      vertex -14.7393 -5.83684 19.8
      vertex -14.7074 -5.67648 18.8
      vertex -14.7074 -5.67648 19.8
    endloop
  endfacet
  facet normal 0.980782 -0.195105 0
    outer loop
      vertex -14.7074 -5.67648 18.8
      vertex -14.7393 -5.83684 19.8
      vertex -14.7393 -5.83684 18.8
    endloop
  endfacet
  facet normal 0.555434 -0.831561 0
    outer loop
      vertex -14.261 -5.00831 18.8
      vertex -14.125 -4.91747 19.8
      vertex -14.261 -5.00831 19.8
    endloop
  endfacet
  facet normal 0.555434 -0.831561 0
    outer loop
      vertex -14.125 -4.91747 19.8
      vertex -14.261 -5.00831 18.8
      vertex -14.125 -4.91747 18.8
    endloop
  endfacet
  facet normal -0.997857 0.0654392 0
    outer loop
      vertex -12.2607 -6.16316 18.8
      vertex -12.25 -6 19.8
      vertex -12.25 -6 18.8
    endloop
  endfacet
  facet normal -0.997857 0.0654392 0
    outer loop
      vertex -12.25 -6 19.8
      vertex -12.2607 -6.16316 18.8
      vertex -12.2607 -6.16316 19.8
    endloop
  endfacet
  facet normal -0.0653624 0.997862 0
    outer loop
      vertex -13.3368 -7.23931 18.8
      vertex -13.5 -7.25 19.8
      vertex -13.3368 -7.23931 19.8
    endloop
  endfacet
  facet normal -0.0653624 0.997862 0
    outer loop
      vertex -13.5 -7.25 19.8
      vertex -13.3368 -7.23931 18.8
      vertex -13.5 -7.25 18.8
    endloop
  endfacet
  facet normal -0.321322 0.94697 0
    outer loop
      vertex -13.0216 -7.15485 18.8
      vertex -13.1765 -7.20741 19.8
      vertex -13.0216 -7.15485 19.8
    endloop
  endfacet
  facet normal -0.321322 0.94697 0
    outer loop
      vertex -13.1765 -7.20741 19.8
      vertex -13.0216 -7.15485 18.8
      vertex -13.1765 -7.20741 18.8
    endloop
  endfacet
  facet normal -0.659448 0.75175 0
    outer loop
      vertex -12.6161 -6.88388 18.8
      vertex -12.739 -6.99169 19.8
      vertex -12.6161 -6.88388 19.8
    endloop
  endfacet
  facet normal -0.659448 0.75175 0
    outer loop
      vertex -12.739 -6.99169 19.8
      vertex -12.6161 -6.88388 18.8
      vertex -12.739 -6.99169 18.8
    endloop
  endfacet
  facet normal -0.442411 0.896812 0
    outer loop
      vertex -12.875 -7.08253 18.8
      vertex -13.0216 -7.15485 19.8
      vertex -12.875 -7.08253 19.8
    endloop
  endfacet
  facet normal -0.442411 0.896812 0
    outer loop
      vertex -13.0216 -7.15485 19.8
      vertex -12.875 -7.08253 18.8
      vertex -13.0216 -7.15485 18.8
    endloop
  endfacet
  facet normal -0.75186 0.659323 0
    outer loop
      vertex -12.6161 -6.88388 18.8
      vertex -12.5083 -6.76095 19.8
      vertex -12.5083 -6.76095 18.8
    endloop
  endfacet
  facet normal -0.75186 0.659323 0
    outer loop
      vertex -12.5083 -6.76095 19.8
      vertex -12.6161 -6.88388 18.8
      vertex -12.6161 -6.88388 19.8
    endloop
  endfacet
  facet normal -0.896678 0.442683 0
    outer loop
      vertex -12.4175 -6.625 18.8
      vertex -12.3451 -6.47835 19.8
      vertex -12.3451 -6.47835 18.8
    endloop
  endfacet
  facet normal -0.896678 0.442683 0
    outer loop
      vertex -12.3451 -6.47835 19.8
      vertex -12.4175 -6.625 18.8
      vertex -12.4175 -6.625 19.8
    endloop
  endfacet
  facet normal 0.659448 0.75175 -0
    outer loop
      vertex -14.261 -6.99169 18.8
      vertex -14.3839 -6.88388 19.8
      vertex -14.261 -6.99169 19.8
    endloop
  endfacet
  facet normal 0.659448 0.75175 0
    outer loop
      vertex -14.3839 -6.88388 19.8
      vertex -14.261 -6.99169 18.8
      vertex -14.3839 -6.88388 18.8
    endloop
  endfacet
  facet normal 0.442411 0.896812 -0
    outer loop
      vertex -13.9784 -7.15485 18.8
      vertex -14.125 -7.08253 19.8
      vertex -13.9784 -7.15485 19.8
    endloop
  endfacet
  facet normal 0.442411 0.896812 0
    outer loop
      vertex -14.125 -7.08253 19.8
      vertex -13.9784 -7.15485 18.8
      vertex -14.125 -7.08253 18.8
    endloop
  endfacet
  facet normal 0.195175 0.980768 -0
    outer loop
      vertex -13.6632 -7.23931 18.8
      vertex -13.8235 -7.20741 19.8
      vertex -13.6632 -7.23931 19.8
    endloop
  endfacet
  facet normal 0.195175 0.980768 0
    outer loop
      vertex -13.8235 -7.20741 19.8
      vertex -13.6632 -7.23931 18.8
      vertex -13.8235 -7.20741 18.8
    endloop
  endfacet
  facet normal 0.831579 0.555406 0
    outer loop
      vertex -14.4917 -6.76095 19.8
      vertex -14.5825 -6.625 18.8
      vertex -14.5825 -6.625 19.8
    endloop
  endfacet
  facet normal 0.831579 0.555406 0
    outer loop
      vertex -14.5825 -6.625 18.8
      vertex -14.4917 -6.76095 19.8
      vertex -14.4917 -6.76095 18.8
    endloop
  endfacet
  facet normal 0.946851 0.321671 0
    outer loop
      vertex -14.6548 -6.47835 19.8
      vertex -14.7074 -6.32352 18.8
      vertex -14.7074 -6.32352 19.8
    endloop
  endfacet
  facet normal 0.946851 0.321671 0
    outer loop
      vertex -14.7074 -6.32352 18.8
      vertex -14.6548 -6.47835 19.8
      vertex -14.6548 -6.47835 18.8
    endloop
  endfacet
  facet normal 0.997857 0.0654392 0
    outer loop
      vertex -14.7393 -6.16316 19.8
      vertex -14.75 -6 18.8
      vertex -14.75 -6 19.8
    endloop
  endfacet
  facet normal 0.997857 0.0654392 0
    outer loop
      vertex -14.75 -6 18.8
      vertex -14.7393 -6.16316 19.8
      vertex -14.7393 -6.16316 18.8
    endloop
  endfacet
  facet normal -0.195175 0.980768 0
    outer loop
      vertex -13.1765 -7.20741 18.8
      vertex -13.3368 -7.23931 19.8
      vertex -13.1765 -7.20741 19.8
    endloop
  endfacet
  facet normal -0.195175 0.980768 0
    outer loop
      vertex -13.3368 -7.23931 19.8
      vertex -13.1765 -7.20741 18.8
      vertex -13.3368 -7.23931 18.8
    endloop
  endfacet
  facet normal -0.555434 0.831561 0
    outer loop
      vertex -12.739 -6.99169 18.8
      vertex -12.875 -7.08253 19.8
      vertex -12.739 -6.99169 19.8
    endloop
  endfacet
  facet normal -0.555434 0.831561 0
    outer loop
      vertex -12.875 -7.08253 19.8
      vertex -12.739 -6.99169 18.8
      vertex -12.875 -7.08253 18.8
    endloop
  endfacet
  facet normal -0.831579 0.555406 0
    outer loop
      vertex -12.5083 -6.76095 18.8
      vertex -12.4175 -6.625 19.8
      vertex -12.4175 -6.625 18.8
    endloop
  endfacet
  facet normal -0.831579 0.555406 0
    outer loop
      vertex -12.4175 -6.625 19.8
      vertex -12.5083 -6.76095 18.8
      vertex -12.5083 -6.76095 19.8
    endloop
  endfacet
  facet normal 0.555434 0.831561 -0
    outer loop
      vertex -14.125 -7.08253 18.8
      vertex -14.261 -6.99169 19.8
      vertex -14.125 -7.08253 19.8
    endloop
  endfacet
  facet normal 0.555434 0.831561 0
    outer loop
      vertex -14.261 -6.99169 19.8
      vertex -14.125 -7.08253 18.8
      vertex -14.261 -6.99169 18.8
    endloop
  endfacet
  facet normal 0.0653624 0.997862 -0
    outer loop
      vertex -13.5 -7.25 18.8
      vertex -13.6632 -7.23931 19.8
      vertex -13.5 -7.25 19.8
    endloop
  endfacet
  facet normal 0.0653624 0.997862 0
    outer loop
      vertex -13.6632 -7.23931 19.8
      vertex -13.5 -7.25 18.8
      vertex -13.6632 -7.23931 18.8
    endloop
  endfacet
  facet normal 0.980782 0.195105 0
    outer loop
      vertex -14.7074 -6.32352 19.8
      vertex -14.7393 -6.16316 18.8
      vertex -14.7393 -6.16316 19.8
    endloop
  endfacet
  facet normal 0.980782 0.195105 0
    outer loop
      vertex -14.7393 -6.16316 18.8
      vertex -14.7074 -6.32352 19.8
      vertex -14.7074 -6.32352 18.8
    endloop
  endfacet
  facet normal -0.997856 -0.0654404 0
    outer loop
      vertex -12.25 0 18.8
      vertex -12.2607 0.163157 19.8
      vertex -12.2607 0.163157 18.8
    endloop
  endfacet
  facet normal -0.997856 -0.0654404 0
    outer loop
      vertex -12.2607 0.163157 19.8
      vertex -12.25 0 18.8
      vertex -12.25 0 19.8
    endloop
  endfacet
  facet normal 0.997856 -0.0654404 0
    outer loop
      vertex -14.75 0 19.8
      vertex -14.7393 0.163157 18.8
      vertex -14.7393 0.163157 19.8
    endloop
  endfacet
  facet normal 0.997856 -0.0654404 0
    outer loop
      vertex -14.7393 0.163157 18.8
      vertex -14.75 0 19.8
      vertex -14.75 0 18.8
    endloop
  endfacet
  facet normal -0.0653624 -0.997862 0
    outer loop
      vertex -13.5 1.25 18.8
      vertex -13.3368 1.23931 19.8
      vertex -13.5 1.25 19.8
    endloop
  endfacet
  facet normal -0.0653624 -0.997862 -0
    outer loop
      vertex -13.3368 1.23931 19.8
      vertex -13.5 1.25 18.8
      vertex -13.3368 1.23931 18.8
    endloop
  endfacet
  facet normal -0.751865 -0.659317 0
    outer loop
      vertex -12.5083 0.760951 18.8
      vertex -12.6161 0.883883 19.8
      vertex -12.6161 0.883883 18.8
    endloop
  endfacet
  facet normal -0.751865 -0.659317 0
    outer loop
      vertex -12.6161 0.883883 19.8
      vertex -12.5083 0.760951 18.8
      vertex -12.5083 0.760951 19.8
    endloop
  endfacet
  facet normal 0.659445 -0.751753 0
    outer loop
      vertex -14.3839 0.883883 18.8
      vertex -14.261 0.991692 19.8
      vertex -14.3839 0.883883 19.8
    endloop
  endfacet
  facet normal 0.659445 -0.751753 0
    outer loop
      vertex -14.261 0.991692 19.8
      vertex -14.3839 0.883883 18.8
      vertex -14.261 0.991692 18.8
    endloop
  endfacet
  facet normal 0.321322 -0.94697 0
    outer loop
      vertex -13.9784 1.15485 18.8
      vertex -13.8235 1.20741 19.8
      vertex -13.9784 1.15485 19.8
    endloop
  endfacet
  facet normal 0.321322 -0.94697 0
    outer loop
      vertex -13.8235 1.20741 19.8
      vertex -13.9784 1.15485 18.8
      vertex -13.8235 1.20741 18.8
    endloop
  endfacet
  facet normal -0.947038 -0.321123 0
    outer loop
      vertex -12.2926 0.323524 18.8
      vertex -12.3451 0.478354 19.8
      vertex -12.3451 0.478354 18.8
    endloop
  endfacet
  facet normal -0.947038 -0.321123 0
    outer loop
      vertex -12.3451 0.478354 19.8
      vertex -12.2926 0.323524 18.8
      vertex -12.2926 0.323524 19.8
    endloop
  endfacet
  facet normal -0.980784 -0.195096 0
    outer loop
      vertex -12.2607 0.163157 18.8
      vertex -12.2926 0.323524 19.8
      vertex -12.2926 0.323524 18.8
    endloop
  endfacet
  facet normal -0.980784 -0.195096 0
    outer loop
      vertex -12.2926 0.323524 19.8
      vertex -12.2607 0.163157 18.8
      vertex -12.2607 0.163157 19.8
    endloop
  endfacet
  facet normal -0.896673 -0.442693 0
    outer loop
      vertex -12.3451 0.478354 18.8
      vertex -12.4175 0.625 19.8
      vertex -12.4175 0.625 18.8
    endloop
  endfacet
  facet normal -0.896673 -0.442693 0
    outer loop
      vertex -12.4175 0.625 19.8
      vertex -12.3451 0.478354 18.8
      vertex -12.3451 0.478354 19.8
    endloop
  endfacet
  facet normal -0.442411 -0.896812 0
    outer loop
      vertex -13.0216 1.15485 18.8
      vertex -12.875 1.08253 19.8
      vertex -13.0216 1.15485 19.8
    endloop
  endfacet
  facet normal -0.442411 -0.896812 -0
    outer loop
      vertex -12.875 1.08253 19.8
      vertex -13.0216 1.15485 18.8
      vertex -12.875 1.08253 18.8
    endloop
  endfacet
  facet normal -0.321322 -0.94697 0
    outer loop
      vertex -13.1765 1.20741 18.8
      vertex -13.0216 1.15485 19.8
      vertex -13.1765 1.20741 19.8
    endloop
  endfacet
  facet normal -0.321322 -0.94697 -0
    outer loop
      vertex -13.0216 1.15485 19.8
      vertex -13.1765 1.20741 18.8
      vertex -13.0216 1.15485 18.8
    endloop
  endfacet
  facet normal -0.659445 -0.751753 0
    outer loop
      vertex -12.739 0.991692 18.8
      vertex -12.6161 0.883883 19.8
      vertex -12.739 0.991692 19.8
    endloop
  endfacet
  facet normal -0.659445 -0.751753 -0
    outer loop
      vertex -12.6161 0.883883 19.8
      vertex -12.739 0.991692 18.8
      vertex -12.6161 0.883883 18.8
    endloop
  endfacet
  facet normal 0.896916 -0.442201 0
    outer loop
      vertex -14.6548 0.478354 19.8
      vertex -14.5825 0.625 18.8
      vertex -14.5825 0.625 19.8
    endloop
  endfacet
  facet normal 0.896916 -0.442201 0
    outer loop
      vertex -14.5825 0.625 18.8
      vertex -14.6548 0.478354 19.8
      vertex -14.6548 0.478354 18.8
    endloop
  endfacet
  facet normal 0.946851 -0.321671 0
    outer loop
      vertex -14.7074 0.323524 19.8
      vertex -14.6548 0.478354 18.8
      vertex -14.6548 0.478354 19.8
    endloop
  endfacet
  facet normal 0.946851 -0.321671 0
    outer loop
      vertex -14.6548 0.478354 18.8
      vertex -14.7074 0.323524 19.8
      vertex -14.7074 0.323524 18.8
    endloop
  endfacet
  facet normal 0.442411 -0.896812 0
    outer loop
      vertex -14.125 1.08253 18.8
      vertex -13.9784 1.15485 19.8
      vertex -14.125 1.08253 19.8
    endloop
  endfacet
  facet normal 0.442411 -0.896812 0
    outer loop
      vertex -13.9784 1.15485 19.8
      vertex -14.125 1.08253 18.8
      vertex -13.9784 1.15485 18.8
    endloop
  endfacet
  facet normal 0.195175 -0.980768 0
    outer loop
      vertex -13.8235 1.20741 18.8
      vertex -13.6632 1.23931 19.8
      vertex -13.8235 1.20741 19.8
    endloop
  endfacet
  facet normal 0.195175 -0.980768 0
    outer loop
      vertex -13.6632 1.23931 19.8
      vertex -13.8235 1.20741 18.8
      vertex -13.6632 1.23931 18.8
    endloop
  endfacet
  facet normal -0.980784 0.195096 0
    outer loop
      vertex -12.2926 -0.323524 18.8
      vertex -12.2607 -0.163157 19.8
      vertex -12.2607 -0.163157 18.8
    endloop
  endfacet
  facet normal -0.980784 0.195096 0
    outer loop
      vertex -12.2607 -0.163157 19.8
      vertex -12.2926 -0.323524 18.8
      vertex -12.2926 -0.323524 19.8
    endloop
  endfacet
  facet normal 0.321322 0.94697 -0
    outer loop
      vertex -13.8235 -1.20741 18.8
      vertex -13.9784 -1.15485 19.8
      vertex -13.8235 -1.20741 19.8
    endloop
  endfacet
  facet normal 0.321322 0.94697 0
    outer loop
      vertex -13.9784 -1.15485 19.8
      vertex -13.8235 -1.20741 18.8
      vertex -13.9784 -1.15485 18.8
    endloop
  endfacet
  facet normal 0.896916 0.442201 0
    outer loop
      vertex -14.5825 -0.625 19.8
      vertex -14.6548 -0.478354 18.8
      vertex -14.6548 -0.478354 19.8
    endloop
  endfacet
  facet normal 0.896916 0.442201 0
    outer loop
      vertex -14.6548 -0.478354 18.8
      vertex -14.5825 -0.625 19.8
      vertex -14.5825 -0.625 18.8
    endloop
  endfacet
  facet normal -0.831581 -0.555403 0
    outer loop
      vertex -12.4175 0.625 18.8
      vertex -12.5083 0.760951 19.8
      vertex -12.5083 0.760951 18.8
    endloop
  endfacet
  facet normal -0.831581 -0.555403 0
    outer loop
      vertex -12.5083 0.760951 19.8
      vertex -12.4175 0.625 18.8
      vertex -12.4175 0.625 19.8
    endloop
  endfacet
  facet normal -0.195175 -0.980768 0
    outer loop
      vertex -13.3368 1.23931 18.8
      vertex -13.1765 1.20741 19.8
      vertex -13.3368 1.23931 19.8
    endloop
  endfacet
  facet normal -0.195175 -0.980768 -0
    outer loop
      vertex -13.1765 1.20741 19.8
      vertex -13.3368 1.23931 18.8
      vertex -13.1765 1.20741 18.8
    endloop
  endfacet
  facet normal -0.555425 -0.831566 0
    outer loop
      vertex -12.875 1.08253 18.8
      vertex -12.739 0.991692 19.8
      vertex -12.875 1.08253 19.8
    endloop
  endfacet
  facet normal -0.555425 -0.831566 -0
    outer loop
      vertex -12.739 0.991692 19.8
      vertex -12.875 1.08253 18.8
      vertex -12.739 0.991692 18.8
    endloop
  endfacet
  facet normal 0.831581 -0.555403 0
    outer loop
      vertex -14.5825 0.625 19.8
      vertex -14.4917 0.760951 18.8
      vertex -14.4917 0.760951 19.8
    endloop
  endfacet
  facet normal 0.831581 -0.555403 0
    outer loop
      vertex -14.4917 0.760951 18.8
      vertex -14.5825 0.625 19.8
      vertex -14.5825 0.625 18.8
    endloop
  endfacet
  facet normal 0.751865 -0.659317 0
    outer loop
      vertex -14.4917 0.760951 19.8
      vertex -14.3839 0.883883 18.8
      vertex -14.3839 0.883883 19.8
    endloop
  endfacet
  facet normal 0.751865 -0.659317 0
    outer loop
      vertex -14.3839 0.883883 18.8
      vertex -14.4917 0.760951 19.8
      vertex -14.4917 0.760951 18.8
    endloop
  endfacet
  facet normal 0.980784 -0.195096 0
    outer loop
      vertex -14.7393 0.163157 19.8
      vertex -14.7074 0.323524 18.8
      vertex -14.7074 0.323524 19.8
    endloop
  endfacet
  facet normal 0.980784 -0.195096 0
    outer loop
      vertex -14.7074 0.323524 18.8
      vertex -14.7393 0.163157 19.8
      vertex -14.7393 0.163157 18.8
    endloop
  endfacet
  facet normal 0.555425 -0.831566 0
    outer loop
      vertex -14.261 0.991692 18.8
      vertex -14.125 1.08253 19.8
      vertex -14.261 0.991692 19.8
    endloop
  endfacet
  facet normal 0.555425 -0.831566 0
    outer loop
      vertex -14.125 1.08253 19.8
      vertex -14.261 0.991692 18.8
      vertex -14.125 1.08253 18.8
    endloop
  endfacet
  facet normal 0.0653624 -0.997862 0
    outer loop
      vertex -13.6632 1.23931 18.8
      vertex -13.5 1.25 19.8
      vertex -13.6632 1.23931 19.8
    endloop
  endfacet
  facet normal 0.0653624 -0.997862 0
    outer loop
      vertex -13.5 1.25 19.8
      vertex -13.6632 1.23931 18.8
      vertex -13.5 1.25 18.8
    endloop
  endfacet
  facet normal -0.997856 0.0654404 0
    outer loop
      vertex -12.2607 -0.163157 18.8
      vertex -12.25 0 19.8
      vertex -12.25 0 18.8
    endloop
  endfacet
  facet normal -0.997856 0.0654404 0
    outer loop
      vertex -12.25 0 19.8
      vertex -12.2607 -0.163157 18.8
      vertex -12.2607 -0.163157 19.8
    endloop
  endfacet
  facet normal -0.0653624 0.997862 0
    outer loop
      vertex -13.3368 -1.23931 18.8
      vertex -13.5 -1.25 19.8
      vertex -13.3368 -1.23931 19.8
    endloop
  endfacet
  facet normal -0.0653624 0.997862 0
    outer loop
      vertex -13.5 -1.25 19.8
      vertex -13.3368 -1.23931 18.8
      vertex -13.5 -1.25 18.8
    endloop
  endfacet
  facet normal -0.321322 0.94697 0
    outer loop
      vertex -13.0216 -1.15485 18.8
      vertex -13.1765 -1.20741 19.8
      vertex -13.0216 -1.15485 19.8
    endloop
  endfacet
  facet normal -0.321322 0.94697 0
    outer loop
      vertex -13.1765 -1.20741 19.8
      vertex -13.0216 -1.15485 18.8
      vertex -13.1765 -1.20741 18.8
    endloop
  endfacet
  facet normal -0.659445 0.751753 0
    outer loop
      vertex -12.6161 -0.883883 18.8
      vertex -12.739 -0.991692 19.8
      vertex -12.6161 -0.883883 19.8
    endloop
  endfacet
  facet normal -0.659445 0.751753 0
    outer loop
      vertex -12.739 -0.991692 19.8
      vertex -12.6161 -0.883883 18.8
      vertex -12.739 -0.991692 18.8
    endloop
  endfacet
  facet normal -0.442411 0.896812 0
    outer loop
      vertex -12.875 -1.08253 18.8
      vertex -13.0216 -1.15485 19.8
      vertex -12.875 -1.08253 19.8
    endloop
  endfacet
  facet normal -0.442411 0.896812 0
    outer loop
      vertex -13.0216 -1.15485 19.8
      vertex -12.875 -1.08253 18.8
      vertex -13.0216 -1.15485 18.8
    endloop
  endfacet
  facet normal -0.751865 0.659317 0
    outer loop
      vertex -12.6161 -0.883883 18.8
      vertex -12.5083 -0.760951 19.8
      vertex -12.5083 -0.760951 18.8
    endloop
  endfacet
  facet normal -0.751865 0.659317 0
    outer loop
      vertex -12.5083 -0.760951 19.8
      vertex -12.6161 -0.883883 18.8
      vertex -12.6161 -0.883883 19.8
    endloop
  endfacet
  facet normal -0.896673 0.442693 0
    outer loop
      vertex -12.4175 -0.625 18.8
      vertex -12.3451 -0.478354 19.8
      vertex -12.3451 -0.478354 18.8
    endloop
  endfacet
  facet normal -0.896673 0.442693 0
    outer loop
      vertex -12.3451 -0.478354 19.8
      vertex -12.4175 -0.625 18.8
      vertex -12.4175 -0.625 19.8
    endloop
  endfacet
  facet normal 0.659445 0.751753 -0
    outer loop
      vertex -14.261 -0.991692 18.8
      vertex -14.3839 -0.883883 19.8
      vertex -14.261 -0.991692 19.8
    endloop
  endfacet
  facet normal 0.659445 0.751753 0
    outer loop
      vertex -14.3839 -0.883883 19.8
      vertex -14.261 -0.991692 18.8
      vertex -14.3839 -0.883883 18.8
    endloop
  endfacet
  facet normal 0.442411 0.896812 -0
    outer loop
      vertex -13.9784 -1.15485 18.8
      vertex -14.125 -1.08253 19.8
      vertex -13.9784 -1.15485 19.8
    endloop
  endfacet
  facet normal 0.442411 0.896812 0
    outer loop
      vertex -14.125 -1.08253 19.8
      vertex -13.9784 -1.15485 18.8
      vertex -14.125 -1.08253 18.8
    endloop
  endfacet
  facet normal 0.195175 0.980768 -0
    outer loop
      vertex -13.6632 -1.23931 18.8
      vertex -13.8235 -1.20741 19.8
      vertex -13.6632 -1.23931 19.8
    endloop
  endfacet
  facet normal 0.195175 0.980768 0
    outer loop
      vertex -13.8235 -1.20741 19.8
      vertex -13.6632 -1.23931 18.8
      vertex -13.8235 -1.20741 18.8
    endloop
  endfacet
  facet normal 0.831581 0.555403 0
    outer loop
      vertex -14.4917 -0.760951 19.8
      vertex -14.5825 -0.625 18.8
      vertex -14.5825 -0.625 19.8
    endloop
  endfacet
  facet normal 0.831581 0.555403 0
    outer loop
      vertex -14.5825 -0.625 18.8
      vertex -14.4917 -0.760951 19.8
      vertex -14.4917 -0.760951 18.8
    endloop
  endfacet
  facet normal 0.946851 0.321671 0
    outer loop
      vertex -14.6548 -0.478354 19.8
      vertex -14.7074 -0.323524 18.8
      vertex -14.7074 -0.323524 19.8
    endloop
  endfacet
  facet normal 0.946851 0.321671 0
    outer loop
      vertex -14.7074 -0.323524 18.8
      vertex -14.6548 -0.478354 19.8
      vertex -14.6548 -0.478354 18.8
    endloop
  endfacet
  facet normal 0.997856 0.0654404 0
    outer loop
      vertex -14.7393 -0.163157 19.8
      vertex -14.75 0 18.8
      vertex -14.75 0 19.8
    endloop
  endfacet
  facet normal 0.997856 0.0654404 0
    outer loop
      vertex -14.75 0 18.8
      vertex -14.7393 -0.163157 19.8
      vertex -14.7393 -0.163157 18.8
    endloop
  endfacet
  facet normal -0.195175 0.980768 0
    outer loop
      vertex -13.1765 -1.20741 18.8
      vertex -13.3368 -1.23931 19.8
      vertex -13.1765 -1.20741 19.8
    endloop
  endfacet
  facet normal -0.195175 0.980768 0
    outer loop
      vertex -13.3368 -1.23931 19.8
      vertex -13.1765 -1.20741 18.8
      vertex -13.3368 -1.23931 18.8
    endloop
  endfacet
  facet normal -0.555425 0.831566 0
    outer loop
      vertex -12.739 -0.991692 18.8
      vertex -12.875 -1.08253 19.8
      vertex -12.739 -0.991692 19.8
    endloop
  endfacet
  facet normal -0.555425 0.831566 0
    outer loop
      vertex -12.875 -1.08253 19.8
      vertex -12.739 -0.991692 18.8
      vertex -12.875 -1.08253 18.8
    endloop
  endfacet
  facet normal -0.831581 0.555403 0
    outer loop
      vertex -12.5083 -0.760951 18.8
      vertex -12.4175 -0.625 19.8
      vertex -12.4175 -0.625 18.8
    endloop
  endfacet
  facet normal -0.831581 0.555403 0
    outer loop
      vertex -12.4175 -0.625 19.8
      vertex -12.5083 -0.760951 18.8
      vertex -12.5083 -0.760951 19.8
    endloop
  endfacet
  facet normal -0.947038 0.321123 0
    outer loop
      vertex -12.3451 -0.478354 18.8
      vertex -12.2926 -0.323524 19.8
      vertex -12.2926 -0.323524 18.8
    endloop
  endfacet
  facet normal -0.947038 0.321123 0
    outer loop
      vertex -12.2926 -0.323524 19.8
      vertex -12.3451 -0.478354 18.8
      vertex -12.3451 -0.478354 19.8
    endloop
  endfacet
  facet normal 0.555425 0.831566 -0
    outer loop
      vertex -14.125 -1.08253 18.8
      vertex -14.261 -0.991692 19.8
      vertex -14.125 -1.08253 19.8
    endloop
  endfacet
  facet normal 0.555425 0.831566 0
    outer loop
      vertex -14.261 -0.991692 19.8
      vertex -14.125 -1.08253 18.8
      vertex -14.261 -0.991692 18.8
    endloop
  endfacet
  facet normal 0.0653624 0.997862 -0
    outer loop
      vertex -13.5 -1.25 18.8
      vertex -13.6632 -1.23931 19.8
      vertex -13.5 -1.25 19.8
    endloop
  endfacet
  facet normal 0.0653624 0.997862 0
    outer loop
      vertex -13.6632 -1.23931 19.8
      vertex -13.5 -1.25 18.8
      vertex -13.6632 -1.23931 18.8
    endloop
  endfacet
  facet normal 0.751865 0.659317 0
    outer loop
      vertex -14.3839 -0.883883 19.8
      vertex -14.4917 -0.760951 18.8
      vertex -14.4917 -0.760951 19.8
    endloop
  endfacet
  facet normal 0.751865 0.659317 0
    outer loop
      vertex -14.4917 -0.760951 18.8
      vertex -14.3839 -0.883883 19.8
      vertex -14.3839 -0.883883 18.8
    endloop
  endfacet
  facet normal 0.980784 0.195096 0
    outer loop
      vertex -14.7074 -0.323524 19.8
      vertex -14.7393 -0.163157 18.8
      vertex -14.7393 -0.163157 19.8
    endloop
  endfacet
  facet normal 0.980784 0.195096 0
    outer loop
      vertex -14.7393 -0.163157 18.8
      vertex -14.7074 -0.323524 19.8
      vertex -14.7074 -0.323524 18.8
    endloop
  endfacet
  facet normal -0.997857 -0.0654392 0
    outer loop
      vertex -12.25 6 18.8
      vertex -12.2607 6.16316 19.8
      vertex -12.2607 6.16316 18.8
    endloop
  endfacet
  facet normal -0.997857 -0.0654392 0
    outer loop
      vertex -12.2607 6.16316 19.8
      vertex -12.25 6 18.8
      vertex -12.25 6 19.8
    endloop
  endfacet
  facet normal 0.997857 -0.0654392 0
    outer loop
      vertex -14.75 6 19.8
      vertex -14.7393 6.16316 18.8
      vertex -14.7393 6.16316 19.8
    endloop
  endfacet
  facet normal 0.997857 -0.0654392 0
    outer loop
      vertex -14.7393 6.16316 18.8
      vertex -14.75 6 19.8
      vertex -14.75 6 18.8
    endloop
  endfacet
  facet normal -0.0653624 -0.997862 0
    outer loop
      vertex -13.5 7.25 18.8
      vertex -13.3368 7.23931 19.8
      vertex -13.5 7.25 19.8
    endloop
  endfacet
  facet normal -0.0653624 -0.997862 -0
    outer loop
      vertex -13.3368 7.23931 19.8
      vertex -13.5 7.25 18.8
      vertex -13.3368 7.23931 18.8
    endloop
  endfacet
  facet normal -0.0653624 0.997862 0
    outer loop
      vertex -13.3368 4.76069 18.8
      vertex -13.5 4.75 19.8
      vertex -13.3368 4.76069 19.8
    endloop
  endfacet
  facet normal -0.0653624 0.997862 0
    outer loop
      vertex -13.5 4.75 19.8
      vertex -13.3368 4.76069 18.8
      vertex -13.5 4.75 18.8
    endloop
  endfacet
  facet normal -0.75186 -0.659323 0
    outer loop
      vertex -12.5083 6.76095 18.8
      vertex -12.6161 6.88388 19.8
      vertex -12.6161 6.88388 18.8
    endloop
  endfacet
  facet normal -0.75186 -0.659323 0
    outer loop
      vertex -12.6161 6.88388 19.8
      vertex -12.5083 6.76095 18.8
      vertex -12.5083 6.76095 19.8
    endloop
  endfacet
  facet normal 0.659448 -0.75175 0
    outer loop
      vertex -14.3839 6.88388 18.8
      vertex -14.261 6.99169 19.8
      vertex -14.3839 6.88388 19.8
    endloop
  endfacet
  facet normal 0.659448 -0.75175 0
    outer loop
      vertex -14.261 6.99169 19.8
      vertex -14.3839 6.88388 18.8
      vertex -14.261 6.99169 18.8
    endloop
  endfacet
  facet normal 0.321322 -0.94697 0
    outer loop
      vertex -13.9784 7.15485 18.8
      vertex -13.8235 7.20741 19.8
      vertex -13.9784 7.15485 19.8
    endloop
  endfacet
  facet normal 0.321322 -0.94697 0
    outer loop
      vertex -13.8235 7.20741 19.8
      vertex -13.9784 7.15485 18.8
      vertex -13.8235 7.20741 18.8
    endloop
  endfacet
  facet normal -0.947038 -0.321123 0
    outer loop
      vertex -12.2926 6.32352 18.8
      vertex -12.3451 6.47835 19.8
      vertex -12.3451 6.47835 18.8
    endloop
  endfacet
  facet normal -0.947038 -0.321123 0
    outer loop
      vertex -12.3451 6.47835 19.8
      vertex -12.2926 6.32352 18.8
      vertex -12.2926 6.32352 19.8
    endloop
  endfacet
  facet normal -0.980782 -0.195105 0
    outer loop
      vertex -12.2607 6.16316 18.8
      vertex -12.2926 6.32352 19.8
      vertex -12.2926 6.32352 18.8
    endloop
  endfacet
  facet normal -0.980782 -0.195105 0
    outer loop
      vertex -12.2926 6.32352 19.8
      vertex -12.2607 6.16316 18.8
      vertex -12.2607 6.16316 19.8
    endloop
  endfacet
  facet normal -0.896678 -0.442683 0
    outer loop
      vertex -12.3451 6.47835 18.8
      vertex -12.4175 6.625 19.8
      vertex -12.4175 6.625 18.8
    endloop
  endfacet
  facet normal -0.896678 -0.442683 0
    outer loop
      vertex -12.4175 6.625 19.8
      vertex -12.3451 6.47835 18.8
      vertex -12.3451 6.47835 19.8
    endloop
  endfacet
  facet normal -0.442411 -0.896812 0
    outer loop
      vertex -13.0216 7.15485 18.8
      vertex -12.875 7.08253 19.8
      vertex -13.0216 7.15485 19.8
    endloop
  endfacet
  facet normal -0.442411 -0.896812 -0
    outer loop
      vertex -12.875 7.08253 19.8
      vertex -13.0216 7.15485 18.8
      vertex -12.875 7.08253 18.8
    endloop
  endfacet
  facet normal -0.321322 -0.94697 0
    outer loop
      vertex -13.1765 7.20741 18.8
      vertex -13.0216 7.15485 19.8
      vertex -13.1765 7.20741 19.8
    endloop
  endfacet
  facet normal -0.321322 -0.94697 -0
    outer loop
      vertex -13.0216 7.15485 19.8
      vertex -13.1765 7.20741 18.8
      vertex -13.0216 7.15485 18.8
    endloop
  endfacet
  facet normal -0.659448 -0.75175 0
    outer loop
      vertex -12.739 6.99169 18.8
      vertex -12.6161 6.88388 19.8
      vertex -12.739 6.99169 19.8
    endloop
  endfacet
  facet normal -0.659448 -0.75175 -0
    outer loop
      vertex -12.6161 6.88388 19.8
      vertex -12.739 6.99169 18.8
      vertex -12.6161 6.88388 18.8
    endloop
  endfacet
  facet normal 0.896921 -0.442191 0
    outer loop
      vertex -14.6548 6.47835 19.8
      vertex -14.5825 6.625 18.8
      vertex -14.5825 6.625 19.8
    endloop
  endfacet
  facet normal 0.896921 -0.442191 0
    outer loop
      vertex -14.5825 6.625 18.8
      vertex -14.6548 6.47835 19.8
      vertex -14.6548 6.47835 18.8
    endloop
  endfacet
  facet normal 0.946851 -0.321671 0
    outer loop
      vertex -14.7074 6.32352 19.8
      vertex -14.6548 6.47835 18.8
      vertex -14.6548 6.47835 19.8
    endloop
  endfacet
  facet normal 0.946851 -0.321671 0
    outer loop
      vertex -14.6548 6.47835 18.8
      vertex -14.7074 6.32352 19.8
      vertex -14.7074 6.32352 18.8
    endloop
  endfacet
  facet normal 0.442411 -0.896812 0
    outer loop
      vertex -14.125 7.08253 18.8
      vertex -13.9784 7.15485 19.8
      vertex -14.125 7.08253 19.8
    endloop
  endfacet
  facet normal 0.442411 -0.896812 0
    outer loop
      vertex -13.9784 7.15485 19.8
      vertex -14.125 7.08253 18.8
      vertex -13.9784 7.15485 18.8
    endloop
  endfacet
  facet normal 0.195175 -0.980768 0
    outer loop
      vertex -13.8235 7.20741 18.8
      vertex -13.6632 7.23931 19.8
      vertex -13.8235 7.20741 19.8
    endloop
  endfacet
  facet normal 0.195175 -0.980768 0
    outer loop
      vertex -13.6632 7.23931 19.8
      vertex -13.8235 7.20741 18.8
      vertex -13.6632 7.23931 18.8
    endloop
  endfacet
  facet normal -0.980782 0.195105 0
    outer loop
      vertex -12.2926 5.67648 18.8
      vertex -12.2607 5.83684 19.8
      vertex -12.2607 5.83684 18.8
    endloop
  endfacet
  facet normal -0.980782 0.195105 0
    outer loop
      vertex -12.2607 5.83684 19.8
      vertex -12.2926 5.67648 18.8
      vertex -12.2926 5.67648 19.8
    endloop
  endfacet
  facet normal -0.195175 0.980768 0
    outer loop
      vertex -13.1765 4.79259 18.8
      vertex -13.3368 4.76069 19.8
      vertex -13.1765 4.79259 19.8
    endloop
  endfacet
  facet normal -0.195175 0.980768 0
    outer loop
      vertex -13.3368 4.76069 19.8
      vertex -13.1765 4.79259 18.8
      vertex -13.3368 4.76069 18.8
    endloop
  endfacet
  facet normal -0.831579 -0.555406 0
    outer loop
      vertex -12.4175 6.625 18.8
      vertex -12.5083 6.76095 19.8
      vertex -12.5083 6.76095 18.8
    endloop
  endfacet
  facet normal -0.831579 -0.555406 0
    outer loop
      vertex -12.5083 6.76095 19.8
      vertex -12.4175 6.625 18.8
      vertex -12.4175 6.625 19.8
    endloop
  endfacet
  facet normal -0.195175 -0.980768 0
    outer loop
      vertex -13.3368 7.23931 18.8
      vertex -13.1765 7.20741 19.8
      vertex -13.3368 7.23931 19.8
    endloop
  endfacet
  facet normal -0.195175 -0.980768 -0
    outer loop
      vertex -13.1765 7.20741 19.8
      vertex -13.3368 7.23931 18.8
      vertex -13.1765 7.20741 18.8
    endloop
  endfacet
  facet normal -0.555434 -0.831561 0
    outer loop
      vertex -12.875 7.08253 18.8
      vertex -12.739 6.99169 19.8
      vertex -12.875 7.08253 19.8
    endloop
  endfacet
  facet normal -0.555434 -0.831561 -0
    outer loop
      vertex -12.739 6.99169 19.8
      vertex -12.875 7.08253 18.8
      vertex -12.739 6.99169 18.8
    endloop
  endfacet
  facet normal 0.831579 -0.555406 0
    outer loop
      vertex -14.5825 6.625 19.8
      vertex -14.4917 6.76095 18.8
      vertex -14.4917 6.76095 19.8
    endloop
  endfacet
  facet normal 0.831579 -0.555406 0
    outer loop
      vertex -14.4917 6.76095 18.8
      vertex -14.5825 6.625 19.8
      vertex -14.5825 6.625 18.8
    endloop
  endfacet
  facet normal 0.75186 -0.659323 0
    outer loop
      vertex -14.4917 6.76095 19.8
      vertex -14.3839 6.88388 18.8
      vertex -14.3839 6.88388 19.8
    endloop
  endfacet
  facet normal 0.75186 -0.659323 0
    outer loop
      vertex -14.3839 6.88388 18.8
      vertex -14.4917 6.76095 19.8
      vertex -14.4917 6.76095 18.8
    endloop
  endfacet
  facet normal 0.980782 -0.195105 0
    outer loop
      vertex -14.7393 6.16316 19.8
      vertex -14.7074 6.32352 18.8
      vertex -14.7074 6.32352 19.8
    endloop
  endfacet
  facet normal 0.980782 -0.195105 0
    outer loop
      vertex -14.7074 6.32352 18.8
      vertex -14.7393 6.16316 19.8
      vertex -14.7393 6.16316 18.8
    endloop
  endfacet
  facet normal 0.555434 -0.831561 0
    outer loop
      vertex -14.261 6.99169 18.8
      vertex -14.125 7.08253 19.8
      vertex -14.261 6.99169 19.8
    endloop
  endfacet
  facet normal 0.555434 -0.831561 0
    outer loop
      vertex -14.125 7.08253 19.8
      vertex -14.261 6.99169 18.8
      vertex -14.125 7.08253 18.8
    endloop
  endfacet
  facet normal 0.0653624 -0.997862 0
    outer loop
      vertex -13.6632 7.23931 18.8
      vertex -13.5 7.25 19.8
      vertex -13.6632 7.23931 19.8
    endloop
  endfacet
  facet normal 0.0653624 -0.997862 0
    outer loop
      vertex -13.5 7.25 19.8
      vertex -13.6632 7.23931 18.8
      vertex -13.5 7.25 18.8
    endloop
  endfacet
  facet normal -0.997857 0.0654392 0
    outer loop
      vertex -12.2607 5.83684 18.8
      vertex -12.25 6 19.8
      vertex -12.25 6 18.8
    endloop
  endfacet
  facet normal -0.997857 0.0654392 0
    outer loop
      vertex -12.25 6 19.8
      vertex -12.2607 5.83684 18.8
      vertex -12.2607 5.83684 19.8
    endloop
  endfacet
  facet normal -0.75186 0.659323 0
    outer loop
      vertex -12.6161 5.11612 18.8
      vertex -12.5083 5.23905 19.8
      vertex -12.5083 5.23905 18.8
    endloop
  endfacet
  facet normal -0.75186 0.659323 0
    outer loop
      vertex -12.5083 5.23905 19.8
      vertex -12.6161 5.11612 18.8
      vertex -12.6161 5.11612 19.8
    endloop
  endfacet
  facet normal -0.947038 0.321123 0
    outer loop
      vertex -12.3451 5.52165 18.8
      vertex -12.2926 5.67648 19.8
      vertex -12.2926 5.67648 18.8
    endloop
  endfacet
  facet normal -0.947038 0.321123 0
    outer loop
      vertex -12.2926 5.67648 19.8
      vertex -12.3451 5.52165 18.8
      vertex -12.3451 5.52165 19.8
    endloop
  endfacet
  facet normal 0.75186 0.659323 0
    outer loop
      vertex -14.3839 5.11612 19.8
      vertex -14.4917 5.23905 18.8
      vertex -14.4917 5.23905 19.8
    endloop
  endfacet
  facet normal 0.75186 0.659323 0
    outer loop
      vertex -14.4917 5.23905 18.8
      vertex -14.3839 5.11612 19.8
      vertex -14.3839 5.11612 18.8
    endloop
  endfacet
  facet normal -0.831579 0.555406 0
    outer loop
      vertex -12.5083 5.23905 18.8
      vertex -12.4175 5.375 19.8
      vertex -12.4175 5.375 18.8
    endloop
  endfacet
  facet normal -0.831579 0.555406 0
    outer loop
      vertex -12.4175 5.375 19.8
      vertex -12.5083 5.23905 18.8
      vertex -12.5083 5.23905 19.8
    endloop
  endfacet
  facet normal 0.195175 0.980768 -0
    outer loop
      vertex -13.6632 4.76069 18.8
      vertex -13.8235 4.79259 19.8
      vertex -13.6632 4.76069 19.8
    endloop
  endfacet
  facet normal 0.195175 0.980768 0
    outer loop
      vertex -13.8235 4.79259 19.8
      vertex -13.6632 4.76069 18.8
      vertex -13.8235 4.79259 18.8
    endloop
  endfacet
  facet normal 0.946851 0.321671 0
    outer loop
      vertex -14.6548 5.52165 19.8
      vertex -14.7074 5.67648 18.8
      vertex -14.7074 5.67648 19.8
    endloop
  endfacet
  facet normal 0.946851 0.321671 0
    outer loop
      vertex -14.7074 5.67648 18.8
      vertex -14.6548 5.52165 19.8
      vertex -14.6548 5.52165 18.8
    endloop
  endfacet
  facet normal 0.997857 0.0654392 0
    outer loop
      vertex -14.7393 5.83684 19.8
      vertex -14.75 6 18.8
      vertex -14.75 6 19.8
    endloop
  endfacet
  facet normal 0.997857 0.0654392 0
    outer loop
      vertex -14.75 6 18.8
      vertex -14.7393 5.83684 19.8
      vertex -14.7393 5.83684 18.8
    endloop
  endfacet
  facet normal -0.442411 0.896812 0
    outer loop
      vertex -12.875 4.91747 18.8
      vertex -13.0216 4.84515 19.8
      vertex -12.875 4.91747 19.8
    endloop
  endfacet
  facet normal -0.442411 0.896812 0
    outer loop
      vertex -13.0216 4.84515 19.8
      vertex -12.875 4.91747 18.8
      vertex -13.0216 4.84515 18.8
    endloop
  endfacet
  facet normal -0.321322 0.94697 0
    outer loop
      vertex -13.0216 4.84515 18.8
      vertex -13.1765 4.79259 19.8
      vertex -13.0216 4.84515 19.8
    endloop
  endfacet
  facet normal -0.321322 0.94697 0
    outer loop
      vertex -13.1765 4.79259 19.8
      vertex -13.0216 4.84515 18.8
      vertex -13.1765 4.79259 18.8
    endloop
  endfacet
  facet normal -0.659448 0.75175 0
    outer loop
      vertex -12.6161 5.11612 18.8
      vertex -12.739 5.00831 19.8
      vertex -12.6161 5.11612 19.8
    endloop
  endfacet
  facet normal -0.659448 0.75175 0
    outer loop
      vertex -12.739 5.00831 19.8
      vertex -12.6161 5.11612 18.8
      vertex -12.739 5.00831 18.8
    endloop
  endfacet
  facet normal -0.555434 0.831561 0
    outer loop
      vertex -12.739 5.00831 18.8
      vertex -12.875 4.91747 19.8
      vertex -12.739 5.00831 19.8
    endloop
  endfacet
  facet normal -0.555434 0.831561 0
    outer loop
      vertex -12.875 4.91747 19.8
      vertex -12.739 5.00831 18.8
      vertex -12.875 4.91747 18.8
    endloop
  endfacet
  facet normal -0.896678 0.442683 0
    outer loop
      vertex -12.4175 5.375 18.8
      vertex -12.3451 5.52165 19.8
      vertex -12.3451 5.52165 18.8
    endloop
  endfacet
  facet normal -0.896678 0.442683 0
    outer loop
      vertex -12.3451 5.52165 19.8
      vertex -12.4175 5.375 18.8
      vertex -12.4175 5.375 19.8
    endloop
  endfacet
  facet normal 0.0653624 0.997862 -0
    outer loop
      vertex -13.5 4.75 18.8
      vertex -13.6632 4.76069 19.8
      vertex -13.5 4.75 19.8
    endloop
  endfacet
  facet normal 0.0653624 0.997862 0
    outer loop
      vertex -13.6632 4.76069 19.8
      vertex -13.5 4.75 18.8
      vertex -13.6632 4.76069 18.8
    endloop
  endfacet
  facet normal 0.321322 0.94697 -0
    outer loop
      vertex -13.8235 4.79259 18.8
      vertex -13.9784 4.84515 19.8
      vertex -13.8235 4.79259 19.8
    endloop
  endfacet
  facet normal 0.321322 0.94697 0
    outer loop
      vertex -13.9784 4.84515 19.8
      vertex -13.8235 4.79259 18.8
      vertex -13.9784 4.84515 18.8
    endloop
  endfacet
  facet normal 0.831579 0.555406 0
    outer loop
      vertex -14.4917 5.23905 19.8
      vertex -14.5825 5.375 18.8
      vertex -14.5825 5.375 19.8
    endloop
  endfacet
  facet normal 0.831579 0.555406 0
    outer loop
      vertex -14.5825 5.375 18.8
      vertex -14.4917 5.23905 19.8
      vertex -14.4917 5.23905 18.8
    endloop
  endfacet
  facet normal 0.896921 0.442191 0
    outer loop
      vertex -14.5825 5.375 19.8
      vertex -14.6548 5.52165 18.8
      vertex -14.6548 5.52165 19.8
    endloop
  endfacet
  facet normal 0.896921 0.442191 0
    outer loop
      vertex -14.6548 5.52165 18.8
      vertex -14.5825 5.375 19.8
      vertex -14.5825 5.375 18.8
    endloop
  endfacet
  facet normal 0.980782 0.195105 0
    outer loop
      vertex -14.7074 5.67648 19.8
      vertex -14.7393 5.83684 18.8
      vertex -14.7393 5.83684 19.8
    endloop
  endfacet
  facet normal 0.980782 0.195105 0
    outer loop
      vertex -14.7393 5.83684 18.8
      vertex -14.7074 5.67648 19.8
      vertex -14.7074 5.67648 18.8
    endloop
  endfacet
  facet normal 0.442411 0.896812 -0
    outer loop
      vertex -13.9784 4.84515 18.8
      vertex -14.125 4.91747 19.8
      vertex -13.9784 4.84515 19.8
    endloop
  endfacet
  facet normal 0.442411 0.896812 0
    outer loop
      vertex -14.125 4.91747 19.8
      vertex -13.9784 4.84515 18.8
      vertex -14.125 4.91747 18.8
    endloop
  endfacet
  facet normal 0.555434 0.831561 -0
    outer loop
      vertex -14.125 4.91747 18.8
      vertex -14.261 5.00831 19.8
      vertex -14.125 4.91747 19.8
    endloop
  endfacet
  facet normal 0.555434 0.831561 0
    outer loop
      vertex -14.261 5.00831 19.8
      vertex -14.125 4.91747 18.8
      vertex -14.261 5.00831 18.8
    endloop
  endfacet
  facet normal 0.659448 0.75175 -0
    outer loop
      vertex -14.261 5.00831 18.8
      vertex -14.3839 5.11612 19.8
      vertex -14.261 5.00831 19.8
    endloop
  endfacet
  facet normal 0.659448 0.75175 0
    outer loop
      vertex -14.3839 5.11612 19.8
      vertex -14.261 5.00831 18.8
      vertex -14.3839 5.11612 18.8
    endloop
  endfacet
  facet normal -0.997861 -0.0653783 0
    outer loop
      vertex -7.75 -6 18.8
      vertex -7.76069 -5.83684 19.8
      vertex -7.76069 -5.83684 18.8
    endloop
  endfacet
  facet normal -0.997861 -0.0653783 0
    outer loop
      vertex -7.76069 -5.83684 19.8
      vertex -7.75 -6 18.8
      vertex -7.75 -6 19.8
    endloop
  endfacet
  facet normal 0.997857 -0.0654392 0
    outer loop
      vertex -10.25 -6 19.8
      vertex -10.2393 -5.83684 18.8
      vertex -10.2393 -5.83684 19.8
    endloop
  endfacet
  facet normal 0.997857 -0.0654392 0
    outer loop
      vertex -10.2393 -5.83684 18.8
      vertex -10.25 -6 19.8
      vertex -10.25 -6 18.8
    endloop
  endfacet
  facet normal 0.0653783 -0.997861 0
    outer loop
      vertex -9.16316 -4.76069 18.8
      vertex -9 -4.75 19.8
      vertex -9.16316 -4.76069 19.8
    endloop
  endfacet
  facet normal 0.0653783 -0.997861 0
    outer loop
      vertex -9 -4.75 19.8
      vertex -9.16316 -4.76069 18.8
      vertex -9 -4.75 18.8
    endloop
  endfacet
  facet normal -0.659357 -0.75183 0
    outer loop
      vertex -8.23905 -5.00831 18.8
      vertex -8.11612 -5.11612 19.8
      vertex -8.23905 -5.00831 19.8
    endloop
  endfacet
  facet normal -0.659357 -0.75183 -0
    outer loop
      vertex -8.11612 -5.11612 19.8
      vertex -8.23905 -5.00831 18.8
      vertex -8.11612 -5.11612 18.8
    endloop
  endfacet
  facet normal 0.659357 -0.75183 0
    outer loop
      vertex -9.88388 -5.11612 18.8
      vertex -9.76095 -5.00831 19.8
      vertex -9.88388 -5.11612 19.8
    endloop
  endfacet
  facet normal 0.659357 -0.75183 0
    outer loop
      vertex -9.76095 -5.00831 19.8
      vertex -9.88388 -5.11612 18.8
      vertex -9.76095 -5.00831 18.8
    endloop
  endfacet
  facet normal 0.321452 -0.946926 0
    outer loop
      vertex -9.47835 -4.84515 18.8
      vertex -9.32352 -4.79259 19.8
      vertex -9.47835 -4.84515 19.8
    endloop
  endfacet
  facet normal 0.321452 -0.946926 0
    outer loop
      vertex -9.32352 -4.79259 19.8
      vertex -9.47835 -4.84515 18.8
      vertex -9.32352 -4.79259 18.8
    endloop
  endfacet
  facet normal -0.896872 -0.44229 0
    outer loop
      vertex -7.84515 -5.52165 18.8
      vertex -7.91747 -5.375 19.8
      vertex -7.91747 -5.375 18.8
    endloop
  endfacet
  facet normal -0.896872 -0.44229 0
    outer loop
      vertex -7.91747 -5.375 19.8
      vertex -7.84515 -5.52165 18.8
      vertex -7.84515 -5.52165 19.8
    endloop
  endfacet
  facet normal -0.980782 -0.195105 0
    outer loop
      vertex -7.76069 -5.83684 18.8
      vertex -7.79259 -5.67648 19.8
      vertex -7.79259 -5.67648 18.8
    endloop
  endfacet
  facet normal -0.980782 -0.195105 0
    outer loop
      vertex -7.79259 -5.67648 19.8
      vertex -7.76069 -5.83684 18.8
      vertex -7.76069 -5.83684 19.8
    endloop
  endfacet
  facet normal -0.321452 -0.946926 0
    outer loop
      vertex -8.67648 -4.79259 18.8
      vertex -8.52165 -4.84515 19.8
      vertex -8.67648 -4.79259 19.8
    endloop
  endfacet
  facet normal -0.321452 -0.946926 -0
    outer loop
      vertex -8.52165 -4.84515 19.8
      vertex -8.67648 -4.79259 18.8
      vertex -8.52165 -4.84515 18.8
    endloop
  endfacet
  facet normal -0.195105 -0.980782 0
    outer loop
      vertex -8.83684 -4.76069 18.8
      vertex -8.67648 -4.79259 19.8
      vertex -8.83684 -4.76069 19.8
    endloop
  endfacet
  facet normal -0.195105 -0.980782 -0
    outer loop
      vertex -8.67648 -4.79259 19.8
      vertex -8.83684 -4.76069 18.8
      vertex -8.67648 -4.79259 18.8
    endloop
  endfacet
  facet normal -0.44229 -0.896872 0
    outer loop
      vertex -8.52165 -4.84515 18.8
      vertex -8.375 -4.91747 19.8
      vertex -8.52165 -4.84515 19.8
    endloop
  endfacet
  facet normal -0.44229 -0.896872 -0
    outer loop
      vertex -8.375 -4.91747 19.8
      vertex -8.52165 -4.84515 18.8
      vertex -8.375 -4.91747 18.8
    endloop
  endfacet
  facet normal 0.831551 -0.555448 0
    outer loop
      vertex -10.0825 -5.375 19.8
      vertex -9.99169 -5.23905 18.8
      vertex -9.99169 -5.23905 19.8
    endloop
  endfacet
  facet normal 0.831551 -0.555448 0
    outer loop
      vertex -9.99169 -5.23905 18.8
      vertex -10.0825 -5.375 19.8
      vertex -10.0825 -5.375 18.8
    endloop
  endfacet
  facet normal 0.75183 -0.659357 0
    outer loop
      vertex -9.99169 -5.23905 19.8
      vertex -9.88388 -5.11612 18.8
      vertex -9.88388 -5.11612 19.8
    endloop
  endfacet
  facet normal 0.75183 -0.659357 0
    outer loop
      vertex -9.88388 -5.11612 18.8
      vertex -9.99169 -5.23905 19.8
      vertex -9.99169 -5.23905 18.8
    endloop
  endfacet
  facet normal 0.946851 -0.321671 0
    outer loop
      vertex -10.2074 -5.67648 19.8
      vertex -10.1548 -5.52165 18.8
      vertex -10.1548 -5.52165 19.8
    endloop
  endfacet
  facet normal 0.946851 -0.321671 0
    outer loop
      vertex -10.1548 -5.52165 18.8
      vertex -10.2074 -5.67648 19.8
      vertex -10.2074 -5.67648 18.8
    endloop
  endfacet
  facet normal 0.44229 -0.896872 0
    outer loop
      vertex -9.625 -4.91747 18.8
      vertex -9.47835 -4.84515 19.8
      vertex -9.625 -4.91747 19.8
    endloop
  endfacet
  facet normal 0.44229 -0.896872 0
    outer loop
      vertex -9.47835 -4.84515 19.8
      vertex -9.625 -4.91747 18.8
      vertex -9.47835 -4.84515 18.8
    endloop
  endfacet
  facet normal 0.195105 -0.980782 0
    outer loop
      vertex -9.32352 -4.79259 18.8
      vertex -9.16316 -4.76069 19.8
      vertex -9.32352 -4.79259 19.8
    endloop
  endfacet
  facet normal 0.195105 -0.980782 0
    outer loop
      vertex -9.16316 -4.76069 19.8
      vertex -9.32352 -4.79259 18.8
      vertex -9.16316 -4.76069 18.8
    endloop
  endfacet
  facet normal -0.896872 0.44229 0
    outer loop
      vertex -7.91747 -6.625 18.8
      vertex -7.84515 -6.47835 19.8
      vertex -7.84515 -6.47835 18.8
    endloop
  endfacet
  facet normal -0.896872 0.44229 0
    outer loop
      vertex -7.84515 -6.47835 19.8
      vertex -7.91747 -6.625 18.8
      vertex -7.91747 -6.625 19.8
    endloop
  endfacet
  facet normal -0.980782 0.195105 0
    outer loop
      vertex -7.79259 -6.32352 18.8
      vertex -7.76069 -6.16316 19.8
      vertex -7.76069 -6.16316 18.8
    endloop
  endfacet
  facet normal -0.980782 0.195105 0
    outer loop
      vertex -7.76069 -6.16316 19.8
      vertex -7.79259 -6.32352 18.8
      vertex -7.79259 -6.32352 19.8
    endloop
  endfacet
  facet normal 0.44229 0.896872 -0
    outer loop
      vertex -9.47835 -7.15485 18.8
      vertex -9.625 -7.08253 19.8
      vertex -9.47835 -7.15485 19.8
    endloop
  endfacet
  facet normal 0.44229 0.896872 0
    outer loop
      vertex -9.625 -7.08253 19.8
      vertex -9.47835 -7.15485 18.8
      vertex -9.625 -7.08253 18.8
    endloop
  endfacet
  facet normal 0.321452 0.946926 -0
    outer loop
      vertex -9.32352 -7.20741 18.8
      vertex -9.47835 -7.15485 19.8
      vertex -9.32352 -7.20741 19.8
    endloop
  endfacet
  facet normal 0.321452 0.946926 0
    outer loop
      vertex -9.47835 -7.15485 19.8
      vertex -9.32352 -7.20741 18.8
      vertex -9.47835 -7.15485 18.8
    endloop
  endfacet
  facet normal 0.896921 0.442191 0
    outer loop
      vertex -10.0825 -6.625 19.8
      vertex -10.1548 -6.47835 18.8
      vertex -10.1548 -6.47835 19.8
    endloop
  endfacet
  facet normal 0.896921 0.442191 0
    outer loop
      vertex -10.1548 -6.47835 18.8
      vertex -10.0825 -6.625 19.8
      vertex -10.0825 -6.625 18.8
    endloop
  endfacet
  facet normal 0.831551 0.555448 0
    outer loop
      vertex -9.99169 -6.76095 19.8
      vertex -10.0825 -6.625 18.8
      vertex -10.0825 -6.625 19.8
    endloop
  endfacet
  facet normal 0.831551 0.555448 0
    outer loop
      vertex -10.0825 -6.625 18.8
      vertex -9.99169 -6.76095 19.8
      vertex -9.99169 -6.76095 18.8
    endloop
  endfacet
  facet normal -0.946926 -0.321452 0
    outer loop
      vertex -7.79259 -5.67648 18.8
      vertex -7.84515 -5.52165 19.8
      vertex -7.84515 -5.52165 18.8
    endloop
  endfacet
  facet normal -0.946926 -0.321452 0
    outer loop
      vertex -7.84515 -5.52165 19.8
      vertex -7.79259 -5.67648 18.8
      vertex -7.79259 -5.67648 19.8
    endloop
  endfacet
  facet normal -0.75183 -0.659357 0
    outer loop
      vertex -8.00831 -5.23905 18.8
      vertex -8.11612 -5.11612 19.8
      vertex -8.11612 -5.11612 18.8
    endloop
  endfacet
  facet normal -0.75183 -0.659357 0
    outer loop
      vertex -8.11612 -5.11612 19.8
      vertex -8.00831 -5.23905 18.8
      vertex -8.00831 -5.23905 19.8
    endloop
  endfacet
  facet normal -0.831466 -0.555575 0
    outer loop
      vertex -7.91747 -5.375 18.8
      vertex -8.00831 -5.23905 19.8
      vertex -8.00831 -5.23905 18.8
    endloop
  endfacet
  facet normal -0.831466 -0.555575 0
    outer loop
      vertex -8.00831 -5.23905 19.8
      vertex -7.91747 -5.375 18.8
      vertex -7.91747 -5.375 19.8
    endloop
  endfacet
  facet normal -0.0653783 -0.997861 0
    outer loop
      vertex -9 -4.75 18.8
      vertex -8.83684 -4.76069 19.8
      vertex -9 -4.75 19.8
    endloop
  endfacet
  facet normal -0.0653783 -0.997861 -0
    outer loop
      vertex -8.83684 -4.76069 19.8
      vertex -9 -4.75 18.8
      vertex -8.83684 -4.76069 18.8
    endloop
  endfacet
  facet normal -0.555575 -0.831466 0
    outer loop
      vertex -8.375 -4.91747 18.8
      vertex -8.23905 -5.00831 19.8
      vertex -8.375 -4.91747 19.8
    endloop
  endfacet
  facet normal -0.555575 -0.831466 -0
    outer loop
      vertex -8.23905 -5.00831 19.8
      vertex -8.375 -4.91747 18.8
      vertex -8.23905 -5.00831 18.8
    endloop
  endfacet
  facet normal 0.896921 -0.442191 0
    outer loop
      vertex -10.1548 -5.52165 19.8
      vertex -10.0825 -5.375 18.8
      vertex -10.0825 -5.375 19.8
    endloop
  endfacet
  facet normal 0.896921 -0.442191 0
    outer loop
      vertex -10.0825 -5.375 18.8
      vertex -10.1548 -5.52165 19.8
      vertex -10.1548 -5.52165 18.8
    endloop
  endfacet
  facet normal 0.980782 -0.195105 0
    outer loop
      vertex -10.2393 -5.83684 19.8
      vertex -10.2074 -5.67648 18.8
      vertex -10.2074 -5.67648 19.8
    endloop
  endfacet
  facet normal 0.980782 -0.195105 0
    outer loop
      vertex -10.2074 -5.67648 18.8
      vertex -10.2393 -5.83684 19.8
      vertex -10.2393 -5.83684 18.8
    endloop
  endfacet
  facet normal 0.555575 -0.831466 0
    outer loop
      vertex -9.76095 -5.00831 18.8
      vertex -9.625 -4.91747 19.8
      vertex -9.76095 -5.00831 19.8
    endloop
  endfacet
  facet normal 0.555575 -0.831466 0
    outer loop
      vertex -9.625 -4.91747 19.8
      vertex -9.76095 -5.00831 18.8
      vertex -9.625 -4.91747 18.8
    endloop
  endfacet
  facet normal -0.997861 0.0653783 0
    outer loop
      vertex -7.76069 -6.16316 18.8
      vertex -7.75 -6 19.8
      vertex -7.75 -6 18.8
    endloop
  endfacet
  facet normal -0.997861 0.0653783 0
    outer loop
      vertex -7.75 -6 19.8
      vertex -7.76069 -6.16316 18.8
      vertex -7.76069 -6.16316 19.8
    endloop
  endfacet
  facet normal -0.0653783 0.997861 0
    outer loop
      vertex -8.83684 -7.23931 18.8
      vertex -9 -7.25 19.8
      vertex -8.83684 -7.23931 19.8
    endloop
  endfacet
  facet normal -0.0653783 0.997861 0
    outer loop
      vertex -9 -7.25 19.8
      vertex -8.83684 -7.23931 18.8
      vertex -9 -7.25 18.8
    endloop
  endfacet
  facet normal -0.321452 0.946926 0
    outer loop
      vertex -8.52165 -7.15485 18.8
      vertex -8.67648 -7.20741 19.8
      vertex -8.52165 -7.15485 19.8
    endloop
  endfacet
  facet normal -0.321452 0.946926 0
    outer loop
      vertex -8.67648 -7.20741 19.8
      vertex -8.52165 -7.15485 18.8
      vertex -8.67648 -7.20741 18.8
    endloop
  endfacet
  facet normal -0.44229 0.896872 0
    outer loop
      vertex -8.375 -7.08253 18.8
      vertex -8.52165 -7.15485 19.8
      vertex -8.375 -7.08253 19.8
    endloop
  endfacet
  facet normal -0.44229 0.896872 0
    outer loop
      vertex -8.52165 -7.15485 19.8
      vertex -8.375 -7.08253 18.8
      vertex -8.52165 -7.15485 18.8
    endloop
  endfacet
  facet normal -0.659357 0.75183 0
    outer loop
      vertex -8.11612 -6.88388 18.8
      vertex -8.23905 -6.99169 19.8
      vertex -8.11612 -6.88388 19.8
    endloop
  endfacet
  facet normal -0.659357 0.75183 0
    outer loop
      vertex -8.23905 -6.99169 19.8
      vertex -8.11612 -6.88388 18.8
      vertex -8.23905 -6.99169 18.8
    endloop
  endfacet
  facet normal -0.75183 0.659357 0
    outer loop
      vertex -8.11612 -6.88388 18.8
      vertex -8.00831 -6.76095 19.8
      vertex -8.00831 -6.76095 18.8
    endloop
  endfacet
  facet normal -0.75183 0.659357 0
    outer loop
      vertex -8.00831 -6.76095 19.8
      vertex -8.11612 -6.88388 18.8
      vertex -8.11612 -6.88388 19.8
    endloop
  endfacet
  facet normal -0.831466 0.555575 0
    outer loop
      vertex -8.00831 -6.76095 18.8
      vertex -7.91747 -6.625 19.8
      vertex -7.91747 -6.625 18.8
    endloop
  endfacet
  facet normal -0.831466 0.555575 0
    outer loop
      vertex -7.91747 -6.625 19.8
      vertex -8.00831 -6.76095 18.8
      vertex -8.00831 -6.76095 19.8
    endloop
  endfacet
  facet normal 0.659357 0.75183 -0
    outer loop
      vertex -9.76095 -6.99169 18.8
      vertex -9.88388 -6.88388 19.8
      vertex -9.76095 -6.99169 19.8
    endloop
  endfacet
  facet normal 0.659357 0.75183 0
    outer loop
      vertex -9.88388 -6.88388 19.8
      vertex -9.76095 -6.99169 18.8
      vertex -9.88388 -6.88388 18.8
    endloop
  endfacet
  facet normal 0.555575 0.831466 -0
    outer loop
      vertex -9.625 -7.08253 18.8
      vertex -9.76095 -6.99169 19.8
      vertex -9.625 -7.08253 19.8
    endloop
  endfacet
  facet normal 0.555575 0.831466 0
    outer loop
      vertex -9.76095 -6.99169 19.8
      vertex -9.625 -7.08253 18.8
      vertex -9.76095 -6.99169 18.8
    endloop
  endfacet
  facet normal 0.195105 0.980782 -0
    outer loop
      vertex -9.16316 -7.23931 18.8
      vertex -9.32352 -7.20741 19.8
      vertex -9.16316 -7.23931 19.8
    endloop
  endfacet
  facet normal 0.195105 0.980782 0
    outer loop
      vertex -9.32352 -7.20741 19.8
      vertex -9.16316 -7.23931 18.8
      vertex -9.32352 -7.20741 18.8
    endloop
  endfacet
  facet normal 0.75183 0.659357 0
    outer loop
      vertex -9.88388 -6.88388 19.8
      vertex -9.99169 -6.76095 18.8
      vertex -9.99169 -6.76095 19.8
    endloop
  endfacet
  facet normal 0.75183 0.659357 0
    outer loop
      vertex -9.99169 -6.76095 18.8
      vertex -9.88388 -6.88388 19.8
      vertex -9.88388 -6.88388 18.8
    endloop
  endfacet
  facet normal 0.946851 0.321671 0
    outer loop
      vertex -10.1548 -6.47835 19.8
      vertex -10.2074 -6.32352 18.8
      vertex -10.2074 -6.32352 19.8
    endloop
  endfacet
  facet normal 0.946851 0.321671 0
    outer loop
      vertex -10.2074 -6.32352 18.8
      vertex -10.1548 -6.47835 19.8
      vertex -10.1548 -6.47835 18.8
    endloop
  endfacet
  facet normal 0.997857 0.0654392 0
    outer loop
      vertex -10.2393 -6.16316 19.8
      vertex -10.25 -6 18.8
      vertex -10.25 -6 19.8
    endloop
  endfacet
  facet normal 0.997857 0.0654392 0
    outer loop
      vertex -10.25 -6 18.8
      vertex -10.2393 -6.16316 19.8
      vertex -10.2393 -6.16316 18.8
    endloop
  endfacet
  facet normal -0.195105 0.980782 0
    outer loop
      vertex -8.67648 -7.20741 18.8
      vertex -8.83684 -7.23931 19.8
      vertex -8.67648 -7.20741 19.8
    endloop
  endfacet
  facet normal -0.195105 0.980782 0
    outer loop
      vertex -8.83684 -7.23931 19.8
      vertex -8.67648 -7.20741 18.8
      vertex -8.83684 -7.23931 18.8
    endloop
  endfacet
  facet normal -0.555575 0.831466 0
    outer loop
      vertex -8.23905 -6.99169 18.8
      vertex -8.375 -7.08253 19.8
      vertex -8.23905 -6.99169 19.8
    endloop
  endfacet
  facet normal -0.555575 0.831466 0
    outer loop
      vertex -8.375 -7.08253 19.8
      vertex -8.23905 -6.99169 18.8
      vertex -8.375 -7.08253 18.8
    endloop
  endfacet
  facet normal -0.946926 0.321452 0
    outer loop
      vertex -7.84515 -6.47835 18.8
      vertex -7.79259 -6.32352 19.8
      vertex -7.79259 -6.32352 18.8
    endloop
  endfacet
  facet normal -0.946926 0.321452 0
    outer loop
      vertex -7.79259 -6.32352 19.8
      vertex -7.84515 -6.47835 18.8
      vertex -7.84515 -6.47835 19.8
    endloop
  endfacet
  facet normal 0.0653783 0.997861 -0
    outer loop
      vertex -9 -7.25 18.8
      vertex -9.16316 -7.23931 19.8
      vertex -9 -7.25 19.8
    endloop
  endfacet
  facet normal 0.0653783 0.997861 0
    outer loop
      vertex -9.16316 -7.23931 19.8
      vertex -9 -7.25 18.8
      vertex -9.16316 -7.23931 18.8
    endloop
  endfacet
  facet normal 0.980782 0.195105 0
    outer loop
      vertex -10.2074 -6.32352 19.8
      vertex -10.2393 -6.16316 18.8
      vertex -10.2393 -6.16316 19.8
    endloop
  endfacet
  facet normal 0.980782 0.195105 0
    outer loop
      vertex -10.2393 -6.16316 18.8
      vertex -10.2074 -6.32352 19.8
      vertex -10.2074 -6.32352 18.8
    endloop
  endfacet
  facet normal -0.99786 -0.0653795 0
    outer loop
      vertex -7.75 0 18.8
      vertex -7.76069 0.163157 19.8
      vertex -7.76069 0.163157 18.8
    endloop
  endfacet
  facet normal -0.99786 -0.0653795 0
    outer loop
      vertex -7.76069 0.163157 19.8
      vertex -7.75 0 18.8
      vertex -7.75 0 19.8
    endloop
  endfacet
  facet normal 0.997856 -0.0654404 0
    outer loop
      vertex -10.25 0 19.8
      vertex -10.2393 0.163157 18.8
      vertex -10.2393 0.163157 19.8
    endloop
  endfacet
  facet normal 0.997856 -0.0654404 0
    outer loop
      vertex -10.2393 0.163157 18.8
      vertex -10.25 0 19.8
      vertex -10.25 0 18.8
    endloop
  endfacet
  facet normal -0.0653783 -0.997861 0
    outer loop
      vertex -9 1.25 18.8
      vertex -8.83684 1.23931 19.8
      vertex -9 1.25 19.8
    endloop
  endfacet
  facet normal -0.0653783 -0.997861 -0
    outer loop
      vertex -8.83684 1.23931 19.8
      vertex -9 1.25 18.8
      vertex -8.83684 1.23931 18.8
    endloop
  endfacet
  facet normal -0.751835 -0.659351 0
    outer loop
      vertex -8.00831 0.760951 18.8
      vertex -8.11612 0.883883 19.8
      vertex -8.11612 0.883883 18.8
    endloop
  endfacet
  facet normal -0.751835 -0.659351 0
    outer loop
      vertex -8.11612 0.883883 19.8
      vertex -8.00831 0.760951 18.8
      vertex -8.00831 0.760951 19.8
    endloop
  endfacet
  facet normal 0.659354 -0.751833 0
    outer loop
      vertex -9.88388 0.883883 18.8
      vertex -9.76095 0.991692 19.8
      vertex -9.88388 0.883883 19.8
    endloop
  endfacet
  facet normal 0.659354 -0.751833 0
    outer loop
      vertex -9.76095 0.991692 19.8
      vertex -9.88388 0.883883 18.8
      vertex -9.76095 0.991692 18.8
    endloop
  endfacet
  facet normal 0.321452 -0.946926 0
    outer loop
      vertex -9.47835 1.15485 18.8
      vertex -9.32352 1.20741 19.8
      vertex -9.47835 1.15485 19.8
    endloop
  endfacet
  facet normal 0.321452 -0.946926 0
    outer loop
      vertex -9.32352 1.20741 19.8
      vertex -9.47835 1.15485 18.8
      vertex -9.32352 1.20741 18.8
    endloop
  endfacet
  facet normal -0.946926 -0.321452 0
    outer loop
      vertex -7.79259 0.323524 18.8
      vertex -7.84515 0.478354 19.8
      vertex -7.84515 0.478354 18.8
    endloop
  endfacet
  facet normal -0.946926 -0.321452 0
    outer loop
      vertex -7.84515 0.478354 19.8
      vertex -7.79259 0.323524 18.8
      vertex -7.79259 0.323524 19.8
    endloop
  endfacet
  facet normal -0.980784 -0.195096 0
    outer loop
      vertex -7.76069 0.163157 18.8
      vertex -7.79259 0.323524 19.8
      vertex -7.79259 0.323524 18.8
    endloop
  endfacet
  facet normal -0.980784 -0.195096 0
    outer loop
      vertex -7.79259 0.323524 19.8
      vertex -7.76069 0.163157 18.8
      vertex -7.76069 0.163157 19.8
    endloop
  endfacet
  facet normal -0.896867 -0.442299 0
    outer loop
      vertex -7.84515 0.478354 18.8
      vertex -7.91747 0.625 19.8
      vertex -7.91747 0.625 18.8
    endloop
  endfacet
  facet normal -0.896867 -0.442299 0
    outer loop
      vertex -7.91747 0.625 19.8
      vertex -7.84515 0.478354 18.8
      vertex -7.84515 0.478354 19.8
    endloop
  endfacet
  facet normal -0.44229 -0.896872 0
    outer loop
      vertex -8.52165 1.15485 18.8
      vertex -8.375 1.08253 19.8
      vertex -8.52165 1.15485 19.8
    endloop
  endfacet
  facet normal -0.44229 -0.896872 -0
    outer loop
      vertex -8.375 1.08253 19.8
      vertex -8.52165 1.15485 18.8
      vertex -8.375 1.08253 18.8
    endloop
  endfacet
  facet normal -0.321452 -0.946926 0
    outer loop
      vertex -8.67648 1.20741 18.8
      vertex -8.52165 1.15485 19.8
      vertex -8.67648 1.20741 19.8
    endloop
  endfacet
  facet normal -0.321452 -0.946926 -0
    outer loop
      vertex -8.52165 1.15485 19.8
      vertex -8.67648 1.20741 18.8
      vertex -8.52165 1.15485 18.8
    endloop
  endfacet
  facet normal -0.659354 -0.751833 0
    outer loop
      vertex -8.23905 0.991692 18.8
      vertex -8.11612 0.883883 19.8
      vertex -8.23905 0.991692 19.8
    endloop
  endfacet
  facet normal -0.659354 -0.751833 -0
    outer loop
      vertex -8.11612 0.883883 19.8
      vertex -8.23905 0.991692 18.8
      vertex -8.11612 0.883883 18.8
    endloop
  endfacet
  facet normal 0.896916 -0.442201 0
    outer loop
      vertex -10.1548 0.478354 19.8
      vertex -10.0825 0.625 18.8
      vertex -10.0825 0.625 19.8
    endloop
  endfacet
  facet normal 0.896916 -0.442201 0
    outer loop
      vertex -10.0825 0.625 18.8
      vertex -10.1548 0.478354 19.8
      vertex -10.1548 0.478354 18.8
    endloop
  endfacet
  facet normal 0.946851 -0.321671 0
    outer loop
      vertex -10.2074 0.323524 19.8
      vertex -10.1548 0.478354 18.8
      vertex -10.1548 0.478354 19.8
    endloop
  endfacet
  facet normal 0.946851 -0.321671 0
    outer loop
      vertex -10.1548 0.478354 18.8
      vertex -10.2074 0.323524 19.8
      vertex -10.2074 0.323524 18.8
    endloop
  endfacet
  facet normal 0.44229 -0.896872 0
    outer loop
      vertex -9.625 1.08253 18.8
      vertex -9.47835 1.15485 19.8
      vertex -9.625 1.08253 19.8
    endloop
  endfacet
  facet normal 0.44229 -0.896872 0
    outer loop
      vertex -9.47835 1.15485 19.8
      vertex -9.625 1.08253 18.8
      vertex -9.47835 1.15485 18.8
    endloop
  endfacet
  facet normal 0.195105 -0.980782 0
    outer loop
      vertex -9.32352 1.20741 18.8
      vertex -9.16316 1.23931 19.8
      vertex -9.32352 1.20741 19.8
    endloop
  endfacet
  facet normal 0.195105 -0.980782 0
    outer loop
      vertex -9.16316 1.23931 19.8
      vertex -9.32352 1.20741 18.8
      vertex -9.16316 1.23931 18.8
    endloop
  endfacet
  facet normal -0.946926 0.321452 0
    outer loop
      vertex -7.84515 -0.478354 18.8
      vertex -7.79259 -0.323524 19.8
      vertex -7.79259 -0.323524 18.8
    endloop
  endfacet
  facet normal -0.946926 0.321452 0
    outer loop
      vertex -7.79259 -0.323524 19.8
      vertex -7.84515 -0.478354 18.8
      vertex -7.84515 -0.478354 19.8
    endloop
  endfacet
  facet normal -0.980784 0.195096 0
    outer loop
      vertex -7.79259 -0.323524 18.8
      vertex -7.76069 -0.163157 19.8
      vertex -7.76069 -0.163157 18.8
    endloop
  endfacet
  facet normal -0.980784 0.195096 0
    outer loop
      vertex -7.76069 -0.163157 19.8
      vertex -7.79259 -0.323524 18.8
      vertex -7.79259 -0.323524 19.8
    endloop
  endfacet
  facet normal 0.321452 0.946926 -0
    outer loop
      vertex -9.32352 -1.20741 18.8
      vertex -9.47835 -1.15485 19.8
      vertex -9.32352 -1.20741 19.8
    endloop
  endfacet
  facet normal 0.321452 0.946926 0
    outer loop
      vertex -9.47835 -1.15485 19.8
      vertex -9.32352 -1.20741 18.8
      vertex -9.47835 -1.15485 18.8
    endloop
  endfacet
  facet normal 0.896916 0.442201 0
    outer loop
      vertex -10.0825 -0.625 19.8
      vertex -10.1548 -0.478354 18.8
      vertex -10.1548 -0.478354 19.8
    endloop
  endfacet
  facet normal 0.896916 0.442201 0
    outer loop
      vertex -10.1548 -0.478354 18.8
      vertex -10.0825 -0.625 19.8
      vertex -10.0825 -0.625 18.8
    endloop
  endfacet
  facet normal -0.831468 -0.555572 0
    outer loop
      vertex -7.91747 0.625 18.8
      vertex -8.00831 0.760951 19.8
      vertex -8.00831 0.760951 18.8
    endloop
  endfacet
  facet normal -0.831468 -0.555572 0
    outer loop
      vertex -8.00831 0.760951 19.8
      vertex -7.91747 0.625 18.8
      vertex -7.91747 0.625 19.8
    endloop
  endfacet
  facet normal -0.195105 -0.980782 0
    outer loop
      vertex -8.83684 1.23931 18.8
      vertex -8.67648 1.20741 19.8
      vertex -8.83684 1.23931 19.8
    endloop
  endfacet
  facet normal -0.195105 -0.980782 -0
    outer loop
      vertex -8.67648 1.20741 19.8
      vertex -8.83684 1.23931 18.8
      vertex -8.67648 1.20741 18.8
    endloop
  endfacet
  facet normal -0.555566 -0.831472 0
    outer loop
      vertex -8.375 1.08253 18.8
      vertex -8.23905 0.991692 19.8
      vertex -8.375 1.08253 19.8
    endloop
  endfacet
  facet normal -0.555566 -0.831472 -0
    outer loop
      vertex -8.23905 0.991692 19.8
      vertex -8.375 1.08253 18.8
      vertex -8.23905 0.991692 18.8
    endloop
  endfacet
  facet normal 0.831553 -0.555445 0
    outer loop
      vertex -10.0825 0.625 19.8
      vertex -9.99169 0.760951 18.8
      vertex -9.99169 0.760951 19.8
    endloop
  endfacet
  facet normal 0.831553 -0.555445 0
    outer loop
      vertex -9.99169 0.760951 18.8
      vertex -10.0825 0.625 19.8
      vertex -10.0825 0.625 18.8
    endloop
  endfacet
  facet normal 0.751835 -0.659351 0
    outer loop
      vertex -9.99169 0.760951 19.8
      vertex -9.88388 0.883883 18.8
      vertex -9.88388 0.883883 19.8
    endloop
  endfacet
  facet normal 0.751835 -0.659351 0
    outer loop
      vertex -9.88388 0.883883 18.8
      vertex -9.99169 0.760951 19.8
      vertex -9.99169 0.760951 18.8
    endloop
  endfacet
  facet normal 0.980784 -0.195096 0
    outer loop
      vertex -10.2393 0.163157 19.8
      vertex -10.2074 0.323524 18.8
      vertex -10.2074 0.323524 19.8
    endloop
  endfacet
  facet normal 0.980784 -0.195096 0
    outer loop
      vertex -10.2074 0.323524 18.8
      vertex -10.2393 0.163157 19.8
      vertex -10.2393 0.163157 18.8
    endloop
  endfacet
  facet normal 0.555566 -0.831472 0
    outer loop
      vertex -9.76095 0.991692 18.8
      vertex -9.625 1.08253 19.8
      vertex -9.76095 0.991692 19.8
    endloop
  endfacet
  facet normal 0.555566 -0.831472 0
    outer loop
      vertex -9.625 1.08253 19.8
      vertex -9.76095 0.991692 18.8
      vertex -9.625 1.08253 18.8
    endloop
  endfacet
  facet normal 0.0653783 -0.997861 0
    outer loop
      vertex -9.16316 1.23931 18.8
      vertex -9 1.25 19.8
      vertex -9.16316 1.23931 19.8
    endloop
  endfacet
  facet normal 0.0653783 -0.997861 0
    outer loop
      vertex -9 1.25 19.8
      vertex -9.16316 1.23931 18.8
      vertex -9 1.25 18.8
    endloop
  endfacet
  facet normal -0.0653783 0.997861 0
    outer loop
      vertex -8.83684 -1.23931 18.8
      vertex -9 -1.25 19.8
      vertex -8.83684 -1.23931 19.8
    endloop
  endfacet
  facet normal -0.0653783 0.997861 0
    outer loop
      vertex -9 -1.25 19.8
      vertex -8.83684 -1.23931 18.8
      vertex -9 -1.25 18.8
    endloop
  endfacet
  facet normal -0.321452 0.946926 0
    outer loop
      vertex -8.52165 -1.15485 18.8
      vertex -8.67648 -1.20741 19.8
      vertex -8.52165 -1.15485 19.8
    endloop
  endfacet
  facet normal -0.321452 0.946926 0
    outer loop
      vertex -8.67648 -1.20741 19.8
      vertex -8.52165 -1.15485 18.8
      vertex -8.67648 -1.20741 18.8
    endloop
  endfacet
  facet normal -0.659354 0.751833 0
    outer loop
      vertex -8.11612 -0.883883 18.8
      vertex -8.23905 -0.991692 19.8
      vertex -8.11612 -0.883883 19.8
    endloop
  endfacet
  facet normal -0.659354 0.751833 0
    outer loop
      vertex -8.23905 -0.991692 19.8
      vertex -8.11612 -0.883883 18.8
      vertex -8.23905 -0.991692 18.8
    endloop
  endfacet
  facet normal -0.44229 0.896872 0
    outer loop
      vertex -8.375 -1.08253 18.8
      vertex -8.52165 -1.15485 19.8
      vertex -8.375 -1.08253 19.8
    endloop
  endfacet
  facet normal -0.44229 0.896872 0
    outer loop
      vertex -8.52165 -1.15485 19.8
      vertex -8.375 -1.08253 18.8
      vertex -8.52165 -1.15485 18.8
    endloop
  endfacet
  facet normal -0.751835 0.659351 0
    outer loop
      vertex -8.11612 -0.883883 18.8
      vertex -8.00831 -0.760951 19.8
      vertex -8.00831 -0.760951 18.8
    endloop
  endfacet
  facet normal -0.751835 0.659351 0
    outer loop
      vertex -8.00831 -0.760951 19.8
      vertex -8.11612 -0.883883 18.8
      vertex -8.11612 -0.883883 19.8
    endloop
  endfacet
  facet normal -0.896867 0.442299 0
    outer loop
      vertex -7.91747 -0.625 18.8
      vertex -7.84515 -0.478354 19.8
      vertex -7.84515 -0.478354 18.8
    endloop
  endfacet
  facet normal -0.896867 0.442299 0
    outer loop
      vertex -7.84515 -0.478354 19.8
      vertex -7.91747 -0.625 18.8
      vertex -7.91747 -0.625 19.8
    endloop
  endfacet
  facet normal -0.99786 0.0653795 0
    outer loop
      vertex -7.76069 -0.163157 18.8
      vertex -7.75 0 19.8
      vertex -7.75 0 18.8
    endloop
  endfacet
  facet normal -0.99786 0.0653795 0
    outer loop
      vertex -7.75 0 19.8
      vertex -7.76069 -0.163157 18.8
      vertex -7.76069 -0.163157 19.8
    endloop
  endfacet
  facet normal 0.659354 0.751833 -0
    outer loop
      vertex -9.76095 -0.991692 18.8
      vertex -9.88388 -0.883883 19.8
      vertex -9.76095 -0.991692 19.8
    endloop
  endfacet
  facet normal 0.659354 0.751833 0
    outer loop
      vertex -9.88388 -0.883883 19.8
      vertex -9.76095 -0.991692 18.8
      vertex -9.88388 -0.883883 18.8
    endloop
  endfacet
  facet normal 0.44229 0.896872 -0
    outer loop
      vertex -9.47835 -1.15485 18.8
      vertex -9.625 -1.08253 19.8
      vertex -9.47835 -1.15485 19.8
    endloop
  endfacet
  facet normal 0.44229 0.896872 0
    outer loop
      vertex -9.625 -1.08253 19.8
      vertex -9.47835 -1.15485 18.8
      vertex -9.625 -1.08253 18.8
    endloop
  endfacet
  facet normal 0.195105 0.980782 -0
    outer loop
      vertex -9.16316 -1.23931 18.8
      vertex -9.32352 -1.20741 19.8
      vertex -9.16316 -1.23931 19.8
    endloop
  endfacet
  facet normal 0.195105 0.980782 0
    outer loop
      vertex -9.32352 -1.20741 19.8
      vertex -9.16316 -1.23931 18.8
      vertex -9.32352 -1.20741 18.8
    endloop
  endfacet
  facet normal 0.831553 0.555445 0
    outer loop
      vertex -9.99169 -0.760951 19.8
      vertex -10.0825 -0.625 18.8
      vertex -10.0825 -0.625 19.8
    endloop
  endfacet
  facet normal 0.831553 0.555445 0
    outer loop
      vertex -10.0825 -0.625 18.8
      vertex -9.99169 -0.760951 19.8
      vertex -9.99169 -0.760951 18.8
    endloop
  endfacet
  facet normal 0.946851 0.321671 0
    outer loop
      vertex -10.1548 -0.478354 19.8
      vertex -10.2074 -0.323524 18.8
      vertex -10.2074 -0.323524 19.8
    endloop
  endfacet
  facet normal 0.946851 0.321671 0
    outer loop
      vertex -10.2074 -0.323524 18.8
      vertex -10.1548 -0.478354 19.8
      vertex -10.1548 -0.478354 18.8
    endloop
  endfacet
  facet normal 0.997856 0.0654404 0
    outer loop
      vertex -10.2393 -0.163157 19.8
      vertex -10.25 0 18.8
      vertex -10.25 0 19.8
    endloop
  endfacet
  facet normal 0.997856 0.0654404 0
    outer loop
      vertex -10.25 0 18.8
      vertex -10.2393 -0.163157 19.8
      vertex -10.2393 -0.163157 18.8
    endloop
  endfacet
  facet normal -0.195105 0.980782 0
    outer loop
      vertex -8.67648 -1.20741 18.8
      vertex -8.83684 -1.23931 19.8
      vertex -8.67648 -1.20741 19.8
    endloop
  endfacet
  facet normal -0.195105 0.980782 0
    outer loop
      vertex -8.83684 -1.23931 19.8
      vertex -8.67648 -1.20741 18.8
      vertex -8.83684 -1.23931 18.8
    endloop
  endfacet
  facet normal -0.555566 0.831472 0
    outer loop
      vertex -8.23905 -0.991692 18.8
      vertex -8.375 -1.08253 19.8
      vertex -8.23905 -0.991692 19.8
    endloop
  endfacet
  facet normal -0.555566 0.831472 0
    outer loop
      vertex -8.375 -1.08253 19.8
      vertex -8.23905 -0.991692 18.8
      vertex -8.375 -1.08253 18.8
    endloop
  endfacet
  facet normal -0.831468 0.555572 0
    outer loop
      vertex -8.00831 -0.760951 18.8
      vertex -7.91747 -0.625 19.8
      vertex -7.91747 -0.625 18.8
    endloop
  endfacet
  facet normal -0.831468 0.555572 0
    outer loop
      vertex -7.91747 -0.625 19.8
      vertex -8.00831 -0.760951 18.8
      vertex -8.00831 -0.760951 19.8
    endloop
  endfacet
  facet normal 0.555566 0.831472 -0
    outer loop
      vertex -9.625 -1.08253 18.8
      vertex -9.76095 -0.991692 19.8
      vertex -9.625 -1.08253 19.8
    endloop
  endfacet
  facet normal 0.555566 0.831472 0
    outer loop
      vertex -9.76095 -0.991692 19.8
      vertex -9.625 -1.08253 18.8
      vertex -9.76095 -0.991692 18.8
    endloop
  endfacet
  facet normal 0.0653783 0.997861 -0
    outer loop
      vertex -9 -1.25 18.8
      vertex -9.16316 -1.23931 19.8
      vertex -9 -1.25 19.8
    endloop
  endfacet
  facet normal 0.0653783 0.997861 0
    outer loop
      vertex -9.16316 -1.23931 19.8
      vertex -9 -1.25 18.8
      vertex -9.16316 -1.23931 18.8
    endloop
  endfacet
  facet normal 0.751835 0.659351 0
    outer loop
      vertex -9.88388 -0.883883 19.8
      vertex -9.99169 -0.760951 18.8
      vertex -9.99169 -0.760951 19.8
    endloop
  endfacet
  facet normal 0.751835 0.659351 0
    outer loop
      vertex -9.99169 -0.760951 18.8
      vertex -9.88388 -0.883883 19.8
      vertex -9.88388 -0.883883 18.8
    endloop
  endfacet
  facet normal 0.980784 0.195096 0
    outer loop
      vertex -10.2074 -0.323524 19.8
      vertex -10.2393 -0.163157 18.8
      vertex -10.2393 -0.163157 19.8
    endloop
  endfacet
  facet normal 0.980784 0.195096 0
    outer loop
      vertex -10.2393 -0.163157 18.8
      vertex -10.2074 -0.323524 19.8
      vertex -10.2074 -0.323524 18.8
    endloop
  endfacet
  facet normal -0.997861 -0.0653783 0
    outer loop
      vertex -7.75 6 18.8
      vertex -7.76069 6.16316 19.8
      vertex -7.76069 6.16316 18.8
    endloop
  endfacet
  facet normal -0.997861 -0.0653783 0
    outer loop
      vertex -7.76069 6.16316 19.8
      vertex -7.75 6 18.8
      vertex -7.75 6 19.8
    endloop
  endfacet
  facet normal 0.997857 -0.0654392 0
    outer loop
      vertex -10.25 6 19.8
      vertex -10.2393 6.16316 18.8
      vertex -10.2393 6.16316 19.8
    endloop
  endfacet
  facet normal 0.997857 -0.0654392 0
    outer loop
      vertex -10.2393 6.16316 18.8
      vertex -10.25 6 19.8
      vertex -10.25 6 18.8
    endloop
  endfacet
  facet normal -0.0653783 -0.997861 0
    outer loop
      vertex -9 7.25 18.8
      vertex -8.83684 7.23931 19.8
      vertex -9 7.25 19.8
    endloop
  endfacet
  facet normal -0.0653783 -0.997861 -0
    outer loop
      vertex -8.83684 7.23931 19.8
      vertex -9 7.25 18.8
      vertex -8.83684 7.23931 18.8
    endloop
  endfacet
  facet normal -0.0653783 0.997861 0
    outer loop
      vertex -8.83684 4.76069 18.8
      vertex -9 4.75 19.8
      vertex -8.83684 4.76069 19.8
    endloop
  endfacet
  facet normal -0.0653783 0.997861 0
    outer loop
      vertex -9 4.75 19.8
      vertex -8.83684 4.76069 18.8
      vertex -9 4.75 18.8
    endloop
  endfacet
  facet normal -0.75183 -0.659357 0
    outer loop
      vertex -8.00831 6.76095 18.8
      vertex -8.11612 6.88388 19.8
      vertex -8.11612 6.88388 18.8
    endloop
  endfacet
  facet normal -0.75183 -0.659357 0
    outer loop
      vertex -8.11612 6.88388 19.8
      vertex -8.00831 6.76095 18.8
      vertex -8.00831 6.76095 19.8
    endloop
  endfacet
  facet normal 0.659357 -0.75183 0
    outer loop
      vertex -9.88388 6.88388 18.8
      vertex -9.76095 6.99169 19.8
      vertex -9.88388 6.88388 19.8
    endloop
  endfacet
  facet normal 0.659357 -0.75183 0
    outer loop
      vertex -9.76095 6.99169 19.8
      vertex -9.88388 6.88388 18.8
      vertex -9.76095 6.99169 18.8
    endloop
  endfacet
  facet normal 0.321452 -0.946926 0
    outer loop
      vertex -9.47835 7.15485 18.8
      vertex -9.32352 7.20741 19.8
      vertex -9.47835 7.15485 19.8
    endloop
  endfacet
  facet normal 0.321452 -0.946926 0
    outer loop
      vertex -9.32352 7.20741 19.8
      vertex -9.47835 7.15485 18.8
      vertex -9.32352 7.20741 18.8
    endloop
  endfacet
  facet normal -0.896872 0.44229 0
    outer loop
      vertex -7.91747 5.375 18.8
      vertex -7.84515 5.52165 19.8
      vertex -7.84515 5.52165 18.8
    endloop
  endfacet
  facet normal -0.896872 0.44229 0
    outer loop
      vertex -7.84515 5.52165 19.8
      vertex -7.91747 5.375 18.8
      vertex -7.91747 5.375 19.8
    endloop
  endfacet
  facet normal -0.946926 -0.321452 0
    outer loop
      vertex -7.79259 6.32352 18.8
      vertex -7.84515 6.47835 19.8
      vertex -7.84515 6.47835 18.8
    endloop
  endfacet
  facet normal -0.946926 -0.321452 0
    outer loop
      vertex -7.84515 6.47835 19.8
      vertex -7.79259 6.32352 18.8
      vertex -7.79259 6.32352 19.8
    endloop
  endfacet
  facet normal -0.980782 -0.195105 0
    outer loop
      vertex -7.76069 6.16316 18.8
      vertex -7.79259 6.32352 19.8
      vertex -7.79259 6.32352 18.8
    endloop
  endfacet
  facet normal -0.980782 -0.195105 0
    outer loop
      vertex -7.79259 6.32352 19.8
      vertex -7.76069 6.16316 18.8
      vertex -7.76069 6.16316 19.8
    endloop
  endfacet
  facet normal -0.896872 -0.44229 0
    outer loop
      vertex -7.84515 6.47835 18.8
      vertex -7.91747 6.625 19.8
      vertex -7.91747 6.625 18.8
    endloop
  endfacet
  facet normal -0.896872 -0.44229 0
    outer loop
      vertex -7.91747 6.625 19.8
      vertex -7.84515 6.47835 18.8
      vertex -7.84515 6.47835 19.8
    endloop
  endfacet
  facet normal -0.44229 -0.896872 0
    outer loop
      vertex -8.52165 7.15485 18.8
      vertex -8.375 7.08253 19.8
      vertex -8.52165 7.15485 19.8
    endloop
  endfacet
  facet normal -0.44229 -0.896872 -0
    outer loop
      vertex -8.375 7.08253 19.8
      vertex -8.52165 7.15485 18.8
      vertex -8.375 7.08253 18.8
    endloop
  endfacet
  facet normal -0.321452 -0.946926 0
    outer loop
      vertex -8.67648 7.20741 18.8
      vertex -8.52165 7.15485 19.8
      vertex -8.67648 7.20741 19.8
    endloop
  endfacet
  facet normal -0.321452 -0.946926 -0
    outer loop
      vertex -8.52165 7.15485 19.8
      vertex -8.67648 7.20741 18.8
      vertex -8.52165 7.15485 18.8
    endloop
  endfacet
  facet normal -0.659357 -0.75183 0
    outer loop
      vertex -8.23905 6.99169 18.8
      vertex -8.11612 6.88388 19.8
      vertex -8.23905 6.99169 19.8
    endloop
  endfacet
  facet normal -0.659357 -0.75183 -0
    outer loop
      vertex -8.11612 6.88388 19.8
      vertex -8.23905 6.99169 18.8
      vertex -8.11612 6.88388 18.8
    endloop
  endfacet
  facet normal 0.896921 -0.442191 0
    outer loop
      vertex -10.1548 6.47835 19.8
      vertex -10.0825 6.625 18.8
      vertex -10.0825 6.625 19.8
    endloop
  endfacet
  facet normal 0.896921 -0.442191 0
    outer loop
      vertex -10.0825 6.625 18.8
      vertex -10.1548 6.47835 19.8
      vertex -10.1548 6.47835 18.8
    endloop
  endfacet
  facet normal 0.946851 -0.321671 0
    outer loop
      vertex -10.2074 6.32352 19.8
      vertex -10.1548 6.47835 18.8
      vertex -10.1548 6.47835 19.8
    endloop
  endfacet
  facet normal 0.946851 -0.321671 0
    outer loop
      vertex -10.1548 6.47835 18.8
      vertex -10.2074 6.32352 19.8
      vertex -10.2074 6.32352 18.8
    endloop
  endfacet
  facet normal 0.44229 -0.896872 0
    outer loop
      vertex -9.625 7.08253 18.8
      vertex -9.47835 7.15485 19.8
      vertex -9.625 7.08253 19.8
    endloop
  endfacet
  facet normal 0.44229 -0.896872 0
    outer loop
      vertex -9.47835 7.15485 19.8
      vertex -9.625 7.08253 18.8
      vertex -9.47835 7.15485 18.8
    endloop
  endfacet
  facet normal 0.195105 -0.980782 0
    outer loop
      vertex -9.32352 7.20741 18.8
      vertex -9.16316 7.23931 19.8
      vertex -9.32352 7.20741 19.8
    endloop
  endfacet
  facet normal 0.195105 -0.980782 0
    outer loop
      vertex -9.16316 7.23931 19.8
      vertex -9.32352 7.20741 18.8
      vertex -9.16316 7.23931 18.8
    endloop
  endfacet
  facet normal -0.980782 0.195105 0
    outer loop
      vertex -7.79259 5.67648 18.8
      vertex -7.76069 5.83684 19.8
      vertex -7.76069 5.83684 18.8
    endloop
  endfacet
  facet normal -0.980782 0.195105 0
    outer loop
      vertex -7.76069 5.83684 19.8
      vertex -7.79259 5.67648 18.8
      vertex -7.79259 5.67648 19.8
    endloop
  endfacet
  facet normal -0.195105 0.980782 0
    outer loop
      vertex -8.67648 4.79259 18.8
      vertex -8.83684 4.76069 19.8
      vertex -8.67648 4.79259 19.8
    endloop
  endfacet
  facet normal -0.195105 0.980782 0
    outer loop
      vertex -8.83684 4.76069 19.8
      vertex -8.67648 4.79259 18.8
      vertex -8.83684 4.76069 18.8
    endloop
  endfacet
  facet normal -0.44229 0.896872 0
    outer loop
      vertex -8.375 4.91747 18.8
      vertex -8.52165 4.84515 19.8
      vertex -8.375 4.91747 19.8
    endloop
  endfacet
  facet normal -0.44229 0.896872 0
    outer loop
      vertex -8.52165 4.84515 19.8
      vertex -8.375 4.91747 18.8
      vertex -8.52165 4.84515 18.8
    endloop
  endfacet
  facet normal -0.831466 -0.555575 0
    outer loop
      vertex -7.91747 6.625 18.8
      vertex -8.00831 6.76095 19.8
      vertex -8.00831 6.76095 18.8
    endloop
  endfacet
  facet normal -0.831466 -0.555575 0
    outer loop
      vertex -8.00831 6.76095 19.8
      vertex -7.91747 6.625 18.8
      vertex -7.91747 6.625 19.8
    endloop
  endfacet
  facet normal -0.195105 -0.980782 0
    outer loop
      vertex -8.83684 7.23931 18.8
      vertex -8.67648 7.20741 19.8
      vertex -8.83684 7.23931 19.8
    endloop
  endfacet
  facet normal -0.195105 -0.980782 -0
    outer loop
      vertex -8.67648 7.20741 19.8
      vertex -8.83684 7.23931 18.8
      vertex -8.67648 7.20741 18.8
    endloop
  endfacet
  facet normal -0.555575 -0.831466 0
    outer loop
      vertex -8.375 7.08253 18.8
      vertex -8.23905 6.99169 19.8
      vertex -8.375 7.08253 19.8
    endloop
  endfacet
  facet normal -0.555575 -0.831466 -0
    outer loop
      vertex -8.23905 6.99169 19.8
      vertex -8.375 7.08253 18.8
      vertex -8.23905 6.99169 18.8
    endloop
  endfacet
  facet normal 0.831551 -0.555448 0
    outer loop
      vertex -10.0825 6.625 19.8
      vertex -9.99169 6.76095 18.8
      vertex -9.99169 6.76095 19.8
    endloop
  endfacet
  facet normal 0.831551 -0.555448 0
    outer loop
      vertex -9.99169 6.76095 18.8
      vertex -10.0825 6.625 19.8
      vertex -10.0825 6.625 18.8
    endloop
  endfacet
  facet normal 0.75183 -0.659357 0
    outer loop
      vertex -9.99169 6.76095 19.8
      vertex -9.88388 6.88388 18.8
      vertex -9.88388 6.88388 19.8
    endloop
  endfacet
  facet normal 0.75183 -0.659357 0
    outer loop
      vertex -9.88388 6.88388 18.8
      vertex -9.99169 6.76095 19.8
      vertex -9.99169 6.76095 18.8
    endloop
  endfacet
  facet normal 0.980782 -0.195105 0
    outer loop
      vertex -10.2393 6.16316 19.8
      vertex -10.2074 6.32352 18.8
      vertex -10.2074 6.32352 19.8
    endloop
  endfacet
  facet normal 0.980782 -0.195105 0
    outer loop
      vertex -10.2074 6.32352 18.8
      vertex -10.2393 6.16316 19.8
      vertex -10.2393 6.16316 18.8
    endloop
  endfacet
  facet normal 0.555575 -0.831466 0
    outer loop
      vertex -9.76095 6.99169 18.8
      vertex -9.625 7.08253 19.8
      vertex -9.76095 6.99169 19.8
    endloop
  endfacet
  facet normal 0.555575 -0.831466 0
    outer loop
      vertex -9.625 7.08253 19.8
      vertex -9.76095 6.99169 18.8
      vertex -9.625 7.08253 18.8
    endloop
  endfacet
  facet normal 0.0653783 -0.997861 0
    outer loop
      vertex -9.16316 7.23931 18.8
      vertex -9 7.25 19.8
      vertex -9.16316 7.23931 19.8
    endloop
  endfacet
  facet normal 0.0653783 -0.997861 0
    outer loop
      vertex -9 7.25 19.8
      vertex -9.16316 7.23931 18.8
      vertex -9 7.25 18.8
    endloop
  endfacet
  facet normal -0.997861 0.0653783 0
    outer loop
      vertex -7.76069 5.83684 18.8
      vertex -7.75 6 19.8
      vertex -7.75 6 18.8
    endloop
  endfacet
  facet normal -0.997861 0.0653783 0
    outer loop
      vertex -7.75 6 19.8
      vertex -7.76069 5.83684 18.8
      vertex -7.76069 5.83684 19.8
    endloop
  endfacet
  facet normal -0.75183 0.659357 0
    outer loop
      vertex -8.11612 5.11612 18.8
      vertex -8.00831 5.23905 19.8
      vertex -8.00831 5.23905 18.8
    endloop
  endfacet
  facet normal -0.75183 0.659357 0
    outer loop
      vertex -8.00831 5.23905 19.8
      vertex -8.11612 5.11612 18.8
      vertex -8.11612 5.11612 19.8
    endloop
  endfacet
  facet normal -0.946926 0.321452 0
    outer loop
      vertex -7.84515 5.52165 18.8
      vertex -7.79259 5.67648 19.8
      vertex -7.79259 5.67648 18.8
    endloop
  endfacet
  facet normal -0.946926 0.321452 0
    outer loop
      vertex -7.79259 5.67648 19.8
      vertex -7.84515 5.52165 18.8
      vertex -7.84515 5.52165 19.8
    endloop
  endfacet
  facet normal 0.75183 0.659357 0
    outer loop
      vertex -9.88388 5.11612 19.8
      vertex -9.99169 5.23905 18.8
      vertex -9.99169 5.23905 19.8
    endloop
  endfacet
  facet normal 0.75183 0.659357 0
    outer loop
      vertex -9.99169 5.23905 18.8
      vertex -9.88388 5.11612 19.8
      vertex -9.88388 5.11612 18.8
    endloop
  endfacet
  facet normal -0.831466 0.555575 0
    outer loop
      vertex -8.00831 5.23905 18.8
      vertex -7.91747 5.375 19.8
      vertex -7.91747 5.375 18.8
    endloop
  endfacet
  facet normal -0.831466 0.555575 0
    outer loop
      vertex -7.91747 5.375 19.8
      vertex -8.00831 5.23905 18.8
      vertex -8.00831 5.23905 19.8
    endloop
  endfacet
  facet normal 0.195105 0.980782 -0
    outer loop
      vertex -9.16316 4.76069 18.8
      vertex -9.32352 4.79259 19.8
      vertex -9.16316 4.76069 19.8
    endloop
  endfacet
  facet normal 0.195105 0.980782 0
    outer loop
      vertex -9.32352 4.79259 19.8
      vertex -9.16316 4.76069 18.8
      vertex -9.32352 4.79259 18.8
    endloop
  endfacet
  facet normal 0.946851 0.321671 0
    outer loop
      vertex -10.1548 5.52165 19.8
      vertex -10.2074 5.67648 18.8
      vertex -10.2074 5.67648 19.8
    endloop
  endfacet
  facet normal 0.946851 0.321671 0
    outer loop
      vertex -10.2074 5.67648 18.8
      vertex -10.1548 5.52165 19.8
      vertex -10.1548 5.52165 18.8
    endloop
  endfacet
  facet normal -0.321452 0.946926 0
    outer loop
      vertex -8.52165 4.84515 18.8
      vertex -8.67648 4.79259 19.8
      vertex -8.52165 4.84515 19.8
    endloop
  endfacet
  facet normal -0.321452 0.946926 0
    outer loop
      vertex -8.67648 4.79259 19.8
      vertex -8.52165 4.84515 18.8
      vertex -8.67648 4.79259 18.8
    endloop
  endfacet
  facet normal -0.659357 0.75183 0
    outer loop
      vertex -8.11612 5.11612 18.8
      vertex -8.23905 5.00831 19.8
      vertex -8.11612 5.11612 19.8
    endloop
  endfacet
  facet normal -0.659357 0.75183 0
    outer loop
      vertex -8.23905 5.00831 19.8
      vertex -8.11612 5.11612 18.8
      vertex -8.23905 5.00831 18.8
    endloop
  endfacet
  facet normal -0.555575 0.831466 0
    outer loop
      vertex -8.23905 5.00831 18.8
      vertex -8.375 4.91747 19.8
      vertex -8.23905 5.00831 19.8
    endloop
  endfacet
  facet normal -0.555575 0.831466 0
    outer loop
      vertex -8.375 4.91747 19.8
      vertex -8.23905 5.00831 18.8
      vertex -8.375 4.91747 18.8
    endloop
  endfacet
  facet normal 0.0653783 0.997861 -0
    outer loop
      vertex -9 4.75 18.8
      vertex -9.16316 4.76069 19.8
      vertex -9 4.75 19.8
    endloop
  endfacet
  facet normal 0.0653783 0.997861 0
    outer loop
      vertex -9.16316 4.76069 19.8
      vertex -9 4.75 18.8
      vertex -9.16316 4.76069 18.8
    endloop
  endfacet
  facet normal 0.831551 0.555448 0
    outer loop
      vertex -9.99169 5.23905 19.8
      vertex -10.0825 5.375 18.8
      vertex -10.0825 5.375 19.8
    endloop
  endfacet
  facet normal 0.831551 0.555448 0
    outer loop
      vertex -10.0825 5.375 18.8
      vertex -9.99169 5.23905 19.8
      vertex -9.99169 5.23905 18.8
    endloop
  endfacet
  facet normal 0.896921 0.442191 0
    outer loop
      vertex -10.0825 5.375 19.8
      vertex -10.1548 5.52165 18.8
      vertex -10.1548 5.52165 19.8
    endloop
  endfacet
  facet normal 0.896921 0.442191 0
    outer loop
      vertex -10.1548 5.52165 18.8
      vertex -10.0825 5.375 19.8
      vertex -10.0825 5.375 18.8
    endloop
  endfacet
  facet normal 0.980782 0.195105 0
    outer loop
      vertex -10.2074 5.67648 19.8
      vertex -10.2393 5.83684 18.8
      vertex -10.2393 5.83684 19.8
    endloop
  endfacet
  facet normal 0.980782 0.195105 0
    outer loop
      vertex -10.2393 5.83684 18.8
      vertex -10.2074 5.67648 19.8
      vertex -10.2074 5.67648 18.8
    endloop
  endfacet
  facet normal 0.997857 0.0654392 0
    outer loop
      vertex -10.2393 5.83684 19.8
      vertex -10.25 6 18.8
      vertex -10.25 6 19.8
    endloop
  endfacet
  facet normal 0.997857 0.0654392 0
    outer loop
      vertex -10.25 6 18.8
      vertex -10.2393 5.83684 19.8
      vertex -10.2393 5.83684 18.8
    endloop
  endfacet
  facet normal 0.44229 0.896872 -0
    outer loop
      vertex -9.47835 4.84515 18.8
      vertex -9.625 4.91747 19.8
      vertex -9.47835 4.84515 19.8
    endloop
  endfacet
  facet normal 0.44229 0.896872 0
    outer loop
      vertex -9.625 4.91747 19.8
      vertex -9.47835 4.84515 18.8
      vertex -9.625 4.91747 18.8
    endloop
  endfacet
  facet normal 0.321452 0.946926 -0
    outer loop
      vertex -9.32352 4.79259 18.8
      vertex -9.47835 4.84515 19.8
      vertex -9.32352 4.79259 19.8
    endloop
  endfacet
  facet normal 0.321452 0.946926 0
    outer loop
      vertex -9.47835 4.84515 19.8
      vertex -9.32352 4.79259 18.8
      vertex -9.47835 4.84515 18.8
    endloop
  endfacet
  facet normal 0.555575 0.831466 -0
    outer loop
      vertex -9.625 4.91747 18.8
      vertex -9.76095 5.00831 19.8
      vertex -9.625 4.91747 19.8
    endloop
  endfacet
  facet normal 0.555575 0.831466 0
    outer loop
      vertex -9.76095 5.00831 19.8
      vertex -9.625 4.91747 18.8
      vertex -9.76095 5.00831 18.8
    endloop
  endfacet
  facet normal 0.659357 0.75183 -0
    outer loop
      vertex -9.76095 5.00831 18.8
      vertex -9.88388 5.11612 19.8
      vertex -9.76095 5.00831 19.8
    endloop
  endfacet
  facet normal 0.659357 0.75183 0
    outer loop
      vertex -9.88388 5.11612 19.8
      vertex -9.76095 5.00831 18.8
      vertex -9.88388 5.11612 18.8
    endloop
  endfacet
  facet normal -0.997861 -0.0653783 0
    outer loop
      vertex -3.25 -6 18.8
      vertex -3.26069 -5.83684 19.8
      vertex -3.26069 -5.83684 18.8
    endloop
  endfacet
  facet normal -0.997861 -0.0653783 0
    outer loop
      vertex -3.26069 -5.83684 19.8
      vertex -3.25 -6 18.8
      vertex -3.25 -6 19.8
    endloop
  endfacet
  facet normal 0.997861 -0.0653783 0
    outer loop
      vertex -5.75 -6 19.8
      vertex -5.73931 -5.83684 18.8
      vertex -5.73931 -5.83684 19.8
    endloop
  endfacet
  facet normal 0.997861 -0.0653783 0
    outer loop
      vertex -5.73931 -5.83684 18.8
      vertex -5.75 -6 19.8
      vertex -5.75 -6 18.8
    endloop
  endfacet
  facet normal 0.0653783 -0.997861 0
    outer loop
      vertex -4.66316 -4.76069 18.8
      vertex -4.5 -4.75 19.8
      vertex -4.66316 -4.76069 19.8
    endloop
  endfacet
  facet normal 0.0653783 -0.997861 0
    outer loop
      vertex -4.5 -4.75 19.8
      vertex -4.66316 -4.76069 18.8
      vertex -4.5 -4.75 18.8
    endloop
  endfacet
  facet normal 0.0653783 0.997861 -0
    outer loop
      vertex -4.5 -7.25 18.8
      vertex -4.66316 -7.23931 19.8
      vertex -4.5 -7.25 19.8
    endloop
  endfacet
  facet normal 0.0653783 0.997861 0
    outer loop
      vertex -4.66316 -7.23931 19.8
      vertex -4.5 -7.25 18.8
      vertex -4.66316 -7.23931 18.8
    endloop
  endfacet
  facet normal -0.659357 -0.75183 0
    outer loop
      vertex -3.73905 -5.00831 18.8
      vertex -3.61612 -5.11612 19.8
      vertex -3.73905 -5.00831 19.8
    endloop
  endfacet
  facet normal -0.659357 -0.75183 -0
    outer loop
      vertex -3.61612 -5.11612 19.8
      vertex -3.73905 -5.00831 18.8
      vertex -3.61612 -5.11612 18.8
    endloop
  endfacet
  facet normal 0.659357 -0.75183 0
    outer loop
      vertex -5.38388 -5.11612 18.8
      vertex -5.26095 -5.00831 19.8
      vertex -5.38388 -5.11612 19.8
    endloop
  endfacet
  facet normal 0.659357 -0.75183 0
    outer loop
      vertex -5.26095 -5.00831 19.8
      vertex -5.38388 -5.11612 18.8
      vertex -5.26095 -5.00831 18.8
    endloop
  endfacet
  facet normal 0.321452 -0.946926 0
    outer loop
      vertex -4.97835 -4.84515 18.8
      vertex -4.82352 -4.79259 19.8
      vertex -4.97835 -4.84515 19.8
    endloop
  endfacet
  facet normal 0.321452 -0.946926 0
    outer loop
      vertex -4.82352 -4.79259 19.8
      vertex -4.97835 -4.84515 18.8
      vertex -4.82352 -4.79259 18.8
    endloop
  endfacet
  facet normal -0.896872 -0.44229 0
    outer loop
      vertex -3.34515 -5.52165 18.8
      vertex -3.41747 -5.375 19.8
      vertex -3.41747 -5.375 18.8
    endloop
  endfacet
  facet normal -0.896872 -0.44229 0
    outer loop
      vertex -3.41747 -5.375 19.8
      vertex -3.34515 -5.52165 18.8
      vertex -3.34515 -5.52165 19.8
    endloop
  endfacet
  facet normal -0.980782 -0.195105 0
    outer loop
      vertex -3.26069 -5.83684 18.8
      vertex -3.29259 -5.67648 19.8
      vertex -3.29259 -5.67648 18.8
    endloop
  endfacet
  facet normal -0.980782 -0.195105 0
    outer loop
      vertex -3.29259 -5.67648 19.8
      vertex -3.26069 -5.83684 18.8
      vertex -3.26069 -5.83684 19.8
    endloop
  endfacet
  facet normal -0.321452 -0.946926 0
    outer loop
      vertex -4.17648 -4.79259 18.8
      vertex -4.02165 -4.84515 19.8
      vertex -4.17648 -4.79259 19.8
    endloop
  endfacet
  facet normal -0.321452 -0.946926 -0
    outer loop
      vertex -4.02165 -4.84515 19.8
      vertex -4.17648 -4.79259 18.8
      vertex -4.02165 -4.84515 18.8
    endloop
  endfacet
  facet normal -0.195105 -0.980782 0
    outer loop
      vertex -4.33684 -4.76069 18.8
      vertex -4.17648 -4.79259 19.8
      vertex -4.33684 -4.76069 19.8
    endloop
  endfacet
  facet normal -0.195105 -0.980782 -0
    outer loop
      vertex -4.17648 -4.79259 19.8
      vertex -4.33684 -4.76069 18.8
      vertex -4.17648 -4.79259 18.8
    endloop
  endfacet
  facet normal -0.44229 -0.896872 0
    outer loop
      vertex -4.02165 -4.84515 18.8
      vertex -3.875 -4.91747 19.8
      vertex -4.02165 -4.84515 19.8
    endloop
  endfacet
  facet normal -0.44229 -0.896872 -0
    outer loop
      vertex -3.875 -4.91747 19.8
      vertex -4.02165 -4.84515 18.8
      vertex -3.875 -4.91747 18.8
    endloop
  endfacet
  facet normal 0.831466 -0.555575 0
    outer loop
      vertex -5.58253 -5.375 19.8
      vertex -5.49169 -5.23905 18.8
      vertex -5.49169 -5.23905 19.8
    endloop
  endfacet
  facet normal 0.831466 -0.555575 0
    outer loop
      vertex -5.49169 -5.23905 18.8
      vertex -5.58253 -5.375 19.8
      vertex -5.58253 -5.375 18.8
    endloop
  endfacet
  facet normal 0.75183 -0.659357 0
    outer loop
      vertex -5.49169 -5.23905 19.8
      vertex -5.38388 -5.11612 18.8
      vertex -5.38388 -5.11612 19.8
    endloop
  endfacet
  facet normal 0.75183 -0.659357 0
    outer loop
      vertex -5.38388 -5.11612 18.8
      vertex -5.49169 -5.23905 19.8
      vertex -5.49169 -5.23905 18.8
    endloop
  endfacet
  facet normal 0.946926 -0.321452 0
    outer loop
      vertex -5.70741 -5.67648 19.8
      vertex -5.65485 -5.52165 18.8
      vertex -5.65485 -5.52165 19.8
    endloop
  endfacet
  facet normal 0.946926 -0.321452 0
    outer loop
      vertex -5.65485 -5.52165 18.8
      vertex -5.70741 -5.67648 19.8
      vertex -5.70741 -5.67648 18.8
    endloop
  endfacet
  facet normal 0.44229 -0.896872 0
    outer loop
      vertex -5.125 -4.91747 18.8
      vertex -4.97835 -4.84515 19.8
      vertex -5.125 -4.91747 19.8
    endloop
  endfacet
  facet normal 0.44229 -0.896872 0
    outer loop
      vertex -4.97835 -4.84515 19.8
      vertex -5.125 -4.91747 18.8
      vertex -4.97835 -4.84515 18.8
    endloop
  endfacet
  facet normal 0.195105 -0.980782 0
    outer loop
      vertex -4.82352 -4.79259 18.8
      vertex -4.66316 -4.76069 19.8
      vertex -4.82352 -4.79259 19.8
    endloop
  endfacet
  facet normal 0.195105 -0.980782 0
    outer loop
      vertex -4.66316 -4.76069 19.8
      vertex -4.82352 -4.79259 18.8
      vertex -4.66316 -4.76069 18.8
    endloop
  endfacet
  facet normal -0.896872 0.44229 0
    outer loop
      vertex -3.41747 -6.625 18.8
      vertex -3.34515 -6.47835 19.8
      vertex -3.34515 -6.47835 18.8
    endloop
  endfacet
  facet normal -0.896872 0.44229 0
    outer loop
      vertex -3.34515 -6.47835 19.8
      vertex -3.41747 -6.625 18.8
      vertex -3.41747 -6.625 19.8
    endloop
  endfacet
  facet normal -0.980782 0.195105 0
    outer loop
      vertex -3.29259 -6.32352 18.8
      vertex -3.26069 -6.16316 19.8
      vertex -3.26069 -6.16316 18.8
    endloop
  endfacet
  facet normal -0.980782 0.195105 0
    outer loop
      vertex -3.26069 -6.16316 19.8
      vertex -3.29259 -6.32352 18.8
      vertex -3.29259 -6.32352 19.8
    endloop
  endfacet
  facet normal 0.44229 0.896872 -0
    outer loop
      vertex -4.97835 -7.15485 18.8
      vertex -5.125 -7.08253 19.8
      vertex -4.97835 -7.15485 19.8
    endloop
  endfacet
  facet normal 0.44229 0.896872 0
    outer loop
      vertex -5.125 -7.08253 19.8
      vertex -4.97835 -7.15485 18.8
      vertex -5.125 -7.08253 18.8
    endloop
  endfacet
  facet normal 0.321452 0.946926 -0
    outer loop
      vertex -4.82352 -7.20741 18.8
      vertex -4.97835 -7.15485 19.8
      vertex -4.82352 -7.20741 19.8
    endloop
  endfacet
  facet normal 0.321452 0.946926 0
    outer loop
      vertex -4.97835 -7.15485 19.8
      vertex -4.82352 -7.20741 18.8
      vertex -4.97835 -7.15485 18.8
    endloop
  endfacet
  facet normal 0.896872 0.44229 0
    outer loop
      vertex -5.58253 -6.625 19.8
      vertex -5.65485 -6.47835 18.8
      vertex -5.65485 -6.47835 19.8
    endloop
  endfacet
  facet normal 0.896872 0.44229 0
    outer loop
      vertex -5.65485 -6.47835 18.8
      vertex -5.58253 -6.625 19.8
      vertex -5.58253 -6.625 18.8
    endloop
  endfacet
  facet normal 0.831466 0.555575 0
    outer loop
      vertex -5.49169 -6.76095 19.8
      vertex -5.58253 -6.625 18.8
      vertex -5.58253 -6.625 19.8
    endloop
  endfacet
  facet normal 0.831466 0.555575 0
    outer loop
      vertex -5.58253 -6.625 18.8
      vertex -5.49169 -6.76095 19.8
      vertex -5.49169 -6.76095 18.8
    endloop
  endfacet
  facet normal -0.946926 -0.321452 0
    outer loop
      vertex -3.29259 -5.67648 18.8
      vertex -3.34515 -5.52165 19.8
      vertex -3.34515 -5.52165 18.8
    endloop
  endfacet
  facet normal -0.946926 -0.321452 0
    outer loop
      vertex -3.34515 -5.52165 19.8
      vertex -3.29259 -5.67648 18.8
      vertex -3.29259 -5.67648 19.8
    endloop
  endfacet
  facet normal -0.75183 -0.659357 0
    outer loop
      vertex -3.50831 -5.23905 18.8
      vertex -3.61612 -5.11612 19.8
      vertex -3.61612 -5.11612 18.8
    endloop
  endfacet
  facet normal -0.75183 -0.659357 0
    outer loop
      vertex -3.61612 -5.11612 19.8
      vertex -3.50831 -5.23905 18.8
      vertex -3.50831 -5.23905 19.8
    endloop
  endfacet
  facet normal -0.831466 -0.555575 0
    outer loop
      vertex -3.41747 -5.375 18.8
      vertex -3.50831 -5.23905 19.8
      vertex -3.50831 -5.23905 18.8
    endloop
  endfacet
  facet normal -0.831466 -0.555575 0
    outer loop
      vertex -3.50831 -5.23905 19.8
      vertex -3.41747 -5.375 18.8
      vertex -3.41747 -5.375 19.8
    endloop
  endfacet
  facet normal -0.0653783 -0.997861 0
    outer loop
      vertex -4.5 -4.75 18.8
      vertex -4.33684 -4.76069 19.8
      vertex -4.5 -4.75 19.8
    endloop
  endfacet
  facet normal -0.0653783 -0.997861 -0
    outer loop
      vertex -4.33684 -4.76069 19.8
      vertex -4.5 -4.75 18.8
      vertex -4.33684 -4.76069 18.8
    endloop
  endfacet
  facet normal -0.555575 -0.831466 0
    outer loop
      vertex -3.875 -4.91747 18.8
      vertex -3.73905 -5.00831 19.8
      vertex -3.875 -4.91747 19.8
    endloop
  endfacet
  facet normal -0.555575 -0.831466 -0
    outer loop
      vertex -3.73905 -5.00831 19.8
      vertex -3.875 -4.91747 18.8
      vertex -3.73905 -5.00831 18.8
    endloop
  endfacet
  facet normal 0.896872 -0.44229 0
    outer loop
      vertex -5.65485 -5.52165 19.8
      vertex -5.58253 -5.375 18.8
      vertex -5.58253 -5.375 19.8
    endloop
  endfacet
  facet normal 0.896872 -0.44229 0
    outer loop
      vertex -5.58253 -5.375 18.8
      vertex -5.65485 -5.52165 19.8
      vertex -5.65485 -5.52165 18.8
    endloop
  endfacet
  facet normal 0.980782 -0.195105 0
    outer loop
      vertex -5.73931 -5.83684 19.8
      vertex -5.70741 -5.67648 18.8
      vertex -5.70741 -5.67648 19.8
    endloop
  endfacet
  facet normal 0.980782 -0.195105 0
    outer loop
      vertex -5.70741 -5.67648 18.8
      vertex -5.73931 -5.83684 19.8
      vertex -5.73931 -5.83684 18.8
    endloop
  endfacet
  facet normal -0.997861 0.0653783 0
    outer loop
      vertex -3.26069 -6.16316 18.8
      vertex -3.25 -6 19.8
      vertex -3.25 -6 18.8
    endloop
  endfacet
  facet normal -0.997861 0.0653783 0
    outer loop
      vertex -3.25 -6 19.8
      vertex -3.26069 -6.16316 18.8
      vertex -3.26069 -6.16316 19.8
    endloop
  endfacet
  facet normal -0.0653783 0.997861 0
    outer loop
      vertex -4.33684 -7.23931 18.8
      vertex -4.5 -7.25 19.8
      vertex -4.33684 -7.23931 19.8
    endloop
  endfacet
  facet normal -0.0653783 0.997861 0
    outer loop
      vertex -4.5 -7.25 19.8
      vertex -4.33684 -7.23931 18.8
      vertex -4.5 -7.25 18.8
    endloop
  endfacet
  facet normal -0.321452 0.946926 0
    outer loop
      vertex -4.02165 -7.15485 18.8
      vertex -4.17648 -7.20741 19.8
      vertex -4.02165 -7.15485 19.8
    endloop
  endfacet
  facet normal -0.321452 0.946926 0
    outer loop
      vertex -4.17648 -7.20741 19.8
      vertex -4.02165 -7.15485 18.8
      vertex -4.17648 -7.20741 18.8
    endloop
  endfacet
  facet normal -0.44229 0.896872 0
    outer loop
      vertex -3.875 -7.08253 18.8
      vertex -4.02165 -7.15485 19.8
      vertex -3.875 -7.08253 19.8
    endloop
  endfacet
  facet normal -0.44229 0.896872 0
    outer loop
      vertex -4.02165 -7.15485 19.8
      vertex -3.875 -7.08253 18.8
      vertex -4.02165 -7.15485 18.8
    endloop
  endfacet
  facet normal -0.659357 0.75183 0
    outer loop
      vertex -3.61612 -6.88388 18.8
      vertex -3.73905 -6.99169 19.8
      vertex -3.61612 -6.88388 19.8
    endloop
  endfacet
  facet normal -0.659357 0.75183 0
    outer loop
      vertex -3.73905 -6.99169 19.8
      vertex -3.61612 -6.88388 18.8
      vertex -3.73905 -6.99169 18.8
    endloop
  endfacet
  facet normal -0.555575 0.831466 0
    outer loop
      vertex -3.73905 -6.99169 18.8
      vertex -3.875 -7.08253 19.8
      vertex -3.73905 -6.99169 19.8
    endloop
  endfacet
  facet normal -0.555575 0.831466 0
    outer loop
      vertex -3.875 -7.08253 19.8
      vertex -3.73905 -6.99169 18.8
      vertex -3.875 -7.08253 18.8
    endloop
  endfacet
  facet normal -0.75183 0.659357 0
    outer loop
      vertex -3.61612 -6.88388 18.8
      vertex -3.50831 -6.76095 19.8
      vertex -3.50831 -6.76095 18.8
    endloop
  endfacet
  facet normal -0.75183 0.659357 0
    outer loop
      vertex -3.50831 -6.76095 19.8
      vertex -3.61612 -6.88388 18.8
      vertex -3.61612 -6.88388 19.8
    endloop
  endfacet
  facet normal -0.831466 0.555575 0
    outer loop
      vertex -3.50831 -6.76095 18.8
      vertex -3.41747 -6.625 19.8
      vertex -3.41747 -6.625 18.8
    endloop
  endfacet
  facet normal -0.831466 0.555575 0
    outer loop
      vertex -3.41747 -6.625 19.8
      vertex -3.50831 -6.76095 18.8
      vertex -3.50831 -6.76095 19.8
    endloop
  endfacet
  facet normal 0.659357 0.75183 -0
    outer loop
      vertex -5.26095 -6.99169 18.8
      vertex -5.38388 -6.88388 19.8
      vertex -5.26095 -6.99169 19.8
    endloop
  endfacet
  facet normal 0.659357 0.75183 0
    outer loop
      vertex -5.38388 -6.88388 19.8
      vertex -5.26095 -6.99169 18.8
      vertex -5.38388 -6.88388 18.8
    endloop
  endfacet
  facet normal 0.555575 0.831466 -0
    outer loop
      vertex -5.125 -7.08253 18.8
      vertex -5.26095 -6.99169 19.8
      vertex -5.125 -7.08253 19.8
    endloop
  endfacet
  facet normal 0.555575 0.831466 0
    outer loop
      vertex -5.26095 -6.99169 19.8
      vertex -5.125 -7.08253 18.8
      vertex -5.26095 -6.99169 18.8
    endloop
  endfacet
  facet normal 0.195105 0.980782 -0
    outer loop
      vertex -4.66316 -7.23931 18.8
      vertex -4.82352 -7.20741 19.8
      vertex -4.66316 -7.23931 19.8
    endloop
  endfacet
  facet normal 0.195105 0.980782 0
    outer loop
      vertex -4.82352 -7.20741 19.8
      vertex -4.66316 -7.23931 18.8
      vertex -4.82352 -7.20741 18.8
    endloop
  endfacet
  facet normal 0.75183 0.659357 0
    outer loop
      vertex -5.38388 -6.88388 19.8
      vertex -5.49169 -6.76095 18.8
      vertex -5.49169 -6.76095 19.8
    endloop
  endfacet
  facet normal 0.75183 0.659357 0
    outer loop
      vertex -5.49169 -6.76095 18.8
      vertex -5.38388 -6.88388 19.8
      vertex -5.38388 -6.88388 18.8
    endloop
  endfacet
  facet normal 0.946926 0.321452 0
    outer loop
      vertex -5.65485 -6.47835 19.8
      vertex -5.70741 -6.32352 18.8
      vertex -5.70741 -6.32352 19.8
    endloop
  endfacet
  facet normal 0.946926 0.321452 0
    outer loop
      vertex -5.70741 -6.32352 18.8
      vertex -5.65485 -6.47835 19.8
      vertex -5.65485 -6.47835 18.8
    endloop
  endfacet
  facet normal 0.997861 0.0653783 0
    outer loop
      vertex -5.73931 -6.16316 19.8
      vertex -5.75 -6 18.8
      vertex -5.75 -6 19.8
    endloop
  endfacet
  facet normal 0.997861 0.0653783 0
    outer loop
      vertex -5.75 -6 18.8
      vertex -5.73931 -6.16316 19.8
      vertex -5.73931 -6.16316 18.8
    endloop
  endfacet
  facet normal 0.555575 -0.831466 0
    outer loop
      vertex -5.26095 -5.00831 18.8
      vertex -5.125 -4.91747 19.8
      vertex -5.26095 -5.00831 19.8
    endloop
  endfacet
  facet normal 0.555575 -0.831466 0
    outer loop
      vertex -5.125 -4.91747 19.8
      vertex -5.26095 -5.00831 18.8
      vertex -5.125 -4.91747 18.8
    endloop
  endfacet
  facet normal -0.195105 0.980782 0
    outer loop
      vertex -4.17648 -7.20741 18.8
      vertex -4.33684 -7.23931 19.8
      vertex -4.17648 -7.20741 19.8
    endloop
  endfacet
  facet normal -0.195105 0.980782 0
    outer loop
      vertex -4.33684 -7.23931 19.8
      vertex -4.17648 -7.20741 18.8
      vertex -4.33684 -7.23931 18.8
    endloop
  endfacet
  facet normal -0.946926 0.321452 0
    outer loop
      vertex -3.34515 -6.47835 18.8
      vertex -3.29259 -6.32352 19.8
      vertex -3.29259 -6.32352 18.8
    endloop
  endfacet
  facet normal -0.946926 0.321452 0
    outer loop
      vertex -3.29259 -6.32352 19.8
      vertex -3.34515 -6.47835 18.8
      vertex -3.34515 -6.47835 19.8
    endloop
  endfacet
  facet normal 0.980782 0.195105 0
    outer loop
      vertex -5.70741 -6.32352 19.8
      vertex -5.73931 -6.16316 18.8
      vertex -5.73931 -6.16316 19.8
    endloop
  endfacet
  facet normal 0.980782 0.195105 0
    outer loop
      vertex -5.73931 -6.16316 18.8
      vertex -5.70741 -6.32352 19.8
      vertex -5.70741 -6.32352 18.8
    endloop
  endfacet
  facet normal -0.99786 -0.0653795 0
    outer loop
      vertex -3.25 0 18.8
      vertex -3.26069 0.163157 19.8
      vertex -3.26069 0.163157 18.8
    endloop
  endfacet
  facet normal -0.99786 -0.0653795 0
    outer loop
      vertex -3.26069 0.163157 19.8
      vertex -3.25 0 18.8
      vertex -3.25 0 19.8
    endloop
  endfacet
  facet normal 0.99786 -0.0653795 0
    outer loop
      vertex -5.75 0 19.8
      vertex -5.73931 0.163157 18.8
      vertex -5.73931 0.163157 19.8
    endloop
  endfacet
  facet normal 0.99786 -0.0653795 0
    outer loop
      vertex -5.73931 0.163157 18.8
      vertex -5.75 0 19.8
      vertex -5.75 0 18.8
    endloop
  endfacet
  facet normal -0.0653783 -0.997861 0
    outer loop
      vertex -4.5 1.25 18.8
      vertex -4.33684 1.23931 19.8
      vertex -4.5 1.25 19.8
    endloop
  endfacet
  facet normal -0.0653783 -0.997861 -0
    outer loop
      vertex -4.33684 1.23931 19.8
      vertex -4.5 1.25 18.8
      vertex -4.33684 1.23931 18.8
    endloop
  endfacet
  facet normal 0.0653783 0.997861 -0
    outer loop
      vertex -4.5 -1.25 18.8
      vertex -4.66316 -1.23931 19.8
      vertex -4.5 -1.25 19.8
    endloop
  endfacet
  facet normal 0.0653783 0.997861 0
    outer loop
      vertex -4.66316 -1.23931 19.8
      vertex -4.5 -1.25 18.8
      vertex -4.66316 -1.23931 18.8
    endloop
  endfacet
  facet normal -0.751835 -0.659351 0
    outer loop
      vertex -3.50831 0.760951 18.8
      vertex -3.61612 0.883883 19.8
      vertex -3.61612 0.883883 18.8
    endloop
  endfacet
  facet normal -0.751835 -0.659351 0
    outer loop
      vertex -3.61612 0.883883 19.8
      vertex -3.50831 0.760951 18.8
      vertex -3.50831 0.760951 19.8
    endloop
  endfacet
  facet normal 0.659354 -0.751833 0
    outer loop
      vertex -5.38388 0.883883 18.8
      vertex -5.26095 0.991692 19.8
      vertex -5.38388 0.883883 19.8
    endloop
  endfacet
  facet normal 0.659354 -0.751833 0
    outer loop
      vertex -5.26095 0.991692 19.8
      vertex -5.38388 0.883883 18.8
      vertex -5.26095 0.991692 18.8
    endloop
  endfacet
  facet normal 0.321452 -0.946926 0
    outer loop
      vertex -4.97835 1.15485 18.8
      vertex -4.82352 1.20741 19.8
      vertex -4.97835 1.15485 19.8
    endloop
  endfacet
  facet normal 0.321452 -0.946926 0
    outer loop
      vertex -4.82352 1.20741 19.8
      vertex -4.97835 1.15485 18.8
      vertex -4.82352 1.20741 18.8
    endloop
  endfacet
  facet normal -0.946926 -0.321452 0
    outer loop
      vertex -3.29259 0.323524 18.8
      vertex -3.34515 0.478354 19.8
      vertex -3.34515 0.478354 18.8
    endloop
  endfacet
  facet normal -0.946926 -0.321452 0
    outer loop
      vertex -3.34515 0.478354 19.8
      vertex -3.29259 0.323524 18.8
      vertex -3.29259 0.323524 19.8
    endloop
  endfacet
  facet normal -0.980784 -0.195096 0
    outer loop
      vertex -3.26069 0.163157 18.8
      vertex -3.29259 0.323524 19.8
      vertex -3.29259 0.323524 18.8
    endloop
  endfacet
  facet normal -0.980784 -0.195096 0
    outer loop
      vertex -3.29259 0.323524 19.8
      vertex -3.26069 0.163157 18.8
      vertex -3.26069 0.163157 19.8
    endloop
  endfacet
  facet normal -0.896867 -0.442299 0
    outer loop
      vertex -3.34515 0.478354 18.8
      vertex -3.41747 0.625 19.8
      vertex -3.41747 0.625 18.8
    endloop
  endfacet
  facet normal -0.896867 -0.442299 0
    outer loop
      vertex -3.41747 0.625 19.8
      vertex -3.34515 0.478354 18.8
      vertex -3.34515 0.478354 19.8
    endloop
  endfacet
  facet normal -0.44229 -0.896872 0
    outer loop
      vertex -4.02165 1.15485 18.8
      vertex -3.875 1.08253 19.8
      vertex -4.02165 1.15485 19.8
    endloop
  endfacet
  facet normal -0.44229 -0.896872 -0
    outer loop
      vertex -3.875 1.08253 19.8
      vertex -4.02165 1.15485 18.8
      vertex -3.875 1.08253 18.8
    endloop
  endfacet
  facet normal -0.321452 -0.946926 0
    outer loop
      vertex -4.17648 1.20741 18.8
      vertex -4.02165 1.15485 19.8
      vertex -4.17648 1.20741 19.8
    endloop
  endfacet
  facet normal -0.321452 -0.946926 -0
    outer loop
      vertex -4.02165 1.15485 19.8
      vertex -4.17648 1.20741 18.8
      vertex -4.02165 1.15485 18.8
    endloop
  endfacet
  facet normal -0.659354 -0.751833 0
    outer loop
      vertex -3.73905 0.991692 18.8
      vertex -3.61612 0.883883 19.8
      vertex -3.73905 0.991692 19.8
    endloop
  endfacet
  facet normal -0.659354 -0.751833 -0
    outer loop
      vertex -3.61612 0.883883 19.8
      vertex -3.73905 0.991692 18.8
      vertex -3.61612 0.883883 18.8
    endloop
  endfacet
  facet normal 0.896867 -0.442299 0
    outer loop
      vertex -5.65485 0.478354 19.8
      vertex -5.58253 0.625 18.8
      vertex -5.58253 0.625 19.8
    endloop
  endfacet
  facet normal 0.896867 -0.442299 0
    outer loop
      vertex -5.58253 0.625 18.8
      vertex -5.65485 0.478354 19.8
      vertex -5.65485 0.478354 18.8
    endloop
  endfacet
  facet normal 0.831468 -0.555572 0
    outer loop
      vertex -5.58253 0.625 19.8
      vertex -5.49169 0.760951 18.8
      vertex -5.49169 0.760951 19.8
    endloop
  endfacet
  facet normal 0.831468 -0.555572 0
    outer loop
      vertex -5.49169 0.760951 18.8
      vertex -5.58253 0.625 19.8
      vertex -5.58253 0.625 18.8
    endloop
  endfacet
  facet normal 0.946926 -0.321452 0
    outer loop
      vertex -5.70741 0.323524 19.8
      vertex -5.65485 0.478354 18.8
      vertex -5.65485 0.478354 19.8
    endloop
  endfacet
  facet normal 0.946926 -0.321452 0
    outer loop
      vertex -5.65485 0.478354 18.8
      vertex -5.70741 0.323524 19.8
      vertex -5.70741 0.323524 18.8
    endloop
  endfacet
  facet normal 0.44229 -0.896872 0
    outer loop
      vertex -5.125 1.08253 18.8
      vertex -4.97835 1.15485 19.8
      vertex -5.125 1.08253 19.8
    endloop
  endfacet
  facet normal 0.44229 -0.896872 0
    outer loop
      vertex -4.97835 1.15485 19.8
      vertex -5.125 1.08253 18.8
      vertex -4.97835 1.15485 18.8
    endloop
  endfacet
  facet normal 0.195105 -0.980782 0
    outer loop
      vertex -4.82352 1.20741 18.8
      vertex -4.66316 1.23931 19.8
      vertex -4.82352 1.20741 19.8
    endloop
  endfacet
  facet normal 0.195105 -0.980782 0
    outer loop
      vertex -4.66316 1.23931 19.8
      vertex -4.82352 1.20741 18.8
      vertex -4.66316 1.23931 18.8
    endloop
  endfacet
  facet normal -0.896867 0.442299 0
    outer loop
      vertex -3.41747 -0.625 18.8
      vertex -3.34515 -0.478354 19.8
      vertex -3.34515 -0.478354 18.8
    endloop
  endfacet
  facet normal -0.896867 0.442299 0
    outer loop
      vertex -3.34515 -0.478354 19.8
      vertex -3.41747 -0.625 18.8
      vertex -3.41747 -0.625 19.8
    endloop
  endfacet
  facet normal -0.980784 0.195096 0
    outer loop
      vertex -3.29259 -0.323524 18.8
      vertex -3.26069 -0.163157 19.8
      vertex -3.26069 -0.163157 18.8
    endloop
  endfacet
  facet normal -0.980784 0.195096 0
    outer loop
      vertex -3.26069 -0.163157 19.8
      vertex -3.29259 -0.323524 18.8
      vertex -3.29259 -0.323524 19.8
    endloop
  endfacet
  facet normal 0.44229 0.896872 -0
    outer loop
      vertex -4.97835 -1.15485 18.8
      vertex -5.125 -1.08253 19.8
      vertex -4.97835 -1.15485 19.8
    endloop
  endfacet
  facet normal 0.44229 0.896872 0
    outer loop
      vertex -5.125 -1.08253 19.8
      vertex -4.97835 -1.15485 18.8
      vertex -5.125 -1.08253 18.8
    endloop
  endfacet
  facet normal 0.321452 0.946926 -0
    outer loop
      vertex -4.82352 -1.20741 18.8
      vertex -4.97835 -1.15485 19.8
      vertex -4.82352 -1.20741 19.8
    endloop
  endfacet
  facet normal 0.321452 0.946926 0
    outer loop
      vertex -4.97835 -1.15485 19.8
      vertex -4.82352 -1.20741 18.8
      vertex -4.97835 -1.15485 18.8
    endloop
  endfacet
  facet normal 0.896867 0.442299 0
    outer loop
      vertex -5.58253 -0.625 19.8
      vertex -5.65485 -0.478354 18.8
      vertex -5.65485 -0.478354 19.8
    endloop
  endfacet
  facet normal 0.896867 0.442299 0
    outer loop
      vertex -5.65485 -0.478354 18.8
      vertex -5.58253 -0.625 19.8
      vertex -5.58253 -0.625 18.8
    endloop
  endfacet
  facet normal 0.831468 0.555572 0
    outer loop
      vertex -5.49169 -0.760951 19.8
      vertex -5.58253 -0.625 18.8
      vertex -5.58253 -0.625 19.8
    endloop
  endfacet
  facet normal 0.831468 0.555572 0
    outer loop
      vertex -5.58253 -0.625 18.8
      vertex -5.49169 -0.760951 19.8
      vertex -5.49169 -0.760951 18.8
    endloop
  endfacet
  facet normal -0.195105 -0.980782 0
    outer loop
      vertex -4.33684 1.23931 18.8
      vertex -4.17648 1.20741 19.8
      vertex -4.33684 1.23931 19.8
    endloop
  endfacet
  facet normal -0.195105 -0.980782 -0
    outer loop
      vertex -4.17648 1.20741 19.8
      vertex -4.33684 1.23931 18.8
      vertex -4.17648 1.20741 18.8
    endloop
  endfacet
  facet normal 0.980784 -0.195096 0
    outer loop
      vertex -5.73931 0.163157 19.8
      vertex -5.70741 0.323524 18.8
      vertex -5.70741 0.323524 19.8
    endloop
  endfacet
  facet normal 0.980784 -0.195096 0
    outer loop
      vertex -5.70741 0.323524 18.8
      vertex -5.73931 0.163157 19.8
      vertex -5.73931 0.163157 18.8
    endloop
  endfacet
  facet normal 0.0653783 -0.997861 0
    outer loop
      vertex -4.66316 1.23931 18.8
      vertex -4.5 1.25 19.8
      vertex -4.66316 1.23931 19.8
    endloop
  endfacet
  facet normal 0.0653783 -0.997861 0
    outer loop
      vertex -4.5 1.25 19.8
      vertex -4.66316 1.23931 18.8
      vertex -4.5 1.25 18.8
    endloop
  endfacet
  facet normal -0.99786 0.0653795 0
    outer loop
      vertex -3.26069 -0.163157 18.8
      vertex -3.25 0 19.8
      vertex -3.25 0 18.8
    endloop
  endfacet
  facet normal -0.99786 0.0653795 0
    outer loop
      vertex -3.25 0 19.8
      vertex -3.26069 -0.163157 18.8
      vertex -3.26069 -0.163157 19.8
    endloop
  endfacet
  facet normal -0.0653783 0.997861 0
    outer loop
      vertex -4.33684 -1.23931 18.8
      vertex -4.5 -1.25 19.8
      vertex -4.33684 -1.23931 19.8
    endloop
  endfacet
  facet normal -0.0653783 0.997861 0
    outer loop
      vertex -4.5 -1.25 19.8
      vertex -4.33684 -1.23931 18.8
      vertex -4.5 -1.25 18.8
    endloop
  endfacet
  facet normal -0.321452 0.946926 0
    outer loop
      vertex -4.02165 -1.15485 18.8
      vertex -4.17648 -1.20741 19.8
      vertex -4.02165 -1.15485 19.8
    endloop
  endfacet
  facet normal -0.321452 0.946926 0
    outer loop
      vertex -4.17648 -1.20741 19.8
      vertex -4.02165 -1.15485 18.8
      vertex -4.17648 -1.20741 18.8
    endloop
  endfacet
  facet normal -0.44229 0.896872 0
    outer loop
      vertex -3.875 -1.08253 18.8
      vertex -4.02165 -1.15485 19.8
      vertex -3.875 -1.08253 19.8
    endloop
  endfacet
  facet normal -0.44229 0.896872 0
    outer loop
      vertex -4.02165 -1.15485 19.8
      vertex -3.875 -1.08253 18.8
      vertex -4.02165 -1.15485 18.8
    endloop
  endfacet
  facet normal -0.659354 0.751833 0
    outer loop
      vertex -3.61612 -0.883883 18.8
      vertex -3.73905 -0.991692 19.8
      vertex -3.61612 -0.883883 19.8
    endloop
  endfacet
  facet normal -0.659354 0.751833 0
    outer loop
      vertex -3.73905 -0.991692 19.8
      vertex -3.61612 -0.883883 18.8
      vertex -3.73905 -0.991692 18.8
    endloop
  endfacet
  facet normal -0.555566 0.831472 0
    outer loop
      vertex -3.73905 -0.991692 18.8
      vertex -3.875 -1.08253 19.8
      vertex -3.73905 -0.991692 19.8
    endloop
  endfacet
  facet normal -0.555566 0.831472 0
    outer loop
      vertex -3.875 -1.08253 19.8
      vertex -3.73905 -0.991692 18.8
      vertex -3.875 -1.08253 18.8
    endloop
  endfacet
  facet normal -0.751835 0.659351 0
    outer loop
      vertex -3.61612 -0.883883 18.8
      vertex -3.50831 -0.760951 19.8
      vertex -3.50831 -0.760951 18.8
    endloop
  endfacet
  facet normal -0.751835 0.659351 0
    outer loop
      vertex -3.50831 -0.760951 19.8
      vertex -3.61612 -0.883883 18.8
      vertex -3.61612 -0.883883 19.8
    endloop
  endfacet
  facet normal -0.831468 0.555572 0
    outer loop
      vertex -3.50831 -0.760951 18.8
      vertex -3.41747 -0.625 19.8
      vertex -3.41747 -0.625 18.8
    endloop
  endfacet
  facet normal -0.831468 0.555572 0
    outer loop
      vertex -3.41747 -0.625 19.8
      vertex -3.50831 -0.760951 18.8
      vertex -3.50831 -0.760951 19.8
    endloop
  endfacet
  facet normal 0.659354 0.751833 -0
    outer loop
      vertex -5.26095 -0.991692 18.8
      vertex -5.38388 -0.883883 19.8
      vertex -5.26095 -0.991692 19.8
    endloop
  endfacet
  facet normal 0.659354 0.751833 0
    outer loop
      vertex -5.38388 -0.883883 19.8
      vertex -5.26095 -0.991692 18.8
      vertex -5.38388 -0.883883 18.8
    endloop
  endfacet
  facet normal 0.555566 0.831472 -0
    outer loop
      vertex -5.125 -1.08253 18.8
      vertex -5.26095 -0.991692 19.8
      vertex -5.125 -1.08253 19.8
    endloop
  endfacet
  facet normal 0.555566 0.831472 0
    outer loop
      vertex -5.26095 -0.991692 19.8
      vertex -5.125 -1.08253 18.8
      vertex -5.26095 -0.991692 18.8
    endloop
  endfacet
  facet normal 0.195105 0.980782 -0
    outer loop
      vertex -4.66316 -1.23931 18.8
      vertex -4.82352 -1.20741 19.8
      vertex -4.66316 -1.23931 19.8
    endloop
  endfacet
  facet normal 0.195105 0.980782 0
    outer loop
      vertex -4.82352 -1.20741 19.8
      vertex -4.66316 -1.23931 18.8
      vertex -4.82352 -1.20741 18.8
    endloop
  endfacet
  facet normal 0.751835 0.659351 0
    outer loop
      vertex -5.38388 -0.883883 19.8
      vertex -5.49169 -0.760951 18.8
      vertex -5.49169 -0.760951 19.8
    endloop
  endfacet
  facet normal 0.751835 0.659351 0
    outer loop
      vertex -5.49169 -0.760951 18.8
      vertex -5.38388 -0.883883 19.8
      vertex -5.38388 -0.883883 18.8
    endloop
  endfacet
  facet normal 0.946926 0.321452 0
    outer loop
      vertex -5.65485 -0.478354 19.8
      vertex -5.70741 -0.323524 18.8
      vertex -5.70741 -0.323524 19.8
    endloop
  endfacet
  facet normal 0.946926 0.321452 0
    outer loop
      vertex -5.70741 -0.323524 18.8
      vertex -5.65485 -0.478354 19.8
      vertex -5.65485 -0.478354 18.8
    endloop
  endfacet
  facet normal 0.99786 0.0653795 0
    outer loop
      vertex -5.73931 -0.163157 19.8
      vertex -5.75 0 18.8
      vertex -5.75 0 19.8
    endloop
  endfacet
  facet normal 0.99786 0.0653795 0
    outer loop
      vertex -5.75 0 18.8
      vertex -5.73931 -0.163157 19.8
      vertex -5.73931 -0.163157 18.8
    endloop
  endfacet
  facet normal -0.831468 -0.555572 0
    outer loop
      vertex -3.41747 0.625 18.8
      vertex -3.50831 0.760951 19.8
      vertex -3.50831 0.760951 18.8
    endloop
  endfacet
  facet normal -0.831468 -0.555572 0
    outer loop
      vertex -3.50831 0.760951 19.8
      vertex -3.41747 0.625 18.8
      vertex -3.41747 0.625 19.8
    endloop
  endfacet
  facet normal -0.555566 -0.831472 0
    outer loop
      vertex -3.875 1.08253 18.8
      vertex -3.73905 0.991692 19.8
      vertex -3.875 1.08253 19.8
    endloop
  endfacet
  facet normal -0.555566 -0.831472 -0
    outer loop
      vertex -3.73905 0.991692 19.8
      vertex -3.875 1.08253 18.8
      vertex -3.73905 0.991692 18.8
    endloop
  endfacet
  facet normal 0.751835 -0.659351 0
    outer loop
      vertex -5.49169 0.760951 19.8
      vertex -5.38388 0.883883 18.8
      vertex -5.38388 0.883883 19.8
    endloop
  endfacet
  facet normal 0.751835 -0.659351 0
    outer loop
      vertex -5.38388 0.883883 18.8
      vertex -5.49169 0.760951 19.8
      vertex -5.49169 0.760951 18.8
    endloop
  endfacet
  facet normal 0.555566 -0.831472 0
    outer loop
      vertex -5.26095 0.991692 18.8
      vertex -5.125 1.08253 19.8
      vertex -5.26095 0.991692 19.8
    endloop
  endfacet
  facet normal 0.555566 -0.831472 0
    outer loop
      vertex -5.125 1.08253 19.8
      vertex -5.26095 0.991692 18.8
      vertex -5.125 1.08253 18.8
    endloop
  endfacet
  facet normal -0.195105 0.980782 0
    outer loop
      vertex -4.17648 -1.20741 18.8
      vertex -4.33684 -1.23931 19.8
      vertex -4.17648 -1.20741 19.8
    endloop
  endfacet
  facet normal -0.195105 0.980782 0
    outer loop
      vertex -4.33684 -1.23931 19.8
      vertex -4.17648 -1.20741 18.8
      vertex -4.33684 -1.23931 18.8
    endloop
  endfacet
  facet normal -0.946926 0.321452 0
    outer loop
      vertex -3.34515 -0.478354 18.8
      vertex -3.29259 -0.323524 19.8
      vertex -3.29259 -0.323524 18.8
    endloop
  endfacet
  facet normal -0.946926 0.321452 0
    outer loop
      vertex -3.29259 -0.323524 19.8
      vertex -3.34515 -0.478354 18.8
      vertex -3.34515 -0.478354 19.8
    endloop
  endfacet
  facet normal 0.980784 0.195096 0
    outer loop
      vertex -5.70741 -0.323524 19.8
      vertex -5.73931 -0.163157 18.8
      vertex -5.73931 -0.163157 19.8
    endloop
  endfacet
  facet normal 0.980784 0.195096 0
    outer loop
      vertex -5.73931 -0.163157 18.8
      vertex -5.70741 -0.323524 19.8
      vertex -5.70741 -0.323524 18.8
    endloop
  endfacet
  facet normal -0.997861 -0.0653783 0
    outer loop
      vertex -3.25 6 18.8
      vertex -3.26069 6.16316 19.8
      vertex -3.26069 6.16316 18.8
    endloop
  endfacet
  facet normal -0.997861 -0.0653783 0
    outer loop
      vertex -3.26069 6.16316 19.8
      vertex -3.25 6 18.8
      vertex -3.25 6 19.8
    endloop
  endfacet
  facet normal 0.997861 -0.0653783 0
    outer loop
      vertex -5.75 6 19.8
      vertex -5.73931 6.16316 18.8
      vertex -5.73931 6.16316 19.8
    endloop
  endfacet
  facet normal 0.997861 -0.0653783 0
    outer loop
      vertex -5.73931 6.16316 18.8
      vertex -5.75 6 19.8
      vertex -5.75 6 18.8
    endloop
  endfacet
  facet normal -0.0653783 -0.997861 0
    outer loop
      vertex -4.5 7.25 18.8
      vertex -4.33684 7.23931 19.8
      vertex -4.5 7.25 19.8
    endloop
  endfacet
  facet normal -0.0653783 -0.997861 -0
    outer loop
      vertex -4.33684 7.23931 19.8
      vertex -4.5 7.25 18.8
      vertex -4.33684 7.23931 18.8
    endloop
  endfacet
  facet normal -0.0653783 0.997861 0
    outer loop
      vertex -4.33684 4.76069 18.8
      vertex -4.5 4.75 19.8
      vertex -4.33684 4.76069 19.8
    endloop
  endfacet
  facet normal -0.0653783 0.997861 0
    outer loop
      vertex -4.5 4.75 19.8
      vertex -4.33684 4.76069 18.8
      vertex -4.5 4.75 18.8
    endloop
  endfacet
  facet normal -0.75183 -0.659357 0
    outer loop
      vertex -3.50831 6.76095 18.8
      vertex -3.61612 6.88388 19.8
      vertex -3.61612 6.88388 18.8
    endloop
  endfacet
  facet normal -0.75183 -0.659357 0
    outer loop
      vertex -3.61612 6.88388 19.8
      vertex -3.50831 6.76095 18.8
      vertex -3.50831 6.76095 19.8
    endloop
  endfacet
  facet normal 0.659357 -0.75183 0
    outer loop
      vertex -5.38388 6.88388 18.8
      vertex -5.26095 6.99169 19.8
      vertex -5.38388 6.88388 19.8
    endloop
  endfacet
  facet normal 0.659357 -0.75183 0
    outer loop
      vertex -5.26095 6.99169 19.8
      vertex -5.38388 6.88388 18.8
      vertex -5.26095 6.99169 18.8
    endloop
  endfacet
  facet normal 0.321452 -0.946926 0
    outer loop
      vertex -4.97835 7.15485 18.8
      vertex -4.82352 7.20741 19.8
      vertex -4.97835 7.15485 19.8
    endloop
  endfacet
  facet normal 0.321452 -0.946926 0
    outer loop
      vertex -4.82352 7.20741 19.8
      vertex -4.97835 7.15485 18.8
      vertex -4.82352 7.20741 18.8
    endloop
  endfacet
  facet normal -0.946926 -0.321452 0
    outer loop
      vertex -3.29259 6.32352 18.8
      vertex -3.34515 6.47835 19.8
      vertex -3.34515 6.47835 18.8
    endloop
  endfacet
  facet normal -0.946926 -0.321452 0
    outer loop
      vertex -3.34515 6.47835 19.8
      vertex -3.29259 6.32352 18.8
      vertex -3.29259 6.32352 19.8
    endloop
  endfacet
  facet normal -0.980782 -0.195105 0
    outer loop
      vertex -3.26069 6.16316 18.8
      vertex -3.29259 6.32352 19.8
      vertex -3.29259 6.32352 18.8
    endloop
  endfacet
  facet normal -0.980782 -0.195105 0
    outer loop
      vertex -3.29259 6.32352 19.8
      vertex -3.26069 6.16316 18.8
      vertex -3.26069 6.16316 19.8
    endloop
  endfacet
  facet normal -0.896872 -0.44229 0
    outer loop
      vertex -3.34515 6.47835 18.8
      vertex -3.41747 6.625 19.8
      vertex -3.41747 6.625 18.8
    endloop
  endfacet
  facet normal -0.896872 -0.44229 0
    outer loop
      vertex -3.41747 6.625 19.8
      vertex -3.34515 6.47835 18.8
      vertex -3.34515 6.47835 19.8
    endloop
  endfacet
  facet normal -0.44229 -0.896872 0
    outer loop
      vertex -4.02165 7.15485 18.8
      vertex -3.875 7.08253 19.8
      vertex -4.02165 7.15485 19.8
    endloop
  endfacet
  facet normal -0.44229 -0.896872 -0
    outer loop
      vertex -3.875 7.08253 19.8
      vertex -4.02165 7.15485 18.8
      vertex -3.875 7.08253 18.8
    endloop
  endfacet
  facet normal -0.321452 -0.946926 0
    outer loop
      vertex -4.17648 7.20741 18.8
      vertex -4.02165 7.15485 19.8
      vertex -4.17648 7.20741 19.8
    endloop
  endfacet
  facet normal -0.321452 -0.946926 -0
    outer loop
      vertex -4.02165 7.15485 19.8
      vertex -4.17648 7.20741 18.8
      vertex -4.02165 7.15485 18.8
    endloop
  endfacet
  facet normal -0.659357 -0.75183 0
    outer loop
      vertex -3.73905 6.99169 18.8
      vertex -3.61612 6.88388 19.8
      vertex -3.73905 6.99169 19.8
    endloop
  endfacet
  facet normal -0.659357 -0.75183 -0
    outer loop
      vertex -3.61612 6.88388 19.8
      vertex -3.73905 6.99169 18.8
      vertex -3.61612 6.88388 18.8
    endloop
  endfacet
  facet normal 0.896872 -0.44229 0
    outer loop
      vertex -5.65485 6.47835 19.8
      vertex -5.58253 6.625 18.8
      vertex -5.58253 6.625 19.8
    endloop
  endfacet
  facet normal 0.896872 -0.44229 0
    outer loop
      vertex -5.58253 6.625 18.8
      vertex -5.65485 6.47835 19.8
      vertex -5.65485 6.47835 18.8
    endloop
  endfacet
  facet normal 0.946926 -0.321452 0
    outer loop
      vertex -5.70741 6.32352 19.8
      vertex -5.65485 6.47835 18.8
      vertex -5.65485 6.47835 19.8
    endloop
  endfacet
  facet normal 0.946926 -0.321452 0
    outer loop
      vertex -5.65485 6.47835 18.8
      vertex -5.70741 6.32352 19.8
      vertex -5.70741 6.32352 18.8
    endloop
  endfacet
  facet normal 0.44229 -0.896872 0
    outer loop
      vertex -5.125 7.08253 18.8
      vertex -4.97835 7.15485 19.8
      vertex -5.125 7.08253 19.8
    endloop
  endfacet
  facet normal 0.44229 -0.896872 0
    outer loop
      vertex -4.97835 7.15485 19.8
      vertex -5.125 7.08253 18.8
      vertex -4.97835 7.15485 18.8
    endloop
  endfacet
  facet normal 0.195105 -0.980782 0
    outer loop
      vertex -4.82352 7.20741 18.8
      vertex -4.66316 7.23931 19.8
      vertex -4.82352 7.20741 19.8
    endloop
  endfacet
  facet normal 0.195105 -0.980782 0
    outer loop
      vertex -4.66316 7.23931 19.8
      vertex -4.82352 7.20741 18.8
      vertex -4.66316 7.23931 18.8
    endloop
  endfacet
  facet normal -0.980782 0.195105 0
    outer loop
      vertex -3.29259 5.67648 18.8
      vertex -3.26069 5.83684 19.8
      vertex -3.26069 5.83684 18.8
    endloop
  endfacet
  facet normal -0.980782 0.195105 0
    outer loop
      vertex -3.26069 5.83684 19.8
      vertex -3.29259 5.67648 18.8
      vertex -3.29259 5.67648 19.8
    endloop
  endfacet
  facet normal -0.195105 0.980782 0
    outer loop
      vertex -4.17648 4.79259 18.8
      vertex -4.33684 4.76069 19.8
      vertex -4.17648 4.79259 19.8
    endloop
  endfacet
  facet normal -0.195105 0.980782 0
    outer loop
      vertex -4.33684 4.76069 19.8
      vertex -4.17648 4.79259 18.8
      vertex -4.33684 4.76069 18.8
    endloop
  endfacet
  facet normal -0.831466 -0.555575 0
    outer loop
      vertex -3.41747 6.625 18.8
      vertex -3.50831 6.76095 19.8
      vertex -3.50831 6.76095 18.8
    endloop
  endfacet
  facet normal -0.831466 -0.555575 0
    outer loop
      vertex -3.50831 6.76095 19.8
      vertex -3.41747 6.625 18.8
      vertex -3.41747 6.625 19.8
    endloop
  endfacet
  facet normal -0.195105 -0.980782 0
    outer loop
      vertex -4.33684 7.23931 18.8
      vertex -4.17648 7.20741 19.8
      vertex -4.33684 7.23931 19.8
    endloop
  endfacet
  facet normal -0.195105 -0.980782 -0
    outer loop
      vertex -4.17648 7.20741 19.8
      vertex -4.33684 7.23931 18.8
      vertex -4.17648 7.20741 18.8
    endloop
  endfacet
  facet normal -0.555575 -0.831466 0
    outer loop
      vertex -3.875 7.08253 18.8
      vertex -3.73905 6.99169 19.8
      vertex -3.875 7.08253 19.8
    endloop
  endfacet
  facet normal -0.555575 -0.831466 -0
    outer loop
      vertex -3.73905 6.99169 19.8
      vertex -3.875 7.08253 18.8
      vertex -3.73905 6.99169 18.8
    endloop
  endfacet
  facet normal 0.831466 -0.555575 0
    outer loop
      vertex -5.58253 6.625 19.8
      vertex -5.49169 6.76095 18.8
      vertex -5.49169 6.76095 19.8
    endloop
  endfacet
  facet normal 0.831466 -0.555575 0
    outer loop
      vertex -5.49169 6.76095 18.8
      vertex -5.58253 6.625 19.8
      vertex -5.58253 6.625 18.8
    endloop
  endfacet
  facet normal 0.75183 -0.659357 0
    outer loop
      vertex -5.49169 6.76095 19.8
      vertex -5.38388 6.88388 18.8
      vertex -5.38388 6.88388 19.8
    endloop
  endfacet
  facet normal 0.75183 -0.659357 0
    outer loop
      vertex -5.38388 6.88388 18.8
      vertex -5.49169 6.76095 19.8
      vertex -5.49169 6.76095 18.8
    endloop
  endfacet
  facet normal 0.980782 -0.195105 0
    outer loop
      vertex -5.73931 6.16316 19.8
      vertex -5.70741 6.32352 18.8
      vertex -5.70741 6.32352 19.8
    endloop
  endfacet
  facet normal 0.980782 -0.195105 0
    outer loop
      vertex -5.70741 6.32352 18.8
      vertex -5.73931 6.16316 19.8
      vertex -5.73931 6.16316 18.8
    endloop
  endfacet
  facet normal 0.555575 -0.831466 0
    outer loop
      vertex -5.26095 6.99169 18.8
      vertex -5.125 7.08253 19.8
      vertex -5.26095 6.99169 19.8
    endloop
  endfacet
  facet normal 0.555575 -0.831466 0
    outer loop
      vertex -5.125 7.08253 19.8
      vertex -5.26095 6.99169 18.8
      vertex -5.125 7.08253 18.8
    endloop
  endfacet
  facet normal 0.0653783 -0.997861 0
    outer loop
      vertex -4.66316 7.23931 18.8
      vertex -4.5 7.25 19.8
      vertex -4.66316 7.23931 19.8
    endloop
  endfacet
  facet normal 0.0653783 -0.997861 0
    outer loop
      vertex -4.5 7.25 19.8
      vertex -4.66316 7.23931 18.8
      vertex -4.5 7.25 18.8
    endloop
  endfacet
  facet normal -0.997861 0.0653783 0
    outer loop
      vertex -3.26069 5.83684 18.8
      vertex -3.25 6 19.8
      vertex -3.25 6 18.8
    endloop
  endfacet
  facet normal -0.997861 0.0653783 0
    outer loop
      vertex -3.25 6 19.8
      vertex -3.26069 5.83684 18.8
      vertex -3.26069 5.83684 19.8
    endloop
  endfacet
  facet normal -0.555575 0.831466 0
    outer loop
      vertex -3.73905 5.00831 18.8
      vertex -3.875 4.91747 19.8
      vertex -3.73905 5.00831 19.8
    endloop
  endfacet
  facet normal -0.555575 0.831466 0
    outer loop
      vertex -3.875 4.91747 19.8
      vertex -3.73905 5.00831 18.8
      vertex -3.875 4.91747 18.8
    endloop
  endfacet
  facet normal -0.75183 0.659357 0
    outer loop
      vertex -3.61612 5.11612 18.8
      vertex -3.50831 5.23905 19.8
      vertex -3.50831 5.23905 18.8
    endloop
  endfacet
  facet normal -0.75183 0.659357 0
    outer loop
      vertex -3.50831 5.23905 19.8
      vertex -3.61612 5.11612 18.8
      vertex -3.61612 5.11612 19.8
    endloop
  endfacet
  facet normal -0.946926 0.321452 0
    outer loop
      vertex -3.34515 5.52165 18.8
      vertex -3.29259 5.67648 19.8
      vertex -3.29259 5.67648 18.8
    endloop
  endfacet
  facet normal -0.946926 0.321452 0
    outer loop
      vertex -3.29259 5.67648 19.8
      vertex -3.34515 5.52165 18.8
      vertex -3.34515 5.52165 19.8
    endloop
  endfacet
  facet normal 0.75183 0.659357 0
    outer loop
      vertex -5.38388 5.11612 19.8
      vertex -5.49169 5.23905 18.8
      vertex -5.49169 5.23905 19.8
    endloop
  endfacet
  facet normal 0.75183 0.659357 0
    outer loop
      vertex -5.49169 5.23905 18.8
      vertex -5.38388 5.11612 19.8
      vertex -5.38388 5.11612 18.8
    endloop
  endfacet
  facet normal -0.831466 0.555575 0
    outer loop
      vertex -3.50831 5.23905 18.8
      vertex -3.41747 5.375 19.8
      vertex -3.41747 5.375 18.8
    endloop
  endfacet
  facet normal -0.831466 0.555575 0
    outer loop
      vertex -3.41747 5.375 19.8
      vertex -3.50831 5.23905 18.8
      vertex -3.50831 5.23905 19.8
    endloop
  endfacet
  facet normal 0.195105 0.980782 -0
    outer loop
      vertex -4.66316 4.76069 18.8
      vertex -4.82352 4.79259 19.8
      vertex -4.66316 4.76069 19.8
    endloop
  endfacet
  facet normal 0.195105 0.980782 0
    outer loop
      vertex -4.82352 4.79259 19.8
      vertex -4.66316 4.76069 18.8
      vertex -4.82352 4.79259 18.8
    endloop
  endfacet
  facet normal 0.946926 0.321452 0
    outer loop
      vertex -5.65485 5.52165 19.8
      vertex -5.70741 5.67648 18.8
      vertex -5.70741 5.67648 19.8
    endloop
  endfacet
  facet normal 0.946926 0.321452 0
    outer loop
      vertex -5.70741 5.67648 18.8
      vertex -5.65485 5.52165 19.8
      vertex -5.65485 5.52165 18.8
    endloop
  endfacet
  facet normal 0.997861 0.0653783 0
    outer loop
      vertex -5.73931 5.83684 19.8
      vertex -5.75 6 18.8
      vertex -5.75 6 19.8
    endloop
  endfacet
  facet normal 0.997861 0.0653783 0
    outer loop
      vertex -5.75 6 18.8
      vertex -5.73931 5.83684 19.8
      vertex -5.73931 5.83684 18.8
    endloop
  endfacet
  facet normal -0.44229 0.896872 0
    outer loop
      vertex -3.875 4.91747 18.8
      vertex -4.02165 4.84515 19.8
      vertex -3.875 4.91747 19.8
    endloop
  endfacet
  facet normal -0.44229 0.896872 0
    outer loop
      vertex -4.02165 4.84515 19.8
      vertex -3.875 4.91747 18.8
      vertex -4.02165 4.84515 18.8
    endloop
  endfacet
  facet normal -0.321452 0.946926 0
    outer loop
      vertex -4.02165 4.84515 18.8
      vertex -4.17648 4.79259 19.8
      vertex -4.02165 4.84515 19.8
    endloop
  endfacet
  facet normal -0.321452 0.946926 0
    outer loop
      vertex -4.17648 4.79259 19.8
      vertex -4.02165 4.84515 18.8
      vertex -4.17648 4.79259 18.8
    endloop
  endfacet
  facet normal -0.659357 0.75183 0
    outer loop
      vertex -3.61612 5.11612 18.8
      vertex -3.73905 5.00831 19.8
      vertex -3.61612 5.11612 19.8
    endloop
  endfacet
  facet normal -0.659357 0.75183 0
    outer loop
      vertex -3.73905 5.00831 19.8
      vertex -3.61612 5.11612 18.8
      vertex -3.73905 5.00831 18.8
    endloop
  endfacet
  facet normal -0.896872 0.44229 0
    outer loop
      vertex -3.41747 5.375 18.8
      vertex -3.34515 5.52165 19.8
      vertex -3.34515 5.52165 18.8
    endloop
  endfacet
  facet normal -0.896872 0.44229 0
    outer loop
      vertex -3.34515 5.52165 19.8
      vertex -3.41747 5.375 18.8
      vertex -3.41747 5.375 19.8
    endloop
  endfacet
  facet normal 0.0653783 0.997861 -0
    outer loop
      vertex -4.5 4.75 18.8
      vertex -4.66316 4.76069 19.8
      vertex -4.5 4.75 19.8
    endloop
  endfacet
  facet normal 0.0653783 0.997861 0
    outer loop
      vertex -4.66316 4.76069 19.8
      vertex -4.5 4.75 18.8
      vertex -4.66316 4.76069 18.8
    endloop
  endfacet
  facet normal 0.321452 0.946926 -0
    outer loop
      vertex -4.82352 4.79259 18.8
      vertex -4.97835 4.84515 19.8
      vertex -4.82352 4.79259 19.8
    endloop
  endfacet
  facet normal 0.321452 0.946926 0
    outer loop
      vertex -4.97835 4.84515 19.8
      vertex -4.82352 4.79259 18.8
      vertex -4.97835 4.84515 18.8
    endloop
  endfacet
  facet normal 0.831466 0.555575 0
    outer loop
      vertex -5.49169 5.23905 19.8
      vertex -5.58253 5.375 18.8
      vertex -5.58253 5.375 19.8
    endloop
  endfacet
  facet normal 0.831466 0.555575 0
    outer loop
      vertex -5.58253 5.375 18.8
      vertex -5.49169 5.23905 19.8
      vertex -5.49169 5.23905 18.8
    endloop
  endfacet
  facet normal 0.896872 0.44229 0
    outer loop
      vertex -5.58253 5.375 19.8
      vertex -5.65485 5.52165 18.8
      vertex -5.65485 5.52165 19.8
    endloop
  endfacet
  facet normal 0.896872 0.44229 0
    outer loop
      vertex -5.65485 5.52165 18.8
      vertex -5.58253 5.375 19.8
      vertex -5.58253 5.375 18.8
    endloop
  endfacet
  facet normal 0.980782 0.195105 0
    outer loop
      vertex -5.70741 5.67648 19.8
      vertex -5.73931 5.83684 18.8
      vertex -5.73931 5.83684 19.8
    endloop
  endfacet
  facet normal 0.980782 0.195105 0
    outer loop
      vertex -5.73931 5.83684 18.8
      vertex -5.70741 5.67648 19.8
      vertex -5.70741 5.67648 18.8
    endloop
  endfacet
  facet normal 0.44229 0.896872 -0
    outer loop
      vertex -4.97835 4.84515 18.8
      vertex -5.125 4.91747 19.8
      vertex -4.97835 4.84515 19.8
    endloop
  endfacet
  facet normal 0.44229 0.896872 0
    outer loop
      vertex -5.125 4.91747 19.8
      vertex -4.97835 4.84515 18.8
      vertex -5.125 4.91747 18.8
    endloop
  endfacet
  facet normal 0.555575 0.831466 -0
    outer loop
      vertex -5.125 4.91747 18.8
      vertex -5.26095 5.00831 19.8
      vertex -5.125 4.91747 19.8
    endloop
  endfacet
  facet normal 0.555575 0.831466 0
    outer loop
      vertex -5.26095 5.00831 19.8
      vertex -5.125 4.91747 18.8
      vertex -5.26095 5.00831 18.8
    endloop
  endfacet
  facet normal 0.659357 0.75183 -0
    outer loop
      vertex -5.26095 5.00831 18.8
      vertex -5.38388 5.11612 19.8
      vertex -5.26095 5.00831 19.8
    endloop
  endfacet
  facet normal 0.659357 0.75183 0
    outer loop
      vertex -5.38388 5.11612 19.8
      vertex -5.26095 5.00831 18.8
      vertex -5.38388 5.11612 18.8
    endloop
  endfacet
  facet normal -0.997861 -0.0653783 0
    outer loop
      vertex 1.25 -6 18.8
      vertex 1.23931 -5.83684 19.8
      vertex 1.23931 -5.83684 18.8
    endloop
  endfacet
  facet normal -0.997861 -0.0653783 0
    outer loop
      vertex 1.23931 -5.83684 19.8
      vertex 1.25 -6 18.8
      vertex 1.25 -6 19.8
    endloop
  endfacet
  facet normal 0.997861 -0.0653783 0
    outer loop
      vertex -1.25 -6 19.8
      vertex -1.23931 -5.83684 18.8
      vertex -1.23931 -5.83684 19.8
    endloop
  endfacet
  facet normal 0.997861 -0.0653783 0
    outer loop
      vertex -1.23931 -5.83684 18.8
      vertex -1.25 -6 19.8
      vertex -1.25 -6 18.8
    endloop
  endfacet
  facet normal 0.0653795 -0.99786 0
    outer loop
      vertex -0.163157 -4.76069 18.8
      vertex 0 -4.75 19.8
      vertex -0.163157 -4.76069 19.8
    endloop
  endfacet
  facet normal 0.0653795 -0.99786 0
    outer loop
      vertex 0 -4.75 19.8
      vertex -0.163157 -4.76069 18.8
      vertex 0 -4.75 18.8
    endloop
  endfacet
  facet normal -0.659351 -0.751835 0
    outer loop
      vertex 0.760951 -5.00831 18.8
      vertex 0.883883 -5.11612 19.8
      vertex 0.760951 -5.00831 19.8
    endloop
  endfacet
  facet normal -0.659351 -0.751835 -0
    outer loop
      vertex 0.883883 -5.11612 19.8
      vertex 0.760951 -5.00831 18.8
      vertex 0.883883 -5.11612 18.8
    endloop
  endfacet
  facet normal 0.659351 -0.751835 0
    outer loop
      vertex -0.883883 -5.11612 18.8
      vertex -0.760951 -5.00831 19.8
      vertex -0.883883 -5.11612 19.8
    endloop
  endfacet
  facet normal 0.659351 -0.751835 0
    outer loop
      vertex -0.760951 -5.00831 19.8
      vertex -0.883883 -5.11612 18.8
      vertex -0.760951 -5.00831 18.8
    endloop
  endfacet
  facet normal 0.321452 -0.946926 0
    outer loop
      vertex -0.478354 -4.84515 18.8
      vertex -0.323524 -4.79259 19.8
      vertex -0.478354 -4.84515 19.8
    endloop
  endfacet
  facet normal 0.321452 -0.946926 0
    outer loop
      vertex -0.323524 -4.79259 19.8
      vertex -0.478354 -4.84515 18.8
      vertex -0.323524 -4.79259 18.8
    endloop
  endfacet
  facet normal -0.896872 -0.44229 0
    outer loop
      vertex 1.15485 -5.52165 18.8
      vertex 1.08253 -5.375 19.8
      vertex 1.08253 -5.375 18.8
    endloop
  endfacet
  facet normal -0.896872 -0.44229 0
    outer loop
      vertex 1.08253 -5.375 19.8
      vertex 1.15485 -5.52165 18.8
      vertex 1.15485 -5.52165 19.8
    endloop
  endfacet
  facet normal -0.980782 -0.195105 0
    outer loop
      vertex 1.23931 -5.83684 18.8
      vertex 1.20741 -5.67648 19.8
      vertex 1.20741 -5.67648 18.8
    endloop
  endfacet
  facet normal -0.980782 -0.195105 0
    outer loop
      vertex 1.20741 -5.67648 19.8
      vertex 1.23931 -5.83684 18.8
      vertex 1.23931 -5.83684 19.8
    endloop
  endfacet
  facet normal -0.321452 -0.946926 0
    outer loop
      vertex 0.323524 -4.79259 18.8
      vertex 0.478354 -4.84515 19.8
      vertex 0.323524 -4.79259 19.8
    endloop
  endfacet
  facet normal -0.321452 -0.946926 -0
    outer loop
      vertex 0.478354 -4.84515 19.8
      vertex 0.323524 -4.79259 18.8
      vertex 0.478354 -4.84515 18.8
    endloop
  endfacet
  facet normal -0.195096 -0.980784 0
    outer loop
      vertex 0.163157 -4.76069 18.8
      vertex 0.323524 -4.79259 19.8
      vertex 0.163157 -4.76069 19.8
    endloop
  endfacet
  facet normal -0.195096 -0.980784 -0
    outer loop
      vertex 0.323524 -4.79259 19.8
      vertex 0.163157 -4.76069 18.8
      vertex 0.323524 -4.79259 18.8
    endloop
  endfacet
  facet normal -0.442299 -0.896867 0
    outer loop
      vertex 0.478354 -4.84515 18.8
      vertex 0.625 -4.91747 19.8
      vertex 0.478354 -4.84515 19.8
    endloop
  endfacet
  facet normal -0.442299 -0.896867 -0
    outer loop
      vertex 0.625 -4.91747 19.8
      vertex 0.478354 -4.84515 18.8
      vertex 0.625 -4.91747 18.8
    endloop
  endfacet
  facet normal 0.831472 -0.555566 0
    outer loop
      vertex -1.08253 -5.375 19.8
      vertex -0.991692 -5.23905 18.8
      vertex -0.991692 -5.23905 19.8
    endloop
  endfacet
  facet normal 0.831472 -0.555566 0
    outer loop
      vertex -0.991692 -5.23905 18.8
      vertex -1.08253 -5.375 19.8
      vertex -1.08253 -5.375 18.8
    endloop
  endfacet
  facet normal 0.751833 -0.659354 0
    outer loop
      vertex -0.991692 -5.23905 19.8
      vertex -0.883883 -5.11612 18.8
      vertex -0.883883 -5.11612 19.8
    endloop
  endfacet
  facet normal 0.751833 -0.659354 0
    outer loop
      vertex -0.883883 -5.11612 18.8
      vertex -0.991692 -5.23905 19.8
      vertex -0.991692 -5.23905 18.8
    endloop
  endfacet
  facet normal 0.946926 -0.321452 0
    outer loop
      vertex -1.20741 -5.67648 19.8
      vertex -1.15485 -5.52165 18.8
      vertex -1.15485 -5.52165 19.8
    endloop
  endfacet
  facet normal 0.946926 -0.321452 0
    outer loop
      vertex -1.15485 -5.52165 18.8
      vertex -1.20741 -5.67648 19.8
      vertex -1.20741 -5.67648 18.8
    endloop
  endfacet
  facet normal 0.442299 -0.896867 0
    outer loop
      vertex -0.625 -4.91747 18.8
      vertex -0.478354 -4.84515 19.8
      vertex -0.625 -4.91747 19.8
    endloop
  endfacet
  facet normal 0.442299 -0.896867 0
    outer loop
      vertex -0.478354 -4.84515 19.8
      vertex -0.625 -4.91747 18.8
      vertex -0.478354 -4.84515 18.8
    endloop
  endfacet
  facet normal 0.195096 -0.980784 0
    outer loop
      vertex -0.323524 -4.79259 18.8
      vertex -0.163157 -4.76069 19.8
      vertex -0.323524 -4.79259 19.8
    endloop
  endfacet
  facet normal 0.195096 -0.980784 0
    outer loop
      vertex -0.163157 -4.76069 19.8
      vertex -0.323524 -4.79259 18.8
      vertex -0.163157 -4.76069 18.8
    endloop
  endfacet
  facet normal -0.659351 0.751835 0
    outer loop
      vertex 0.883883 -6.88388 18.8
      vertex 0.760951 -6.99169 19.8
      vertex 0.883883 -6.88388 19.8
    endloop
  endfacet
  facet normal -0.659351 0.751835 0
    outer loop
      vertex 0.760951 -6.99169 19.8
      vertex 0.883883 -6.88388 18.8
      vertex 0.760951 -6.99169 18.8
    endloop
  endfacet
  facet normal -0.442299 0.896867 0
    outer loop
      vertex 0.625 -7.08253 18.8
      vertex 0.478354 -7.15485 19.8
      vertex 0.625 -7.08253 19.8
    endloop
  endfacet
  facet normal -0.442299 0.896867 0
    outer loop
      vertex 0.478354 -7.15485 19.8
      vertex 0.625 -7.08253 18.8
      vertex 0.478354 -7.15485 18.8
    endloop
  endfacet
  facet normal -0.896872 0.44229 0
    outer loop
      vertex 1.08253 -6.625 18.8
      vertex 1.15485 -6.47835 19.8
      vertex 1.15485 -6.47835 18.8
    endloop
  endfacet
  facet normal -0.896872 0.44229 0
    outer loop
      vertex 1.15485 -6.47835 19.8
      vertex 1.08253 -6.625 18.8
      vertex 1.08253 -6.625 19.8
    endloop
  endfacet
  facet normal -0.980782 0.195105 0
    outer loop
      vertex 1.20741 -6.32352 18.8
      vertex 1.23931 -6.16316 19.8
      vertex 1.23931 -6.16316 18.8
    endloop
  endfacet
  facet normal -0.980782 0.195105 0
    outer loop
      vertex 1.23931 -6.16316 19.8
      vertex 1.20741 -6.32352 18.8
      vertex 1.20741 -6.32352 19.8
    endloop
  endfacet
  facet normal 0.442299 0.896867 -0
    outer loop
      vertex -0.478354 -7.15485 18.8
      vertex -0.625 -7.08253 19.8
      vertex -0.478354 -7.15485 19.8
    endloop
  endfacet
  facet normal 0.442299 0.896867 0
    outer loop
      vertex -0.625 -7.08253 19.8
      vertex -0.478354 -7.15485 18.8
      vertex -0.625 -7.08253 18.8
    endloop
  endfacet
  facet normal 0.321452 0.946926 -0
    outer loop
      vertex -0.323524 -7.20741 18.8
      vertex -0.478354 -7.15485 19.8
      vertex -0.323524 -7.20741 19.8
    endloop
  endfacet
  facet normal 0.321452 0.946926 0
    outer loop
      vertex -0.478354 -7.15485 19.8
      vertex -0.323524 -7.20741 18.8
      vertex -0.478354 -7.15485 18.8
    endloop
  endfacet
  facet normal 0.896872 0.44229 0
    outer loop
      vertex -1.08253 -6.625 19.8
      vertex -1.15485 -6.47835 18.8
      vertex -1.15485 -6.47835 19.8
    endloop
  endfacet
  facet normal 0.896872 0.44229 0
    outer loop
      vertex -1.15485 -6.47835 18.8
      vertex -1.08253 -6.625 19.8
      vertex -1.08253 -6.625 18.8
    endloop
  endfacet
  facet normal 0.831472 0.555566 0
    outer loop
      vertex -0.991692 -6.76095 19.8
      vertex -1.08253 -6.625 18.8
      vertex -1.08253 -6.625 19.8
    endloop
  endfacet
  facet normal 0.831472 0.555566 0
    outer loop
      vertex -1.08253 -6.625 18.8
      vertex -0.991692 -6.76095 19.8
      vertex -0.991692 -6.76095 18.8
    endloop
  endfacet
  facet normal -0.946926 -0.321452 0
    outer loop
      vertex 1.20741 -5.67648 18.8
      vertex 1.15485 -5.52165 19.8
      vertex 1.15485 -5.52165 18.8
    endloop
  endfacet
  facet normal -0.946926 -0.321452 0
    outer loop
      vertex 1.15485 -5.52165 19.8
      vertex 1.20741 -5.67648 18.8
      vertex 1.20741 -5.67648 19.8
    endloop
  endfacet
  facet normal -0.751833 -0.659354 0
    outer loop
      vertex 0.991692 -5.23905 18.8
      vertex 0.883883 -5.11612 19.8
      vertex 0.883883 -5.11612 18.8
    endloop
  endfacet
  facet normal -0.751833 -0.659354 0
    outer loop
      vertex 0.883883 -5.11612 19.8
      vertex 0.991692 -5.23905 18.8
      vertex 0.991692 -5.23905 19.8
    endloop
  endfacet
  facet normal -0.831472 -0.555566 0
    outer loop
      vertex 1.08253 -5.375 18.8
      vertex 0.991692 -5.23905 19.8
      vertex 0.991692 -5.23905 18.8
    endloop
  endfacet
  facet normal -0.831472 -0.555566 0
    outer loop
      vertex 0.991692 -5.23905 19.8
      vertex 1.08253 -5.375 18.8
      vertex 1.08253 -5.375 19.8
    endloop
  endfacet
  facet normal -0.0653795 -0.99786 0
    outer loop
      vertex 0 -4.75 18.8
      vertex 0.163157 -4.76069 19.8
      vertex 0 -4.75 19.8
    endloop
  endfacet
  facet normal -0.0653795 -0.99786 -0
    outer loop
      vertex 0.163157 -4.76069 19.8
      vertex 0 -4.75 18.8
      vertex 0.163157 -4.76069 18.8
    endloop
  endfacet
  facet normal -0.555572 -0.831468 0
    outer loop
      vertex 0.625 -4.91747 18.8
      vertex 0.760951 -5.00831 19.8
      vertex 0.625 -4.91747 19.8
    endloop
  endfacet
  facet normal -0.555572 -0.831468 -0
    outer loop
      vertex 0.760951 -5.00831 19.8
      vertex 0.625 -4.91747 18.8
      vertex 0.760951 -5.00831 18.8
    endloop
  endfacet
  facet normal 0.896872 -0.44229 0
    outer loop
      vertex -1.15485 -5.52165 19.8
      vertex -1.08253 -5.375 18.8
      vertex -1.08253 -5.375 19.8
    endloop
  endfacet
  facet normal 0.896872 -0.44229 0
    outer loop
      vertex -1.08253 -5.375 18.8
      vertex -1.15485 -5.52165 19.8
      vertex -1.15485 -5.52165 18.8
    endloop
  endfacet
  facet normal 0.980782 -0.195105 0
    outer loop
      vertex -1.23931 -5.83684 19.8
      vertex -1.20741 -5.67648 18.8
      vertex -1.20741 -5.67648 19.8
    endloop
  endfacet
  facet normal 0.980782 -0.195105 0
    outer loop
      vertex -1.20741 -5.67648 18.8
      vertex -1.23931 -5.83684 19.8
      vertex -1.23931 -5.83684 18.8
    endloop
  endfacet
  facet normal 0.555572 -0.831468 0
    outer loop
      vertex -0.760951 -5.00831 18.8
      vertex -0.625 -4.91747 19.8
      vertex -0.760951 -5.00831 19.8
    endloop
  endfacet
  facet normal 0.555572 -0.831468 0
    outer loop
      vertex -0.625 -4.91747 19.8
      vertex -0.760951 -5.00831 18.8
      vertex -0.625 -4.91747 18.8
    endloop
  endfacet
  facet normal -0.0653795 0.99786 0
    outer loop
      vertex 0.163157 -7.23931 18.8
      vertex 0 -7.25 19.8
      vertex 0.163157 -7.23931 19.8
    endloop
  endfacet
  facet normal -0.0653795 0.99786 0
    outer loop
      vertex 0 -7.25 19.8
      vertex 0.163157 -7.23931 18.8
      vertex 0 -7.25 18.8
    endloop
  endfacet
  facet normal -0.321452 0.946926 0
    outer loop
      vertex 0.478354 -7.15485 18.8
      vertex 0.323524 -7.20741 19.8
      vertex 0.478354 -7.15485 19.8
    endloop
  endfacet
  facet normal -0.321452 0.946926 0
    outer loop
      vertex 0.323524 -7.20741 19.8
      vertex 0.478354 -7.15485 18.8
      vertex 0.323524 -7.20741 18.8
    endloop
  endfacet
  facet normal -0.555572 0.831468 0
    outer loop
      vertex 0.760951 -6.99169 18.8
      vertex 0.625 -7.08253 19.8
      vertex 0.760951 -6.99169 19.8
    endloop
  endfacet
  facet normal -0.555572 0.831468 0
    outer loop
      vertex 0.625 -7.08253 19.8
      vertex 0.760951 -6.99169 18.8
      vertex 0.625 -7.08253 18.8
    endloop
  endfacet
  facet normal -0.751833 0.659354 0
    outer loop
      vertex 0.883883 -6.88388 18.8
      vertex 0.991692 -6.76095 19.8
      vertex 0.991692 -6.76095 18.8
    endloop
  endfacet
  facet normal -0.751833 0.659354 0
    outer loop
      vertex 0.991692 -6.76095 19.8
      vertex 0.883883 -6.88388 18.8
      vertex 0.883883 -6.88388 19.8
    endloop
  endfacet
  facet normal -0.831472 0.555566 0
    outer loop
      vertex 0.991692 -6.76095 18.8
      vertex 1.08253 -6.625 19.8
      vertex 1.08253 -6.625 18.8
    endloop
  endfacet
  facet normal -0.831472 0.555566 0
    outer loop
      vertex 1.08253 -6.625 19.8
      vertex 0.991692 -6.76095 18.8
      vertex 0.991692 -6.76095 19.8
    endloop
  endfacet
  facet normal 0.659351 0.751835 -0
    outer loop
      vertex -0.760951 -6.99169 18.8
      vertex -0.883883 -6.88388 19.8
      vertex -0.760951 -6.99169 19.8
    endloop
  endfacet
  facet normal 0.659351 0.751835 0
    outer loop
      vertex -0.883883 -6.88388 19.8
      vertex -0.760951 -6.99169 18.8
      vertex -0.883883 -6.88388 18.8
    endloop
  endfacet
  facet normal 0.555572 0.831468 -0
    outer loop
      vertex -0.625 -7.08253 18.8
      vertex -0.760951 -6.99169 19.8
      vertex -0.625 -7.08253 19.8
    endloop
  endfacet
  facet normal 0.555572 0.831468 0
    outer loop
      vertex -0.760951 -6.99169 19.8
      vertex -0.625 -7.08253 18.8
      vertex -0.760951 -6.99169 18.8
    endloop
  endfacet
  facet normal 0.195096 0.980784 -0
    outer loop
      vertex -0.163157 -7.23931 18.8
      vertex -0.323524 -7.20741 19.8
      vertex -0.163157 -7.23931 19.8
    endloop
  endfacet
  facet normal 0.195096 0.980784 0
    outer loop
      vertex -0.323524 -7.20741 19.8
      vertex -0.163157 -7.23931 18.8
      vertex -0.323524 -7.20741 18.8
    endloop
  endfacet
  facet normal 0.751833 0.659354 0
    outer loop
      vertex -0.883883 -6.88388 19.8
      vertex -0.991692 -6.76095 18.8
      vertex -0.991692 -6.76095 19.8
    endloop
  endfacet
  facet normal 0.751833 0.659354 0
    outer loop
      vertex -0.991692 -6.76095 18.8
      vertex -0.883883 -6.88388 19.8
      vertex -0.883883 -6.88388 18.8
    endloop
  endfacet
  facet normal 0.946926 0.321452 0
    outer loop
      vertex -1.15485 -6.47835 19.8
      vertex -1.20741 -6.32352 18.8
      vertex -1.20741 -6.32352 19.8
    endloop
  endfacet
  facet normal 0.946926 0.321452 0
    outer loop
      vertex -1.20741 -6.32352 18.8
      vertex -1.15485 -6.47835 19.8
      vertex -1.15485 -6.47835 18.8
    endloop
  endfacet
  facet normal 0.997861 0.0653783 0
    outer loop
      vertex -1.23931 -6.16316 19.8
      vertex -1.25 -6 18.8
      vertex -1.25 -6 19.8
    endloop
  endfacet
  facet normal 0.997861 0.0653783 0
    outer loop
      vertex -1.25 -6 18.8
      vertex -1.23931 -6.16316 19.8
      vertex -1.23931 -6.16316 18.8
    endloop
  endfacet
  facet normal -0.997861 0.0653783 0
    outer loop
      vertex 1.23931 -6.16316 18.8
      vertex 1.25 -6 19.8
      vertex 1.25 -6 18.8
    endloop
  endfacet
  facet normal -0.997861 0.0653783 0
    outer loop
      vertex 1.25 -6 19.8
      vertex 1.23931 -6.16316 18.8
      vertex 1.23931 -6.16316 19.8
    endloop
  endfacet
  facet normal -0.195096 0.980784 0
    outer loop
      vertex 0.323524 -7.20741 18.8
      vertex 0.163157 -7.23931 19.8
      vertex 0.323524 -7.20741 19.8
    endloop
  endfacet
  facet normal -0.195096 0.980784 0
    outer loop
      vertex 0.163157 -7.23931 19.8
      vertex 0.323524 -7.20741 18.8
      vertex 0.163157 -7.23931 18.8
    endloop
  endfacet
  facet normal -0.946926 0.321452 0
    outer loop
      vertex 1.15485 -6.47835 18.8
      vertex 1.20741 -6.32352 19.8
      vertex 1.20741 -6.32352 18.8
    endloop
  endfacet
  facet normal -0.946926 0.321452 0
    outer loop
      vertex 1.20741 -6.32352 19.8
      vertex 1.15485 -6.47835 18.8
      vertex 1.15485 -6.47835 19.8
    endloop
  endfacet
  facet normal 0.0653795 0.99786 -0
    outer loop
      vertex 0 -7.25 18.8
      vertex -0.163157 -7.23931 19.8
      vertex 0 -7.25 19.8
    endloop
  endfacet
  facet normal 0.0653795 0.99786 0
    outer loop
      vertex -0.163157 -7.23931 19.8
      vertex 0 -7.25 18.8
      vertex -0.163157 -7.23931 18.8
    endloop
  endfacet
  facet normal 0.980782 0.195105 0
    outer loop
      vertex -1.20741 -6.32352 19.8
      vertex -1.23931 -6.16316 18.8
      vertex -1.23931 -6.16316 19.8
    endloop
  endfacet
  facet normal 0.980782 0.195105 0
    outer loop
      vertex -1.23931 -6.16316 18.8
      vertex -1.20741 -6.32352 19.8
      vertex -1.20741 -6.32352 18.8
    endloop
  endfacet
  facet normal -0.99786 -0.0653795 0
    outer loop
      vertex 1.25 0 18.8
      vertex 1.23931 0.163157 19.8
      vertex 1.23931 0.163157 18.8
    endloop
  endfacet
  facet normal -0.99786 -0.0653795 0
    outer loop
      vertex 1.23931 0.163157 19.8
      vertex 1.25 0 18.8
      vertex 1.25 0 19.8
    endloop
  endfacet
  facet normal 0.99786 -0.0653795 0
    outer loop
      vertex -1.25 0 19.8
      vertex -1.23931 0.163157 18.8
      vertex -1.23931 0.163157 19.8
    endloop
  endfacet
  facet normal 0.99786 -0.0653795 0
    outer loop
      vertex -1.23931 0.163157 18.8
      vertex -1.25 0 19.8
      vertex -1.25 0 18.8
    endloop
  endfacet
  facet normal -0.0653795 -0.99786 0
    outer loop
      vertex 0 1.25 18.8
      vertex 0.163157 1.23931 19.8
      vertex 0 1.25 19.8
    endloop
  endfacet
  facet normal -0.0653795 -0.99786 -0
    outer loop
      vertex 0.163157 1.23931 19.8
      vertex 0 1.25 18.8
      vertex 0.163157 1.23931 18.8
    endloop
  endfacet
  facet normal -0.751838 -0.659348 0
    outer loop
      vertex 0.991692 0.760951 18.8
      vertex 0.883883 0.883883 19.8
      vertex 0.883883 0.883883 18.8
    endloop
  endfacet
  facet normal -0.751838 -0.659348 0
    outer loop
      vertex 0.883883 0.883883 19.8
      vertex 0.991692 0.760951 18.8
      vertex 0.991692 0.760951 19.8
    endloop
  endfacet
  facet normal 0.659348 -0.751838 0
    outer loop
      vertex -0.883883 0.883883 18.8
      vertex -0.760951 0.991692 19.8
      vertex -0.883883 0.883883 19.8
    endloop
  endfacet
  facet normal 0.659348 -0.751838 0
    outer loop
      vertex -0.760951 0.991692 19.8
      vertex -0.883883 0.883883 18.8
      vertex -0.760951 0.991692 18.8
    endloop
  endfacet
  facet normal 0.321452 -0.946926 0
    outer loop
      vertex -0.478354 1.15485 18.8
      vertex -0.323524 1.20741 19.8
      vertex -0.478354 1.15485 19.8
    endloop
  endfacet
  facet normal 0.321452 -0.946926 0
    outer loop
      vertex -0.323524 1.20741 19.8
      vertex -0.478354 1.15485 18.8
      vertex -0.323524 1.20741 18.8
    endloop
  endfacet
  facet normal -0.946926 -0.321452 0
    outer loop
      vertex 1.20741 0.323524 18.8
      vertex 1.15485 0.478354 19.8
      vertex 1.15485 0.478354 18.8
    endloop
  endfacet
  facet normal -0.946926 -0.321452 0
    outer loop
      vertex 1.15485 0.478354 19.8
      vertex 1.20741 0.323524 18.8
      vertex 1.20741 0.323524 19.8
    endloop
  endfacet
  facet normal -0.980784 -0.195096 0
    outer loop
      vertex 1.23931 0.163157 18.8
      vertex 1.20741 0.323524 19.8
      vertex 1.20741 0.323524 18.8
    endloop
  endfacet
  facet normal -0.980784 -0.195096 0
    outer loop
      vertex 1.20741 0.323524 19.8
      vertex 1.23931 0.163157 18.8
      vertex 1.23931 0.163157 19.8
    endloop
  endfacet
  facet normal -0.896867 -0.442299 0
    outer loop
      vertex 1.15485 0.478354 18.8
      vertex 1.08253 0.625 19.8
      vertex 1.08253 0.625 18.8
    endloop
  endfacet
  facet normal -0.896867 -0.442299 0
    outer loop
      vertex 1.08253 0.625 19.8
      vertex 1.15485 0.478354 18.8
      vertex 1.15485 0.478354 19.8
    endloop
  endfacet
  facet normal -0.442299 -0.896867 0
    outer loop
      vertex 0.478354 1.15485 18.8
      vertex 0.625 1.08253 19.8
      vertex 0.478354 1.15485 19.8
    endloop
  endfacet
  facet normal -0.442299 -0.896867 -0
    outer loop
      vertex 0.625 1.08253 19.8
      vertex 0.478354 1.15485 18.8
      vertex 0.625 1.08253 18.8
    endloop
  endfacet
  facet normal -0.321452 -0.946926 0
    outer loop
      vertex 0.323524 1.20741 18.8
      vertex 0.478354 1.15485 19.8
      vertex 0.323524 1.20741 19.8
    endloop
  endfacet
  facet normal -0.321452 -0.946926 -0
    outer loop
      vertex 0.478354 1.15485 19.8
      vertex 0.323524 1.20741 18.8
      vertex 0.478354 1.15485 18.8
    endloop
  endfacet
  facet normal -0.555564 -0.831474 0
    outer loop
      vertex 0.625 1.08253 18.8
      vertex 0.760951 0.991692 19.8
      vertex 0.625 1.08253 19.8
    endloop
  endfacet
  facet normal -0.555564 -0.831474 -0
    outer loop
      vertex 0.760951 0.991692 19.8
      vertex 0.625 1.08253 18.8
      vertex 0.760951 0.991692 18.8
    endloop
  endfacet
  facet normal 0.896867 -0.442299 0
    outer loop
      vertex -1.15485 0.478354 19.8
      vertex -1.08253 0.625 18.8
      vertex -1.08253 0.625 19.8
    endloop
  endfacet
  facet normal 0.896867 -0.442299 0
    outer loop
      vertex -1.08253 0.625 18.8
      vertex -1.15485 0.478354 19.8
      vertex -1.15485 0.478354 18.8
    endloop
  endfacet
  facet normal 0.831474 -0.555564 0
    outer loop
      vertex -1.08253 0.625 19.8
      vertex -0.991692 0.760951 18.8
      vertex -0.991692 0.760951 19.8
    endloop
  endfacet
  facet normal 0.831474 -0.555564 0
    outer loop
      vertex -0.991692 0.760951 18.8
      vertex -1.08253 0.625 19.8
      vertex -1.08253 0.625 18.8
    endloop
  endfacet
  facet normal 0.946926 -0.321452 0
    outer loop
      vertex -1.20741 0.323524 19.8
      vertex -1.15485 0.478354 18.8
      vertex -1.15485 0.478354 19.8
    endloop
  endfacet
  facet normal 0.946926 -0.321452 0
    outer loop
      vertex -1.15485 0.478354 18.8
      vertex -1.20741 0.323524 19.8
      vertex -1.20741 0.323524 18.8
    endloop
  endfacet
  facet normal 0.442299 -0.896867 0
    outer loop
      vertex -0.625 1.08253 18.8
      vertex -0.478354 1.15485 19.8
      vertex -0.625 1.08253 19.8
    endloop
  endfacet
  facet normal 0.442299 -0.896867 0
    outer loop
      vertex -0.478354 1.15485 19.8
      vertex -0.625 1.08253 18.8
      vertex -0.478354 1.15485 18.8
    endloop
  endfacet
  facet normal 0.195096 -0.980784 0
    outer loop
      vertex -0.323524 1.20741 18.8
      vertex -0.163157 1.23931 19.8
      vertex -0.323524 1.20741 19.8
    endloop
  endfacet
  facet normal 0.195096 -0.980784 0
    outer loop
      vertex -0.163157 1.23931 19.8
      vertex -0.323524 1.20741 18.8
      vertex -0.163157 1.23931 18.8
    endloop
  endfacet
  facet normal -0.659348 0.751838 0
    outer loop
      vertex 0.883883 -0.883883 18.8
      vertex 0.760951 -0.991692 19.8
      vertex 0.883883 -0.883883 19.8
    endloop
  endfacet
  facet normal -0.659348 0.751838 0
    outer loop
      vertex 0.760951 -0.991692 19.8
      vertex 0.883883 -0.883883 18.8
      vertex 0.760951 -0.991692 18.8
    endloop
  endfacet
  facet normal -0.442299 0.896867 0
    outer loop
      vertex 0.625 -1.08253 18.8
      vertex 0.478354 -1.15485 19.8
      vertex 0.625 -1.08253 19.8
    endloop
  endfacet
  facet normal -0.442299 0.896867 0
    outer loop
      vertex 0.478354 -1.15485 19.8
      vertex 0.625 -1.08253 18.8
      vertex 0.478354 -1.15485 18.8
    endloop
  endfacet
  facet normal -0.896867 0.442299 0
    outer loop
      vertex 1.08253 -0.625 18.8
      vertex 1.15485 -0.478354 19.8
      vertex 1.15485 -0.478354 18.8
    endloop
  endfacet
  facet normal -0.896867 0.442299 0
    outer loop
      vertex 1.15485 -0.478354 19.8
      vertex 1.08253 -0.625 18.8
      vertex 1.08253 -0.625 19.8
    endloop
  endfacet
  facet normal -0.980784 0.195096 0
    outer loop
      vertex 1.20741 -0.323524 18.8
      vertex 1.23931 -0.163157 19.8
      vertex 1.23931 -0.163157 18.8
    endloop
  endfacet
  facet normal -0.980784 0.195096 0
    outer loop
      vertex 1.23931 -0.163157 19.8
      vertex 1.20741 -0.323524 18.8
      vertex 1.20741 -0.323524 19.8
    endloop
  endfacet
  facet normal 0.442299 0.896867 -0
    outer loop
      vertex -0.478354 -1.15485 18.8
      vertex -0.625 -1.08253 19.8
      vertex -0.478354 -1.15485 19.8
    endloop
  endfacet
  facet normal 0.442299 0.896867 0
    outer loop
      vertex -0.625 -1.08253 19.8
      vertex -0.478354 -1.15485 18.8
      vertex -0.625 -1.08253 18.8
    endloop
  endfacet
  facet normal 0.321452 0.946926 -0
    outer loop
      vertex -0.323524 -1.20741 18.8
      vertex -0.478354 -1.15485 19.8
      vertex -0.323524 -1.20741 19.8
    endloop
  endfacet
  facet normal 0.321452 0.946926 0
    outer loop
      vertex -0.478354 -1.15485 19.8
      vertex -0.323524 -1.20741 18.8
      vertex -0.478354 -1.15485 18.8
    endloop
  endfacet
  facet normal 0.896867 0.442299 0
    outer loop
      vertex -1.08253 -0.625 19.8
      vertex -1.15485 -0.478354 18.8
      vertex -1.15485 -0.478354 19.8
    endloop
  endfacet
  facet normal 0.896867 0.442299 0
    outer loop
      vertex -1.15485 -0.478354 18.8
      vertex -1.08253 -0.625 19.8
      vertex -1.08253 -0.625 18.8
    endloop
  endfacet
  facet normal 0.831474 0.555564 0
    outer loop
      vertex -0.991692 -0.760951 19.8
      vertex -1.08253 -0.625 18.8
      vertex -1.08253 -0.625 19.8
    endloop
  endfacet
  facet normal 0.831474 0.555564 0
    outer loop
      vertex -1.08253 -0.625 18.8
      vertex -0.991692 -0.760951 19.8
      vertex -0.991692 -0.760951 18.8
    endloop
  endfacet
  facet normal -0.831474 -0.555564 0
    outer loop
      vertex 1.08253 0.625 18.8
      vertex 0.991692 0.760951 19.8
      vertex 0.991692 0.760951 18.8
    endloop
  endfacet
  facet normal -0.831474 -0.555564 0
    outer loop
      vertex 0.991692 0.760951 19.8
      vertex 1.08253 0.625 18.8
      vertex 1.08253 0.625 19.8
    endloop
  endfacet
  facet normal -0.195096 -0.980784 0
    outer loop
      vertex 0.163157 1.23931 18.8
      vertex 0.323524 1.20741 19.8
      vertex 0.163157 1.23931 19.8
    endloop
  endfacet
  facet normal -0.195096 -0.980784 -0
    outer loop
      vertex 0.323524 1.20741 19.8
      vertex 0.163157 1.23931 18.8
      vertex 0.323524 1.20741 18.8
    endloop
  endfacet
  facet normal -0.659348 -0.751838 0
    outer loop
      vertex 0.760951 0.991692 18.8
      vertex 0.883883 0.883883 19.8
      vertex 0.760951 0.991692 19.8
    endloop
  endfacet
  facet normal -0.659348 -0.751838 -0
    outer loop
      vertex 0.883883 0.883883 19.8
      vertex 0.760951 0.991692 18.8
      vertex 0.883883 0.883883 18.8
    endloop
  endfacet
  facet normal 0.751838 -0.659348 0
    outer loop
      vertex -0.991692 0.760951 19.8
      vertex -0.883883 0.883883 18.8
      vertex -0.883883 0.883883 19.8
    endloop
  endfacet
  facet normal 0.751838 -0.659348 0
    outer loop
      vertex -0.883883 0.883883 18.8
      vertex -0.991692 0.760951 19.8
      vertex -0.991692 0.760951 18.8
    endloop
  endfacet
  facet normal 0.980784 -0.195096 0
    outer loop
      vertex -1.23931 0.163157 19.8
      vertex -1.20741 0.323524 18.8
      vertex -1.20741 0.323524 19.8
    endloop
  endfacet
  facet normal 0.980784 -0.195096 0
    outer loop
      vertex -1.20741 0.323524 18.8
      vertex -1.23931 0.163157 19.8
      vertex -1.23931 0.163157 18.8
    endloop
  endfacet
  facet normal 0.555564 -0.831474 0
    outer loop
      vertex -0.760951 0.991692 18.8
      vertex -0.625 1.08253 19.8
      vertex -0.760951 0.991692 19.8
    endloop
  endfacet
  facet normal 0.555564 -0.831474 0
    outer loop
      vertex -0.625 1.08253 19.8
      vertex -0.760951 0.991692 18.8
      vertex -0.625 1.08253 18.8
    endloop
  endfacet
  facet normal 0.0653795 -0.99786 0
    outer loop
      vertex -0.163157 1.23931 18.8
      vertex 0 1.25 19.8
      vertex -0.163157 1.23931 19.8
    endloop
  endfacet
  facet normal 0.0653795 -0.99786 0
    outer loop
      vertex 0 1.25 19.8
      vertex -0.163157 1.23931 18.8
      vertex 0 1.25 18.8
    endloop
  endfacet
  facet normal -0.0653795 0.99786 0
    outer loop
      vertex 0.163157 -1.23931 18.8
      vertex 0 -1.25 19.8
      vertex 0.163157 -1.23931 19.8
    endloop
  endfacet
  facet normal -0.0653795 0.99786 0
    outer loop
      vertex 0 -1.25 19.8
      vertex 0.163157 -1.23931 18.8
      vertex 0 -1.25 18.8
    endloop
  endfacet
  facet normal -0.321452 0.946926 0
    outer loop
      vertex 0.478354 -1.15485 18.8
      vertex 0.323524 -1.20741 19.8
      vertex 0.478354 -1.15485 19.8
    endloop
  endfacet
  facet normal -0.321452 0.946926 0
    outer loop
      vertex 0.323524 -1.20741 19.8
      vertex 0.478354 -1.15485 18.8
      vertex 0.323524 -1.20741 18.8
    endloop
  endfacet
  facet normal -0.555564 0.831474 0
    outer loop
      vertex 0.760951 -0.991692 18.8
      vertex 0.625 -1.08253 19.8
      vertex 0.760951 -0.991692 19.8
    endloop
  endfacet
  facet normal -0.555564 0.831474 0
    outer loop
      vertex 0.625 -1.08253 19.8
      vertex 0.760951 -0.991692 18.8
      vertex 0.625 -1.08253 18.8
    endloop
  endfacet
  facet normal -0.751838 0.659348 0
    outer loop
      vertex 0.883883 -0.883883 18.8
      vertex 0.991692 -0.760951 19.8
      vertex 0.991692 -0.760951 18.8
    endloop
  endfacet
  facet normal -0.751838 0.659348 0
    outer loop
      vertex 0.991692 -0.760951 19.8
      vertex 0.883883 -0.883883 18.8
      vertex 0.883883 -0.883883 19.8
    endloop
  endfacet
  facet normal -0.831474 0.555564 0
    outer loop
      vertex 0.991692 -0.760951 18.8
      vertex 1.08253 -0.625 19.8
      vertex 1.08253 -0.625 18.8
    endloop
  endfacet
  facet normal -0.831474 0.555564 0
    outer loop
      vertex 1.08253 -0.625 19.8
      vertex 0.991692 -0.760951 18.8
      vertex 0.991692 -0.760951 19.8
    endloop
  endfacet
  facet normal 0.659348 0.751838 -0
    outer loop
      vertex -0.760951 -0.991692 18.8
      vertex -0.883883 -0.883883 19.8
      vertex -0.760951 -0.991692 19.8
    endloop
  endfacet
  facet normal 0.659348 0.751838 0
    outer loop
      vertex -0.883883 -0.883883 19.8
      vertex -0.760951 -0.991692 18.8
      vertex -0.883883 -0.883883 18.8
    endloop
  endfacet
  facet normal 0.555564 0.831474 -0
    outer loop
      vertex -0.625 -1.08253 18.8
      vertex -0.760951 -0.991692 19.8
      vertex -0.625 -1.08253 19.8
    endloop
  endfacet
  facet normal 0.555564 0.831474 0
    outer loop
      vertex -0.760951 -0.991692 19.8
      vertex -0.625 -1.08253 18.8
      vertex -0.760951 -0.991692 18.8
    endloop
  endfacet
  facet normal 0.195096 0.980784 -0
    outer loop
      vertex -0.163157 -1.23931 18.8
      vertex -0.323524 -1.20741 19.8
      vertex -0.163157 -1.23931 19.8
    endloop
  endfacet
  facet normal 0.195096 0.980784 0
    outer loop
      vertex -0.323524 -1.20741 19.8
      vertex -0.163157 -1.23931 18.8
      vertex -0.323524 -1.20741 18.8
    endloop
  endfacet
  facet normal 0.751838 0.659348 0
    outer loop
      vertex -0.883883 -0.883883 19.8
      vertex -0.991692 -0.760951 18.8
      vertex -0.991692 -0.760951 19.8
    endloop
  endfacet
  facet normal 0.751838 0.659348 0
    outer loop
      vertex -0.991692 -0.760951 18.8
      vertex -0.883883 -0.883883 19.8
      vertex -0.883883 -0.883883 18.8
    endloop
  endfacet
  facet normal 0.946926 0.321452 0
    outer loop
      vertex -1.15485 -0.478354 19.8
      vertex -1.20741 -0.323524 18.8
      vertex -1.20741 -0.323524 19.8
    endloop
  endfacet
  facet normal 0.946926 0.321452 0
    outer loop
      vertex -1.20741 -0.323524 18.8
      vertex -1.15485 -0.478354 19.8
      vertex -1.15485 -0.478354 18.8
    endloop
  endfacet
  facet normal 0.99786 0.0653795 0
    outer loop
      vertex -1.23931 -0.163157 19.8
      vertex -1.25 0 18.8
      vertex -1.25 0 19.8
    endloop
  endfacet
  facet normal 0.99786 0.0653795 0
    outer loop
      vertex -1.25 0 18.8
      vertex -1.23931 -0.163157 19.8
      vertex -1.23931 -0.163157 18.8
    endloop
  endfacet
  facet normal -0.99786 0.0653795 0
    outer loop
      vertex 1.23931 -0.163157 18.8
      vertex 1.25 0 19.8
      vertex 1.25 0 18.8
    endloop
  endfacet
  facet normal -0.99786 0.0653795 0
    outer loop
      vertex 1.25 0 19.8
      vertex 1.23931 -0.163157 18.8
      vertex 1.23931 -0.163157 19.8
    endloop
  endfacet
  facet normal -0.195096 0.980784 0
    outer loop
      vertex 0.323524 -1.20741 18.8
      vertex 0.163157 -1.23931 19.8
      vertex 0.323524 -1.20741 19.8
    endloop
  endfacet
  facet normal -0.195096 0.980784 0
    outer loop
      vertex 0.163157 -1.23931 19.8
      vertex 0.323524 -1.20741 18.8
      vertex 0.163157 -1.23931 18.8
    endloop
  endfacet
  facet normal -0.946926 0.321452 0
    outer loop
      vertex 1.15485 -0.478354 18.8
      vertex 1.20741 -0.323524 19.8
      vertex 1.20741 -0.323524 18.8
    endloop
  endfacet
  facet normal -0.946926 0.321452 0
    outer loop
      vertex 1.20741 -0.323524 19.8
      vertex 1.15485 -0.478354 18.8
      vertex 1.15485 -0.478354 19.8
    endloop
  endfacet
  facet normal 0.0653795 0.99786 -0
    outer loop
      vertex 0 -1.25 18.8
      vertex -0.163157 -1.23931 19.8
      vertex 0 -1.25 19.8
    endloop
  endfacet
  facet normal 0.0653795 0.99786 0
    outer loop
      vertex -0.163157 -1.23931 19.8
      vertex 0 -1.25 18.8
      vertex -0.163157 -1.23931 18.8
    endloop
  endfacet
  facet normal 0.980784 0.195096 0
    outer loop
      vertex -1.20741 -0.323524 19.8
      vertex -1.23931 -0.163157 18.8
      vertex -1.23931 -0.163157 19.8
    endloop
  endfacet
  facet normal 0.980784 0.195096 0
    outer loop
      vertex -1.23931 -0.163157 18.8
      vertex -1.20741 -0.323524 19.8
      vertex -1.20741 -0.323524 18.8
    endloop
  endfacet
  facet normal -0.555572 -0.831468 0
    outer loop
      vertex 0.625 7.08253 18.8
      vertex 0.760951 6.99169 19.8
      vertex 0.625 7.08253 19.8
    endloop
  endfacet
  facet normal -0.555572 -0.831468 -0
    outer loop
      vertex 0.760951 6.99169 19.8
      vertex 0.625 7.08253 18.8
      vertex 0.760951 6.99169 18.8
    endloop
  endfacet
  facet normal 0.195096 0.980784 -0
    outer loop
      vertex -0.163157 4.76069 18.8
      vertex -0.323524 4.79259 19.8
      vertex -0.163157 4.76069 19.8
    endloop
  endfacet
  facet normal 0.195096 0.980784 0
    outer loop
      vertex -0.323524 4.79259 19.8
      vertex -0.163157 4.76069 18.8
      vertex -0.323524 4.79259 18.8
    endloop
  endfacet
  facet normal 0.442299 -0.896867 0
    outer loop
      vertex -0.625 7.08253 18.8
      vertex -0.478354 7.15485 19.8
      vertex -0.625 7.08253 19.8
    endloop
  endfacet
  facet normal 0.442299 -0.896867 0
    outer loop
      vertex -0.478354 7.15485 19.8
      vertex -0.625 7.08253 18.8
      vertex -0.478354 7.15485 18.8
    endloop
  endfacet
  facet normal 0.946926 -0.321452 0
    outer loop
      vertex -1.20741 6.32352 19.8
      vertex -1.15485 6.47835 18.8
      vertex -1.15485 6.47835 19.8
    endloop
  endfacet
  facet normal 0.946926 -0.321452 0
    outer loop
      vertex -1.15485 6.47835 18.8
      vertex -1.20741 6.32352 19.8
      vertex -1.20741 6.32352 18.8
    endloop
  endfacet
  facet normal -0.896872 -0.44229 0
    outer loop
      vertex 1.15485 6.47835 18.8
      vertex 1.08253 6.625 19.8
      vertex 1.08253 6.625 18.8
    endloop
  endfacet
  facet normal -0.896872 -0.44229 0
    outer loop
      vertex 1.08253 6.625 19.8
      vertex 1.15485 6.47835 18.8
      vertex 1.15485 6.47835 19.8
    endloop
  endfacet
  facet normal -0.980782 -0.195105 0
    outer loop
      vertex 1.23931 6.16316 18.8
      vertex 1.20741 6.32352 19.8
      vertex 1.20741 6.32352 18.8
    endloop
  endfacet
  facet normal -0.980782 -0.195105 0
    outer loop
      vertex 1.20741 6.32352 19.8
      vertex 1.23931 6.16316 18.8
      vertex 1.23931 6.16316 19.8
    endloop
  endfacet
  facet normal -0.831472 -0.555566 0
    outer loop
      vertex 1.08253 6.625 18.8
      vertex 0.991692 6.76095 19.8
      vertex 0.991692 6.76095 18.8
    endloop
  endfacet
  facet normal -0.831472 -0.555566 0
    outer loop
      vertex 0.991692 6.76095 19.8
      vertex 1.08253 6.625 18.8
      vertex 1.08253 6.625 19.8
    endloop
  endfacet
  facet normal -0.659351 -0.751835 0
    outer loop
      vertex 0.760951 6.99169 18.8
      vertex 0.883883 6.88388 19.8
      vertex 0.760951 6.99169 19.8
    endloop
  endfacet
  facet normal -0.659351 -0.751835 -0
    outer loop
      vertex 0.883883 6.88388 19.8
      vertex 0.760951 6.99169 18.8
      vertex 0.883883 6.88388 18.8
    endloop
  endfacet
  facet normal -0.321452 -0.946926 0
    outer loop
      vertex 0.323524 7.20741 18.8
      vertex 0.478354 7.15485 19.8
      vertex 0.323524 7.20741 19.8
    endloop
  endfacet
  facet normal -0.321452 -0.946926 -0
    outer loop
      vertex 0.478354 7.15485 19.8
      vertex 0.323524 7.20741 18.8
      vertex 0.478354 7.15485 18.8
    endloop
  endfacet
  facet normal 0.0653795 -0.99786 0
    outer loop
      vertex -0.163157 7.23931 18.8
      vertex 0 7.25 19.8
      vertex -0.163157 7.23931 19.8
    endloop
  endfacet
  facet normal 0.0653795 -0.99786 0
    outer loop
      vertex 0 7.25 19.8
      vertex -0.163157 7.23931 18.8
      vertex 0 7.25 18.8
    endloop
  endfacet
  facet normal 0.997861 0.0653783 0
    outer loop
      vertex -1.23931 5.83684 19.8
      vertex -1.25 6 18.8
      vertex -1.25 6 19.8
    endloop
  endfacet
  facet normal 0.997861 0.0653783 0
    outer loop
      vertex -1.25 6 18.8
      vertex -1.23931 5.83684 19.8
      vertex -1.23931 5.83684 18.8
    endloop
  endfacet
  facet normal 0.831472 -0.555566 0
    outer loop
      vertex -1.08253 6.625 19.8
      vertex -0.991692 6.76095 18.8
      vertex -0.991692 6.76095 19.8
    endloop
  endfacet
  facet normal 0.831472 -0.555566 0
    outer loop
      vertex -0.991692 6.76095 18.8
      vertex -1.08253 6.625 19.8
      vertex -1.08253 6.625 18.8
    endloop
  endfacet
  facet normal 0.195096 -0.980784 0
    outer loop
      vertex -0.323524 7.20741 18.8
      vertex -0.163157 7.23931 19.8
      vertex -0.323524 7.20741 19.8
    endloop
  endfacet
  facet normal 0.195096 -0.980784 0
    outer loop
      vertex -0.163157 7.23931 19.8
      vertex -0.323524 7.20741 18.8
      vertex -0.163157 7.23931 18.8
    endloop
  endfacet
  facet normal 0.751833 -0.659354 0
    outer loop
      vertex -0.991692 6.76095 19.8
      vertex -0.883883 6.88388 18.8
      vertex -0.883883 6.88388 19.8
    endloop
  endfacet
  facet normal 0.751833 -0.659354 0
    outer loop
      vertex -0.883883 6.88388 18.8
      vertex -0.991692 6.76095 19.8
      vertex -0.991692 6.76095 18.8
    endloop
  endfacet
  facet normal -0.997861 -0.0653783 0
    outer loop
      vertex 1.25 6 18.8
      vertex 1.23931 6.16316 19.8
      vertex 1.23931 6.16316 18.8
    endloop
  endfacet
  facet normal -0.997861 -0.0653783 0
    outer loop
      vertex 1.23931 6.16316 19.8
      vertex 1.25 6 18.8
      vertex 1.25 6 19.8
    endloop
  endfacet
  facet normal -0.195096 0.980784 0
    outer loop
      vertex 0.323524 4.79259 18.8
      vertex 0.163157 4.76069 19.8
      vertex 0.323524 4.79259 19.8
    endloop
  endfacet
  facet normal -0.195096 0.980784 0
    outer loop
      vertex 0.163157 4.76069 19.8
      vertex 0.323524 4.79259 18.8
      vertex 0.163157 4.76069 18.8
    endloop
  endfacet
  facet normal -0.831472 0.555566 0
    outer loop
      vertex 0.991692 5.23905 18.8
      vertex 1.08253 5.375 19.8
      vertex 1.08253 5.375 18.8
    endloop
  endfacet
  facet normal -0.831472 0.555566 0
    outer loop
      vertex 1.08253 5.375 19.8
      vertex 0.991692 5.23905 18.8
      vertex 0.991692 5.23905 19.8
    endloop
  endfacet
  facet normal 0.0653795 0.99786 -0
    outer loop
      vertex 0 4.75 18.8
      vertex -0.163157 4.76069 19.8
      vertex 0 4.75 19.8
    endloop
  endfacet
  facet normal 0.0653795 0.99786 0
    outer loop
      vertex -0.163157 4.76069 19.8
      vertex 0 4.75 18.8
      vertex -0.163157 4.76069 18.8
    endloop
  endfacet
  facet normal 0.555572 0.831468 -0
    outer loop
      vertex -0.625 4.91747 18.8
      vertex -0.760951 5.00831 19.8
      vertex -0.625 4.91747 19.8
    endloop
  endfacet
  facet normal 0.555572 0.831468 0
    outer loop
      vertex -0.760951 5.00831 19.8
      vertex -0.625 4.91747 18.8
      vertex -0.760951 5.00831 18.8
    endloop
  endfacet
  facet normal 0.980782 0.195105 0
    outer loop
      vertex -1.20741 5.67648 19.8
      vertex -1.23931 5.83684 18.8
      vertex -1.23931 5.83684 19.8
    endloop
  endfacet
  facet normal 0.980782 0.195105 0
    outer loop
      vertex -1.23931 5.83684 18.8
      vertex -1.20741 5.67648 19.8
      vertex -1.20741 5.67648 18.8
    endloop
  endfacet
  facet normal -0.946926 -0.321452 0
    outer loop
      vertex 1.20741 6.32352 18.8
      vertex 1.15485 6.47835 19.8
      vertex 1.15485 6.47835 18.8
    endloop
  endfacet
  facet normal -0.946926 -0.321452 0
    outer loop
      vertex 1.15485 6.47835 19.8
      vertex 1.20741 6.32352 18.8
      vertex 1.20741 6.32352 19.8
    endloop
  endfacet
  facet normal -0.751833 -0.659354 0
    outer loop
      vertex 0.991692 6.76095 18.8
      vertex 0.883883 6.88388 19.8
      vertex 0.883883 6.88388 18.8
    endloop
  endfacet
  facet normal -0.751833 -0.659354 0
    outer loop
      vertex 0.883883 6.88388 19.8
      vertex 0.991692 6.76095 18.8
      vertex 0.991692 6.76095 19.8
    endloop
  endfacet
  facet normal -0.442299 -0.896867 0
    outer loop
      vertex 0.478354 7.15485 18.8
      vertex 0.625 7.08253 19.8
      vertex 0.478354 7.15485 19.8
    endloop
  endfacet
  facet normal -0.442299 -0.896867 -0
    outer loop
      vertex 0.625 7.08253 19.8
      vertex 0.478354 7.15485 18.8
      vertex 0.625 7.08253 18.8
    endloop
  endfacet
  facet normal -0.195096 -0.980784 0
    outer loop
      vertex 0.163157 7.23931 18.8
      vertex 0.323524 7.20741 19.8
      vertex 0.163157 7.23931 19.8
    endloop
  endfacet
  facet normal -0.195096 -0.980784 -0
    outer loop
      vertex 0.323524 7.20741 19.8
      vertex 0.163157 7.23931 18.8
      vertex 0.323524 7.20741 18.8
    endloop
  endfacet
  facet normal -0.0653795 -0.99786 0
    outer loop
      vertex 0 7.25 18.8
      vertex 0.163157 7.23931 19.8
      vertex 0 7.25 19.8
    endloop
  endfacet
  facet normal -0.0653795 -0.99786 -0
    outer loop
      vertex 0.163157 7.23931 19.8
      vertex 0 7.25 18.8
      vertex 0.163157 7.23931 18.8
    endloop
  endfacet
  facet normal 0.980782 -0.195105 0
    outer loop
      vertex -1.23931 6.16316 19.8
      vertex -1.20741 6.32352 18.8
      vertex -1.20741 6.32352 19.8
    endloop
  endfacet
  facet normal 0.980782 -0.195105 0
    outer loop
      vertex -1.20741 6.32352 18.8
      vertex -1.23931 6.16316 19.8
      vertex -1.23931 6.16316 18.8
    endloop
  endfacet
  facet normal 0.997861 -0.0653783 0
    outer loop
      vertex -1.25 6 19.8
      vertex -1.23931 6.16316 18.8
      vertex -1.23931 6.16316 19.8
    endloop
  endfacet
  facet normal 0.997861 -0.0653783 0
    outer loop
      vertex -1.23931 6.16316 18.8
      vertex -1.25 6 19.8
      vertex -1.25 6 18.8
    endloop
  endfacet
  facet normal 0.896872 -0.44229 0
    outer loop
      vertex -1.15485 6.47835 19.8
      vertex -1.08253 6.625 18.8
      vertex -1.08253 6.625 19.8
    endloop
  endfacet
  facet normal 0.896872 -0.44229 0
    outer loop
      vertex -1.08253 6.625 18.8
      vertex -1.15485 6.47835 19.8
      vertex -1.15485 6.47835 18.8
    endloop
  endfacet
  facet normal 0.321452 -0.946926 0
    outer loop
      vertex -0.478354 7.15485 18.8
      vertex -0.323524 7.20741 19.8
      vertex -0.478354 7.15485 19.8
    endloop
  endfacet
  facet normal 0.321452 -0.946926 0
    outer loop
      vertex -0.323524 7.20741 19.8
      vertex -0.478354 7.15485 18.8
      vertex -0.323524 7.20741 18.8
    endloop
  endfacet
  facet normal 0.659351 -0.751835 0
    outer loop
      vertex -0.883883 6.88388 18.8
      vertex -0.760951 6.99169 19.8
      vertex -0.883883 6.88388 19.8
    endloop
  endfacet
  facet normal 0.659351 -0.751835 0
    outer loop
      vertex -0.760951 6.99169 19.8
      vertex -0.883883 6.88388 18.8
      vertex -0.760951 6.99169 18.8
    endloop
  endfacet
  facet normal 0.555572 -0.831468 0
    outer loop
      vertex -0.760951 6.99169 18.8
      vertex -0.625 7.08253 19.8
      vertex -0.760951 6.99169 19.8
    endloop
  endfacet
  facet normal 0.555572 -0.831468 0
    outer loop
      vertex -0.625 7.08253 19.8
      vertex -0.760951 6.99169 18.8
      vertex -0.625 7.08253 18.8
    endloop
  endfacet
  facet normal -0.980782 0.195105 0
    outer loop
      vertex 1.20741 5.67648 18.8
      vertex 1.23931 5.83684 19.8
      vertex 1.23931 5.83684 18.8
    endloop
  endfacet
  facet normal -0.980782 0.195105 0
    outer loop
      vertex 1.23931 5.83684 19.8
      vertex 1.20741 5.67648 18.8
      vertex 1.20741 5.67648 19.8
    endloop
  endfacet
  facet normal -0.321452 0.946926 0
    outer loop
      vertex 0.478354 4.84515 18.8
      vertex 0.323524 4.79259 19.8
      vertex 0.478354 4.84515 19.8
    endloop
  endfacet
  facet normal -0.321452 0.946926 0
    outer loop
      vertex 0.323524 4.79259 19.8
      vertex 0.478354 4.84515 18.8
      vertex 0.323524 4.79259 18.8
    endloop
  endfacet
  facet normal -0.751833 0.659354 0
    outer loop
      vertex 0.883883 5.11612 18.8
      vertex 0.991692 5.23905 19.8
      vertex 0.991692 5.23905 18.8
    endloop
  endfacet
  facet normal -0.751833 0.659354 0
    outer loop
      vertex 0.991692 5.23905 19.8
      vertex 0.883883 5.11612 18.8
      vertex 0.883883 5.11612 19.8
    endloop
  endfacet
  facet normal -0.555572 0.831468 0
    outer loop
      vertex 0.760951 5.00831 18.8
      vertex 0.625 4.91747 19.8
      vertex 0.760951 5.00831 19.8
    endloop
  endfacet
  facet normal -0.555572 0.831468 0
    outer loop
      vertex 0.625 4.91747 19.8
      vertex 0.760951 5.00831 18.8
      vertex 0.625 4.91747 18.8
    endloop
  endfacet
  facet normal -0.946926 0.321452 0
    outer loop
      vertex 1.15485 5.52165 18.8
      vertex 1.20741 5.67648 19.8
      vertex 1.20741 5.67648 18.8
    endloop
  endfacet
  facet normal -0.946926 0.321452 0
    outer loop
      vertex 1.20741 5.67648 19.8
      vertex 1.15485 5.52165 18.8
      vertex 1.15485 5.52165 19.8
    endloop
  endfacet
  facet normal -0.0653795 0.99786 0
    outer loop
      vertex 0.163157 4.76069 18.8
      vertex 0 4.75 19.8
      vertex 0.163157 4.76069 19.8
    endloop
  endfacet
  facet normal -0.0653795 0.99786 0
    outer loop
      vertex 0 4.75 19.8
      vertex 0.163157 4.76069 18.8
      vertex 0 4.75 18.8
    endloop
  endfacet
  facet normal 0.321452 0.946926 -0
    outer loop
      vertex -0.323524 4.79259 18.8
      vertex -0.478354 4.84515 19.8
      vertex -0.323524 4.79259 19.8
    endloop
  endfacet
  facet normal 0.321452 0.946926 0
    outer loop
      vertex -0.478354 4.84515 19.8
      vertex -0.323524 4.79259 18.8
      vertex -0.478354 4.84515 18.8
    endloop
  endfacet
  facet normal 0.946926 0.321452 0
    outer loop
      vertex -1.15485 5.52165 19.8
      vertex -1.20741 5.67648 18.8
      vertex -1.20741 5.67648 19.8
    endloop
  endfacet
  facet normal 0.946926 0.321452 0
    outer loop
      vertex -1.20741 5.67648 18.8
      vertex -1.15485 5.52165 19.8
      vertex -1.15485 5.52165 18.8
    endloop
  endfacet
  facet normal 0.659351 0.751835 -0
    outer loop
      vertex -0.760951 5.00831 18.8
      vertex -0.883883 5.11612 19.8
      vertex -0.760951 5.00831 19.8
    endloop
  endfacet
  facet normal 0.659351 0.751835 0
    outer loop
      vertex -0.883883 5.11612 19.8
      vertex -0.760951 5.00831 18.8
      vertex -0.883883 5.11612 18.8
    endloop
  endfacet
  facet normal 0.831472 0.555566 0
    outer loop
      vertex -0.991692 5.23905 19.8
      vertex -1.08253 5.375 18.8
      vertex -1.08253 5.375 19.8
    endloop
  endfacet
  facet normal 0.831472 0.555566 0
    outer loop
      vertex -1.08253 5.375 18.8
      vertex -0.991692 5.23905 19.8
      vertex -0.991692 5.23905 18.8
    endloop
  endfacet
  facet normal -0.997861 0.0653783 0
    outer loop
      vertex 1.23931 5.83684 18.8
      vertex 1.25 6 19.8
      vertex 1.25 6 18.8
    endloop
  endfacet
  facet normal -0.997861 0.0653783 0
    outer loop
      vertex 1.25 6 19.8
      vertex 1.23931 5.83684 18.8
      vertex 1.23931 5.83684 19.8
    endloop
  endfacet
  facet normal -0.442299 0.896867 0
    outer loop
      vertex 0.625 4.91747 18.8
      vertex 0.478354 4.84515 19.8
      vertex 0.625 4.91747 19.8
    endloop
  endfacet
  facet normal -0.442299 0.896867 0
    outer loop
      vertex 0.478354 4.84515 19.8
      vertex 0.625 4.91747 18.8
      vertex 0.478354 4.84515 18.8
    endloop
  endfacet
  facet normal -0.659351 0.751835 0
    outer loop
      vertex 0.883883 5.11612 18.8
      vertex 0.760951 5.00831 19.8
      vertex 0.883883 5.11612 19.8
    endloop
  endfacet
  facet normal -0.659351 0.751835 0
    outer loop
      vertex 0.760951 5.00831 19.8
      vertex 0.883883 5.11612 18.8
      vertex 0.760951 5.00831 18.8
    endloop
  endfacet
  facet normal -0.896872 0.44229 0
    outer loop
      vertex 1.08253 5.375 18.8
      vertex 1.15485 5.52165 19.8
      vertex 1.15485 5.52165 18.8
    endloop
  endfacet
  facet normal -0.896872 0.44229 0
    outer loop
      vertex 1.15485 5.52165 19.8
      vertex 1.08253 5.375 18.8
      vertex 1.08253 5.375 19.8
    endloop
  endfacet
  facet normal 0.442299 0.896867 -0
    outer loop
      vertex -0.478354 4.84515 18.8
      vertex -0.625 4.91747 19.8
      vertex -0.478354 4.84515 19.8
    endloop
  endfacet
  facet normal 0.442299 0.896867 0
    outer loop
      vertex -0.625 4.91747 19.8
      vertex -0.478354 4.84515 18.8
      vertex -0.625 4.91747 18.8
    endloop
  endfacet
  facet normal 0.896872 0.44229 0
    outer loop
      vertex -1.08253 5.375 19.8
      vertex -1.15485 5.52165 18.8
      vertex -1.15485 5.52165 19.8
    endloop
  endfacet
  facet normal 0.896872 0.44229 0
    outer loop
      vertex -1.15485 5.52165 18.8
      vertex -1.08253 5.375 19.8
      vertex -1.08253 5.375 18.8
    endloop
  endfacet
  facet normal 0.751833 0.659354 0
    outer loop
      vertex -0.883883 5.11612 19.8
      vertex -0.991692 5.23905 18.8
      vertex -0.991692 5.23905 19.8
    endloop
  endfacet
  facet normal 0.751833 0.659354 0
    outer loop
      vertex -0.991692 5.23905 18.8
      vertex -0.883883 5.11612 19.8
      vertex -0.883883 5.11612 18.8
    endloop
  endfacet
  facet normal -0.997861 -0.0653783 0
    outer loop
      vertex 5.75 -6 18.8
      vertex 5.73931 -5.83684 19.8
      vertex 5.73931 -5.83684 18.8
    endloop
  endfacet
  facet normal -0.997861 -0.0653783 0
    outer loop
      vertex 5.73931 -5.83684 19.8
      vertex 5.75 -6 18.8
      vertex 5.75 -6 19.8
    endloop
  endfacet
  facet normal 0.0653783 -0.997861 0
    outer loop
      vertex 4.33684 -4.76069 18.8
      vertex 4.5 -4.75 19.8
      vertex 4.33684 -4.76069 19.8
    endloop
  endfacet
  facet normal 0.0653783 -0.997861 0
    outer loop
      vertex 4.5 -4.75 19.8
      vertex 4.33684 -4.76069 18.8
      vertex 4.5 -4.75 18.8
    endloop
  endfacet
  facet normal -0.659357 -0.75183 0
    outer loop
      vertex 5.26095 -5.00831 18.8
      vertex 5.38388 -5.11612 19.8
      vertex 5.26095 -5.00831 19.8
    endloop
  endfacet
  facet normal -0.659357 -0.75183 -0
    outer loop
      vertex 5.38388 -5.11612 19.8
      vertex 5.26095 -5.00831 18.8
      vertex 5.38388 -5.11612 18.8
    endloop
  endfacet
  facet normal 0.75183 -0.659357 0
    outer loop
      vertex 3.50831 -5.23905 19.8
      vertex 3.61612 -5.11612 18.8
      vertex 3.61612 -5.11612 19.8
    endloop
  endfacet
  facet normal 0.75183 -0.659357 0
    outer loop
      vertex 3.61612 -5.11612 18.8
      vertex 3.50831 -5.23905 19.8
      vertex 3.50831 -5.23905 18.8
    endloop
  endfacet
  facet normal 0.44229 -0.896872 0
    outer loop
      vertex 3.875 -4.91747 18.8
      vertex 4.02165 -4.84515 19.8
      vertex 3.875 -4.91747 19.8
    endloop
  endfacet
  facet normal 0.44229 -0.896872 0
    outer loop
      vertex 4.02165 -4.84515 19.8
      vertex 3.875 -4.91747 18.8
      vertex 4.02165 -4.84515 18.8
    endloop
  endfacet
  facet normal -0.896872 -0.44229 0
    outer loop
      vertex 5.65485 -5.52165 18.8
      vertex 5.58253 -5.375 19.8
      vertex 5.58253 -5.375 18.8
    endloop
  endfacet
  facet normal -0.896872 -0.44229 0
    outer loop
      vertex 5.58253 -5.375 19.8
      vertex 5.65485 -5.52165 18.8
      vertex 5.65485 -5.52165 19.8
    endloop
  endfacet
  facet normal -0.980782 -0.195105 0
    outer loop
      vertex 5.73931 -5.83684 18.8
      vertex 5.70741 -5.67648 19.8
      vertex 5.70741 -5.67648 18.8
    endloop
  endfacet
  facet normal -0.980782 -0.195105 0
    outer loop
      vertex 5.70741 -5.67648 19.8
      vertex 5.73931 -5.83684 18.8
      vertex 5.73931 -5.83684 19.8
    endloop
  endfacet
  facet normal -0.321452 -0.946926 0
    outer loop
      vertex 4.82352 -4.79259 18.8
      vertex 4.97835 -4.84515 19.8
      vertex 4.82352 -4.79259 19.8
    endloop
  endfacet
  facet normal -0.321452 -0.946926 -0
    outer loop
      vertex 4.97835 -4.84515 19.8
      vertex 4.82352 -4.79259 18.8
      vertex 4.97835 -4.84515 18.8
    endloop
  endfacet
  facet normal -0.195105 -0.980782 0
    outer loop
      vertex 4.66316 -4.76069 18.8
      vertex 4.82352 -4.79259 19.8
      vertex 4.66316 -4.76069 19.8
    endloop
  endfacet
  facet normal -0.195105 -0.980782 -0
    outer loop
      vertex 4.82352 -4.79259 19.8
      vertex 4.66316 -4.76069 18.8
      vertex 4.82352 -4.79259 18.8
    endloop
  endfacet
  facet normal -0.555575 -0.831466 0
    outer loop
      vertex 5.125 -4.91747 18.8
      vertex 5.26095 -5.00831 19.8
      vertex 5.125 -4.91747 19.8
    endloop
  endfacet
  facet normal -0.555575 -0.831466 -0
    outer loop
      vertex 5.26095 -5.00831 19.8
      vertex 5.125 -4.91747 18.8
      vertex 5.26095 -5.00831 18.8
    endloop
  endfacet
  facet normal 0.946926 -0.321452 0
    outer loop
      vertex 3.29259 -5.67648 19.8
      vertex 3.34515 -5.52165 18.8
      vertex 3.34515 -5.52165 19.8
    endloop
  endfacet
  facet normal 0.946926 -0.321452 0
    outer loop
      vertex 3.34515 -5.52165 18.8
      vertex 3.29259 -5.67648 19.8
      vertex 3.29259 -5.67648 18.8
    endloop
  endfacet
  facet normal 0.896872 -0.44229 0
    outer loop
      vertex 3.34515 -5.52165 19.8
      vertex 3.41747 -5.375 18.8
      vertex 3.41747 -5.375 19.8
    endloop
  endfacet
  facet normal 0.896872 -0.44229 0
    outer loop
      vertex 3.41747 -5.375 18.8
      vertex 3.34515 -5.52165 19.8
      vertex 3.34515 -5.52165 18.8
    endloop
  endfacet
  facet normal 0.980782 -0.195105 0
    outer loop
      vertex 3.26069 -5.83684 19.8
      vertex 3.29259 -5.67648 18.8
      vertex 3.29259 -5.67648 19.8
    endloop
  endfacet
  facet normal 0.980782 -0.195105 0
    outer loop
      vertex 3.29259 -5.67648 18.8
      vertex 3.26069 -5.83684 19.8
      vertex 3.26069 -5.83684 18.8
    endloop
  endfacet
  facet normal 0.997861 0.0653783 0
    outer loop
      vertex 3.26069 -6.16316 19.8
      vertex 3.25 -6 18.8
      vertex 3.25 -6 19.8
    endloop
  endfacet
  facet normal 0.997861 0.0653783 0
    outer loop
      vertex 3.25 -6 18.8
      vertex 3.26069 -6.16316 19.8
      vertex 3.26069 -6.16316 18.8
    endloop
  endfacet
  facet normal 0.659357 -0.75183 0
    outer loop
      vertex 3.61612 -5.11612 18.8
      vertex 3.73905 -5.00831 19.8
      vertex 3.61612 -5.11612 19.8
    endloop
  endfacet
  facet normal 0.659357 -0.75183 0
    outer loop
      vertex 3.73905 -5.00831 19.8
      vertex 3.61612 -5.11612 18.8
      vertex 3.73905 -5.00831 18.8
    endloop
  endfacet
  facet normal 0.195105 -0.980782 0
    outer loop
      vertex 4.17648 -4.79259 18.8
      vertex 4.33684 -4.76069 19.8
      vertex 4.17648 -4.79259 19.8
    endloop
  endfacet
  facet normal 0.195105 -0.980782 0
    outer loop
      vertex 4.33684 -4.76069 19.8
      vertex 4.17648 -4.79259 18.8
      vertex 4.33684 -4.76069 18.8
    endloop
  endfacet
  facet normal -0.997861 0.0653783 0
    outer loop
      vertex 5.73931 -6.16316 18.8
      vertex 5.75 -6 19.8
      vertex 5.75 -6 18.8
    endloop
  endfacet
  facet normal -0.997861 0.0653783 0
    outer loop
      vertex 5.75 -6 19.8
      vertex 5.73931 -6.16316 18.8
      vertex 5.73931 -6.16316 19.8
    endloop
  endfacet
  facet normal 0.195105 0.980782 -0
    outer loop
      vertex 4.33684 -7.23931 18.8
      vertex 4.17648 -7.20741 19.8
      vertex 4.33684 -7.23931 19.8
    endloop
  endfacet
  facet normal 0.195105 0.980782 0
    outer loop
      vertex 4.17648 -7.20741 19.8
      vertex 4.33684 -7.23931 18.8
      vertex 4.17648 -7.20741 18.8
    endloop
  endfacet
  facet normal 0.896872 0.44229 0
    outer loop
      vertex 3.41747 -6.625 19.8
      vertex 3.34515 -6.47835 18.8
      vertex 3.34515 -6.47835 19.8
    endloop
  endfacet
  facet normal 0.896872 0.44229 0
    outer loop
      vertex 3.34515 -6.47835 18.8
      vertex 3.41747 -6.625 19.8
      vertex 3.41747 -6.625 18.8
    endloop
  endfacet
  facet normal -0.195105 0.980782 0
    outer loop
      vertex 4.82352 -7.20741 18.8
      vertex 4.66316 -7.23931 19.8
      vertex 4.82352 -7.20741 19.8
    endloop
  endfacet
  facet normal -0.195105 0.980782 0
    outer loop
      vertex 4.66316 -7.23931 19.8
      vertex 4.82352 -7.20741 18.8
      vertex 4.66316 -7.23931 18.8
    endloop
  endfacet
  facet normal -0.946926 -0.321452 0
    outer loop
      vertex 5.70741 -5.67648 18.8
      vertex 5.65485 -5.52165 19.8
      vertex 5.65485 -5.52165 18.8
    endloop
  endfacet
  facet normal -0.946926 -0.321452 0
    outer loop
      vertex 5.65485 -5.52165 19.8
      vertex 5.70741 -5.67648 18.8
      vertex 5.70741 -5.67648 19.8
    endloop
  endfacet
  facet normal -0.75183 -0.659357 0
    outer loop
      vertex 5.49169 -5.23905 18.8
      vertex 5.38388 -5.11612 19.8
      vertex 5.38388 -5.11612 18.8
    endloop
  endfacet
  facet normal -0.75183 -0.659357 0
    outer loop
      vertex 5.38388 -5.11612 19.8
      vertex 5.49169 -5.23905 18.8
      vertex 5.49169 -5.23905 19.8
    endloop
  endfacet
  facet normal -0.831466 -0.555575 0
    outer loop
      vertex 5.58253 -5.375 18.8
      vertex 5.49169 -5.23905 19.8
      vertex 5.49169 -5.23905 18.8
    endloop
  endfacet
  facet normal -0.831466 -0.555575 0
    outer loop
      vertex 5.49169 -5.23905 19.8
      vertex 5.58253 -5.375 18.8
      vertex 5.58253 -5.375 19.8
    endloop
  endfacet
  facet normal -0.0653783 -0.997861 0
    outer loop
      vertex 4.5 -4.75 18.8
      vertex 4.66316 -4.76069 19.8
      vertex 4.5 -4.75 19.8
    endloop
  endfacet
  facet normal -0.0653783 -0.997861 -0
    outer loop
      vertex 4.66316 -4.76069 19.8
      vertex 4.5 -4.75 18.8
      vertex 4.66316 -4.76069 18.8
    endloop
  endfacet
  facet normal -0.44229 -0.896872 0
    outer loop
      vertex 4.97835 -4.84515 18.8
      vertex 5.125 -4.91747 19.8
      vertex 4.97835 -4.84515 19.8
    endloop
  endfacet
  facet normal -0.44229 -0.896872 -0
    outer loop
      vertex 5.125 -4.91747 19.8
      vertex 4.97835 -4.84515 18.8
      vertex 5.125 -4.91747 18.8
    endloop
  endfacet
  facet normal 0.997861 -0.0653783 0
    outer loop
      vertex 3.25 -6 19.8
      vertex 3.26069 -5.83684 18.8
      vertex 3.26069 -5.83684 19.8
    endloop
  endfacet
  facet normal 0.997861 -0.0653783 0
    outer loop
      vertex 3.26069 -5.83684 18.8
      vertex 3.25 -6 19.8
      vertex 3.25 -6 18.8
    endloop
  endfacet
  facet normal -0.946926 0.321452 0
    outer loop
      vertex 5.65485 -6.47835 18.8
      vertex 5.70741 -6.32352 19.8
      vertex 5.70741 -6.32352 18.8
    endloop
  endfacet
  facet normal -0.946926 0.321452 0
    outer loop
      vertex 5.70741 -6.32352 19.8
      vertex 5.65485 -6.47835 18.8
      vertex 5.65485 -6.47835 19.8
    endloop
  endfacet
  facet normal -0.896872 0.44229 0
    outer loop
      vertex 5.58253 -6.625 18.8
      vertex 5.65485 -6.47835 19.8
      vertex 5.65485 -6.47835 18.8
    endloop
  endfacet
  facet normal -0.896872 0.44229 0
    outer loop
      vertex 5.65485 -6.47835 19.8
      vertex 5.58253 -6.625 18.8
      vertex 5.58253 -6.625 19.8
    endloop
  endfacet
  facet normal -0.980782 0.195105 0
    outer loop
      vertex 5.70741 -6.32352 18.8
      vertex 5.73931 -6.16316 19.8
      vertex 5.73931 -6.16316 18.8
    endloop
  endfacet
  facet normal -0.980782 0.195105 0
    outer loop
      vertex 5.73931 -6.16316 19.8
      vertex 5.70741 -6.32352 18.8
      vertex 5.70741 -6.32352 19.8
    endloop
  endfacet
  facet normal 0.980782 0.195105 0
    outer loop
      vertex 3.29259 -6.32352 19.8
      vertex 3.26069 -6.16316 18.8
      vertex 3.26069 -6.16316 19.8
    endloop
  endfacet
  facet normal 0.980782 0.195105 0
    outer loop
      vertex 3.26069 -6.16316 18.8
      vertex 3.29259 -6.32352 19.8
      vertex 3.29259 -6.32352 18.8
    endloop
  endfacet
  facet normal 0.946926 0.321452 0
    outer loop
      vertex 3.34515 -6.47835 19.8
      vertex 3.29259 -6.32352 18.8
      vertex 3.29259 -6.32352 19.8
    endloop
  endfacet
  facet normal 0.946926 0.321452 0
    outer loop
      vertex 3.29259 -6.32352 18.8
      vertex 3.34515 -6.47835 19.8
      vertex 3.34515 -6.47835 18.8
    endloop
  endfacet
  facet normal -0.44229 0.896872 0
    outer loop
      vertex 5.125 -7.08253 18.8
      vertex 4.97835 -7.15485 19.8
      vertex 5.125 -7.08253 19.8
    endloop
  endfacet
  facet normal -0.44229 0.896872 0
    outer loop
      vertex 4.97835 -7.15485 19.8
      vertex 5.125 -7.08253 18.8
      vertex 4.97835 -7.15485 18.8
    endloop
  endfacet
  facet normal -0.321452 0.946926 0
    outer loop
      vertex 4.97835 -7.15485 18.8
      vertex 4.82352 -7.20741 19.8
      vertex 4.97835 -7.15485 19.8
    endloop
  endfacet
  facet normal -0.321452 0.946926 0
    outer loop
      vertex 4.82352 -7.20741 19.8
      vertex 4.97835 -7.15485 18.8
      vertex 4.82352 -7.20741 18.8
    endloop
  endfacet
  facet normal 0.831466 -0.555575 0
    outer loop
      vertex 3.41747 -5.375 19.8
      vertex 3.50831 -5.23905 18.8
      vertex 3.50831 -5.23905 19.8
    endloop
  endfacet
  facet normal 0.831466 -0.555575 0
    outer loop
      vertex 3.50831 -5.23905 18.8
      vertex 3.41747 -5.375 19.8
      vertex 3.41747 -5.375 18.8
    endloop
  endfacet
  facet normal 0.555575 -0.831466 0
    outer loop
      vertex 3.73905 -5.00831 18.8
      vertex 3.875 -4.91747 19.8
      vertex 3.73905 -5.00831 19.8
    endloop
  endfacet
  facet normal 0.555575 -0.831466 0
    outer loop
      vertex 3.875 -4.91747 19.8
      vertex 3.73905 -5.00831 18.8
      vertex 3.875 -4.91747 18.8
    endloop
  endfacet
  facet normal 0.321452 -0.946926 0
    outer loop
      vertex 4.02165 -4.84515 18.8
      vertex 4.17648 -4.79259 19.8
      vertex 4.02165 -4.84515 19.8
    endloop
  endfacet
  facet normal 0.321452 -0.946926 0
    outer loop
      vertex 4.17648 -4.79259 19.8
      vertex 4.02165 -4.84515 18.8
      vertex 4.17648 -4.79259 18.8
    endloop
  endfacet
  facet normal -0.555575 0.831466 0
    outer loop
      vertex 5.26095 -6.99169 18.8
      vertex 5.125 -7.08253 19.8
      vertex 5.26095 -6.99169 19.8
    endloop
  endfacet
  facet normal -0.555575 0.831466 0
    outer loop
      vertex 5.125 -7.08253 19.8
      vertex 5.26095 -6.99169 18.8
      vertex 5.125 -7.08253 18.8
    endloop
  endfacet
  facet normal -0.75183 0.659357 0
    outer loop
      vertex 5.38388 -6.88388 18.8
      vertex 5.49169 -6.76095 19.8
      vertex 5.49169 -6.76095 18.8
    endloop
  endfacet
  facet normal -0.75183 0.659357 0
    outer loop
      vertex 5.49169 -6.76095 19.8
      vertex 5.38388 -6.88388 18.8
      vertex 5.38388 -6.88388 19.8
    endloop
  endfacet
  facet normal -0.0653783 0.997861 0
    outer loop
      vertex 4.66316 -7.23931 18.8
      vertex 4.5 -7.25 19.8
      vertex 4.66316 -7.23931 19.8
    endloop
  endfacet
  facet normal -0.0653783 0.997861 0
    outer loop
      vertex 4.5 -7.25 19.8
      vertex 4.66316 -7.23931 18.8
      vertex 4.5 -7.25 18.8
    endloop
  endfacet
  facet normal 0.321452 0.946926 -0
    outer loop
      vertex 4.17648 -7.20741 18.8
      vertex 4.02165 -7.15485 19.8
      vertex 4.17648 -7.20741 19.8
    endloop
  endfacet
  facet normal 0.321452 0.946926 0
    outer loop
      vertex 4.02165 -7.15485 19.8
      vertex 4.17648 -7.20741 18.8
      vertex 4.02165 -7.15485 18.8
    endloop
  endfacet
  facet normal 0.659357 0.75183 -0
    outer loop
      vertex 3.73905 -6.99169 18.8
      vertex 3.61612 -6.88388 19.8
      vertex 3.73905 -6.99169 19.8
    endloop
  endfacet
  facet normal 0.659357 0.75183 0
    outer loop
      vertex 3.61612 -6.88388 19.8
      vertex 3.73905 -6.99169 18.8
      vertex 3.61612 -6.88388 18.8
    endloop
  endfacet
  facet normal -0.831466 0.555575 0
    outer loop
      vertex 5.49169 -6.76095 18.8
      vertex 5.58253 -6.625 19.8
      vertex 5.58253 -6.625 18.8
    endloop
  endfacet
  facet normal -0.831466 0.555575 0
    outer loop
      vertex 5.58253 -6.625 19.8
      vertex 5.49169 -6.76095 18.8
      vertex 5.49169 -6.76095 19.8
    endloop
  endfacet
  facet normal -0.659357 0.75183 0
    outer loop
      vertex 5.38388 -6.88388 18.8
      vertex 5.26095 -6.99169 19.8
      vertex 5.38388 -6.88388 19.8
    endloop
  endfacet
  facet normal -0.659357 0.75183 0
    outer loop
      vertex 5.26095 -6.99169 19.8
      vertex 5.38388 -6.88388 18.8
      vertex 5.26095 -6.99169 18.8
    endloop
  endfacet
  facet normal 0.0653783 0.997861 -0
    outer loop
      vertex 4.5 -7.25 18.8
      vertex 4.33684 -7.23931 19.8
      vertex 4.5 -7.25 19.8
    endloop
  endfacet
  facet normal 0.0653783 0.997861 0
    outer loop
      vertex 4.33684 -7.23931 19.8
      vertex 4.5 -7.25 18.8
      vertex 4.33684 -7.23931 18.8
    endloop
  endfacet
  facet normal 0.555575 0.831466 -0
    outer loop
      vertex 3.875 -7.08253 18.8
      vertex 3.73905 -6.99169 19.8
      vertex 3.875 -7.08253 19.8
    endloop
  endfacet
  facet normal 0.555575 0.831466 0
    outer loop
      vertex 3.73905 -6.99169 19.8
      vertex 3.875 -7.08253 18.8
      vertex 3.73905 -6.99169 18.8
    endloop
  endfacet
  facet normal 0.831466 0.555575 0
    outer loop
      vertex 3.50831 -6.76095 19.8
      vertex 3.41747 -6.625 18.8
      vertex 3.41747 -6.625 19.8
    endloop
  endfacet
  facet normal 0.831466 0.555575 0
    outer loop
      vertex 3.41747 -6.625 18.8
      vertex 3.50831 -6.76095 19.8
      vertex 3.50831 -6.76095 18.8
    endloop
  endfacet
  facet normal 0.44229 0.896872 -0
    outer loop
      vertex 4.02165 -7.15485 18.8
      vertex 3.875 -7.08253 19.8
      vertex 4.02165 -7.15485 19.8
    endloop
  endfacet
  facet normal 0.44229 0.896872 0
    outer loop
      vertex 3.875 -7.08253 19.8
      vertex 4.02165 -7.15485 18.8
      vertex 3.875 -7.08253 18.8
    endloop
  endfacet
  facet normal 0.75183 0.659357 0
    outer loop
      vertex 3.61612 -6.88388 19.8
      vertex 3.50831 -6.76095 18.8
      vertex 3.50831 -6.76095 19.8
    endloop
  endfacet
  facet normal 0.75183 0.659357 0
    outer loop
      vertex 3.50831 -6.76095 18.8
      vertex 3.61612 -6.88388 19.8
      vertex 3.61612 -6.88388 18.8
    endloop
  endfacet
  facet normal 0.980784 -0.195096 0
    outer loop
      vertex 3.26069 0.163157 19.8
      vertex 3.29259 0.323524 18.8
      vertex 3.29259 0.323524 19.8
    endloop
  endfacet
  facet normal 0.980784 -0.195096 0
    outer loop
      vertex 3.29259 0.323524 18.8
      vertex 3.26069 0.163157 19.8
      vertex 3.26069 0.163157 18.8
    endloop
  endfacet
  facet normal -0.831468 -0.555572 0
    outer loop
      vertex 5.58253 0.625 18.8
      vertex 5.49169 0.760951 19.8
      vertex 5.49169 0.760951 18.8
    endloop
  endfacet
  facet normal -0.831468 -0.555572 0
    outer loop
      vertex 5.49169 0.760951 19.8
      vertex 5.58253 0.625 18.8
      vertex 5.58253 0.625 19.8
    endloop
  endfacet
  facet normal -0.321452 -0.946926 0
    outer loop
      vertex 4.82352 1.20741 18.8
      vertex 4.97835 1.15485 19.8
      vertex 4.82352 1.20741 19.8
    endloop
  endfacet
  facet normal -0.321452 -0.946926 -0
    outer loop
      vertex 4.97835 1.15485 19.8
      vertex 4.82352 1.20741 18.8
      vertex 4.97835 1.15485 18.8
    endloop
  endfacet
  facet normal 0.44229 -0.896872 0
    outer loop
      vertex 3.875 1.08253 18.8
      vertex 4.02165 1.15485 19.8
      vertex 3.875 1.08253 19.8
    endloop
  endfacet
  facet normal 0.44229 -0.896872 0
    outer loop
      vertex 4.02165 1.15485 19.8
      vertex 3.875 1.08253 18.8
      vertex 4.02165 1.15485 18.8
    endloop
  endfacet
  facet normal 0.946926 -0.321452 0
    outer loop
      vertex 3.29259 0.323524 19.8
      vertex 3.34515 0.478354 18.8
      vertex 3.34515 0.478354 19.8
    endloop
  endfacet
  facet normal 0.946926 -0.321452 0
    outer loop
      vertex 3.34515 0.478354 18.8
      vertex 3.29259 0.323524 19.8
      vertex 3.29259 0.323524 18.8
    endloop
  endfacet
  facet normal -0.99786 0.0653795 0
    outer loop
      vertex 5.73931 -0.163157 18.8
      vertex 5.75 0 19.8
      vertex 5.75 0 18.8
    endloop
  endfacet
  facet normal -0.99786 0.0653795 0
    outer loop
      vertex 5.75 0 19.8
      vertex 5.73931 -0.163157 18.8
      vertex 5.73931 -0.163157 19.8
    endloop
  endfacet
  facet normal -0.44229 0.896872 0
    outer loop
      vertex 5.125 -1.08253 18.8
      vertex 4.97835 -1.15485 19.8
      vertex 5.125 -1.08253 19.8
    endloop
  endfacet
  facet normal -0.44229 0.896872 0
    outer loop
      vertex 4.97835 -1.15485 19.8
      vertex 5.125 -1.08253 18.8
      vertex 4.97835 -1.15485 18.8
    endloop
  endfacet
  facet normal -0.659354 -0.751833 0
    outer loop
      vertex 5.26095 0.991692 18.8
      vertex 5.38388 0.883883 19.8
      vertex 5.26095 0.991692 19.8
    endloop
  endfacet
  facet normal -0.659354 -0.751833 -0
    outer loop
      vertex 5.38388 0.883883 19.8
      vertex 5.26095 0.991692 18.8
      vertex 5.38388 0.883883 18.8
    endloop
  endfacet
  facet normal 0.0653783 -0.997861 0
    outer loop
      vertex 4.33684 1.23931 18.8
      vertex 4.5 1.25 19.8
      vertex 4.33684 1.23931 19.8
    endloop
  endfacet
  facet normal 0.0653783 -0.997861 0
    outer loop
      vertex 4.5 1.25 19.8
      vertex 4.33684 1.23931 18.8
      vertex 4.5 1.25 18.8
    endloop
  endfacet
  facet normal 0.99786 0.0653795 0
    outer loop
      vertex 3.26069 -0.163157 19.8
      vertex 3.25 0 18.8
      vertex 3.25 0 19.8
    endloop
  endfacet
  facet normal 0.99786 0.0653795 0
    outer loop
      vertex 3.25 0 18.8
      vertex 3.26069 -0.163157 19.8
      vertex 3.26069 -0.163157 18.8
    endloop
  endfacet
  facet normal 0.831468 -0.555572 0
    outer loop
      vertex 3.41747 0.625 19.8
      vertex 3.50831 0.760951 18.8
      vertex 3.50831 0.760951 19.8
    endloop
  endfacet
  facet normal 0.831468 -0.555572 0
    outer loop
      vertex 3.50831 0.760951 18.8
      vertex 3.41747 0.625 19.8
      vertex 3.41747 0.625 18.8
    endloop
  endfacet
  facet normal 0.195105 -0.980782 0
    outer loop
      vertex 4.17648 1.20741 18.8
      vertex 4.33684 1.23931 19.8
      vertex 4.17648 1.20741 19.8
    endloop
  endfacet
  facet normal 0.195105 -0.980782 0
    outer loop
      vertex 4.33684 1.23931 19.8
      vertex 4.17648 1.20741 18.8
      vertex 4.33684 1.23931 18.8
    endloop
  endfacet
  facet normal 0.751835 -0.659351 0
    outer loop
      vertex 3.50831 0.760951 19.8
      vertex 3.61612 0.883883 18.8
      vertex 3.61612 0.883883 19.8
    endloop
  endfacet
  facet normal 0.751835 -0.659351 0
    outer loop
      vertex 3.61612 0.883883 18.8
      vertex 3.50831 0.760951 19.8
      vertex 3.50831 0.760951 18.8
    endloop
  endfacet
  facet normal -0.99786 -0.0653795 0
    outer loop
      vertex 5.75 0 18.8
      vertex 5.73931 0.163157 19.8
      vertex 5.73931 0.163157 18.8
    endloop
  endfacet
  facet normal -0.99786 -0.0653795 0
    outer loop
      vertex 5.73931 0.163157 19.8
      vertex 5.75 0 18.8
      vertex 5.75 0 19.8
    endloop
  endfacet
  facet normal -0.946926 0.321452 0
    outer loop
      vertex 5.65485 -0.478354 18.8
      vertex 5.70741 -0.323524 19.8
      vertex 5.70741 -0.323524 18.8
    endloop
  endfacet
  facet normal -0.946926 0.321452 0
    outer loop
      vertex 5.70741 -0.323524 19.8
      vertex 5.65485 -0.478354 18.8
      vertex 5.65485 -0.478354 19.8
    endloop
  endfacet
  facet normal -0.321452 0.946926 0
    outer loop
      vertex 4.97835 -1.15485 18.8
      vertex 4.82352 -1.20741 19.8
      vertex 4.97835 -1.15485 19.8
    endloop
  endfacet
  facet normal -0.321452 0.946926 0
    outer loop
      vertex 4.82352 -1.20741 19.8
      vertex 4.97835 -1.15485 18.8
      vertex 4.82352 -1.20741 18.8
    endloop
  endfacet
  facet normal -0.751835 -0.659351 0
    outer loop
      vertex 5.49169 0.760951 18.8
      vertex 5.38388 0.883883 19.8
      vertex 5.38388 0.883883 18.8
    endloop
  endfacet
  facet normal -0.751835 -0.659351 0
    outer loop
      vertex 5.38388 0.883883 19.8
      vertex 5.49169 0.760951 18.8
      vertex 5.49169 0.760951 19.8
    endloop
  endfacet
  facet normal -0.195105 -0.980782 0
    outer loop
      vertex 4.66316 1.23931 18.8
      vertex 4.82352 1.20741 19.8
      vertex 4.66316 1.23931 19.8
    endloop
  endfacet
  facet normal -0.195105 -0.980782 -0
    outer loop
      vertex 4.82352 1.20741 19.8
      vertex 4.66316 1.23931 18.8
      vertex 4.82352 1.20741 18.8
    endloop
  endfacet
  facet normal -0.0653783 -0.997861 0
    outer loop
      vertex 4.5 1.25 18.8
      vertex 4.66316 1.23931 19.8
      vertex 4.5 1.25 19.8
    endloop
  endfacet
  facet normal -0.0653783 -0.997861 -0
    outer loop
      vertex 4.66316 1.23931 19.8
      vertex 4.5 1.25 18.8
      vertex 4.66316 1.23931 18.8
    endloop
  endfacet
  facet normal -0.555566 -0.831472 0
    outer loop
      vertex 5.125 1.08253 18.8
      vertex 5.26095 0.991692 19.8
      vertex 5.125 1.08253 19.8
    endloop
  endfacet
  facet normal -0.555566 -0.831472 -0
    outer loop
      vertex 5.26095 0.991692 19.8
      vertex 5.125 1.08253 18.8
      vertex 5.26095 0.991692 18.8
    endloop
  endfacet
  facet normal -0.44229 -0.896872 0
    outer loop
      vertex 4.97835 1.15485 18.8
      vertex 5.125 1.08253 19.8
      vertex 4.97835 1.15485 19.8
    endloop
  endfacet
  facet normal -0.44229 -0.896872 -0
    outer loop
      vertex 5.125 1.08253 19.8
      vertex 4.97835 1.15485 18.8
      vertex 5.125 1.08253 18.8
    endloop
  endfacet
  facet normal 0.896867 -0.442299 0
    outer loop
      vertex 3.34515 0.478354 19.8
      vertex 3.41747 0.625 18.8
      vertex 3.41747 0.625 19.8
    endloop
  endfacet
  facet normal 0.896867 -0.442299 0
    outer loop
      vertex 3.41747 0.625 18.8
      vertex 3.34515 0.478354 19.8
      vertex 3.34515 0.478354 18.8
    endloop
  endfacet
  facet normal 0.555566 -0.831472 0
    outer loop
      vertex 3.73905 0.991692 18.8
      vertex 3.875 1.08253 19.8
      vertex 3.73905 0.991692 19.8
    endloop
  endfacet
  facet normal 0.555566 -0.831472 0
    outer loop
      vertex 3.875 1.08253 19.8
      vertex 3.73905 0.991692 18.8
      vertex 3.875 1.08253 18.8
    endloop
  endfacet
  facet normal 0.659354 -0.751833 0
    outer loop
      vertex 3.61612 0.883883 18.8
      vertex 3.73905 0.991692 19.8
      vertex 3.61612 0.883883 19.8
    endloop
  endfacet
  facet normal 0.659354 -0.751833 0
    outer loop
      vertex 3.73905 0.991692 19.8
      vertex 3.61612 0.883883 18.8
      vertex 3.73905 0.991692 18.8
    endloop
  endfacet
  facet normal -0.980784 0.195096 0
    outer loop
      vertex 5.70741 -0.323524 18.8
      vertex 5.73931 -0.163157 19.8
      vertex 5.73931 -0.163157 18.8
    endloop
  endfacet
  facet normal -0.980784 0.195096 0
    outer loop
      vertex 5.73931 -0.163157 19.8
      vertex 5.70741 -0.323524 18.8
      vertex 5.70741 -0.323524 19.8
    endloop
  endfacet
  facet normal -0.896867 0.442299 0
    outer loop
      vertex 5.58253 -0.625 18.8
      vertex 5.65485 -0.478354 19.8
      vertex 5.65485 -0.478354 18.8
    endloop
  endfacet
  facet normal -0.896867 0.442299 0
    outer loop
      vertex 5.65485 -0.478354 19.8
      vertex 5.58253 -0.625 18.8
      vertex 5.58253 -0.625 19.8
    endloop
  endfacet
  facet normal 0.980784 0.195096 0
    outer loop
      vertex 3.29259 -0.323524 19.8
      vertex 3.26069 -0.163157 18.8
      vertex 3.26069 -0.163157 19.8
    endloop
  endfacet
  facet normal 0.980784 0.195096 0
    outer loop
      vertex 3.26069 -0.163157 18.8
      vertex 3.29259 -0.323524 19.8
      vertex 3.29259 -0.323524 18.8
    endloop
  endfacet
  facet normal -0.195105 0.980782 0
    outer loop
      vertex 4.82352 -1.20741 18.8
      vertex 4.66316 -1.23931 19.8
      vertex 4.82352 -1.20741 19.8
    endloop
  endfacet
  facet normal -0.195105 0.980782 0
    outer loop
      vertex 4.66316 -1.23931 19.8
      vertex 4.82352 -1.20741 18.8
      vertex 4.66316 -1.23931 18.8
    endloop
  endfacet
  facet normal -0.896867 -0.442299 0
    outer loop
      vertex 5.65485 0.478354 18.8
      vertex 5.58253 0.625 19.8
      vertex 5.58253 0.625 18.8
    endloop
  endfacet
  facet normal -0.896867 -0.442299 0
    outer loop
      vertex 5.58253 0.625 19.8
      vertex 5.65485 0.478354 18.8
      vertex 5.65485 0.478354 19.8
    endloop
  endfacet
  facet normal -0.946926 -0.321452 0
    outer loop
      vertex 5.70741 0.323524 18.8
      vertex 5.65485 0.478354 19.8
      vertex 5.65485 0.478354 18.8
    endloop
  endfacet
  facet normal -0.946926 -0.321452 0
    outer loop
      vertex 5.65485 0.478354 19.8
      vertex 5.70741 0.323524 18.8
      vertex 5.70741 0.323524 19.8
    endloop
  endfacet
  facet normal -0.980784 -0.195096 0
    outer loop
      vertex 5.73931 0.163157 18.8
      vertex 5.70741 0.323524 19.8
      vertex 5.70741 0.323524 18.8
    endloop
  endfacet
  facet normal -0.980784 -0.195096 0
    outer loop
      vertex 5.70741 0.323524 19.8
      vertex 5.73931 0.163157 18.8
      vertex 5.73931 0.163157 19.8
    endloop
  endfacet
  facet normal 0.99786 -0.0653795 0
    outer loop
      vertex 3.25 0 19.8
      vertex 3.26069 0.163157 18.8
      vertex 3.26069 0.163157 19.8
    endloop
  endfacet
  facet normal 0.99786 -0.0653795 0
    outer loop
      vertex 3.26069 0.163157 18.8
      vertex 3.25 0 19.8
      vertex 3.25 0 18.8
    endloop
  endfacet
  facet normal 0.321452 -0.946926 0
    outer loop
      vertex 4.02165 1.15485 18.8
      vertex 4.17648 1.20741 19.8
      vertex 4.02165 1.15485 19.8
    endloop
  endfacet
  facet normal 0.321452 -0.946926 0
    outer loop
      vertex 4.17648 1.20741 19.8
      vertex 4.02165 1.15485 18.8
      vertex 4.17648 1.20741 18.8
    endloop
  endfacet
  facet normal -0.555566 0.831472 0
    outer loop
      vertex 5.26095 -0.991692 18.8
      vertex 5.125 -1.08253 19.8
      vertex 5.26095 -0.991692 19.8
    endloop
  endfacet
  facet normal -0.555566 0.831472 0
    outer loop
      vertex 5.125 -1.08253 19.8
      vertex 5.26095 -0.991692 18.8
      vertex 5.125 -1.08253 18.8
    endloop
  endfacet
  facet normal -0.751835 0.659351 0
    outer loop
      vertex 5.38388 -0.883883 18.8
      vertex 5.49169 -0.760951 19.8
      vertex 5.49169 -0.760951 18.8
    endloop
  endfacet
  facet normal -0.751835 0.659351 0
    outer loop
      vertex 5.49169 -0.760951 19.8
      vertex 5.38388 -0.883883 18.8
      vertex 5.38388 -0.883883 19.8
    endloop
  endfacet
  facet normal 0.321452 0.946926 -0
    outer loop
      vertex 4.17648 -1.20741 18.8
      vertex 4.02165 -1.15485 19.8
      vertex 4.17648 -1.20741 19.8
    endloop
  endfacet
  facet normal 0.321452 0.946926 0
    outer loop
      vertex 4.02165 -1.15485 19.8
      vertex 4.17648 -1.20741 18.8
      vertex 4.02165 -1.15485 18.8
    endloop
  endfacet
  facet normal -0.0653783 0.997861 0
    outer loop
      vertex 4.66316 -1.23931 18.8
      vertex 4.5 -1.25 19.8
      vertex 4.66316 -1.23931 19.8
    endloop
  endfacet
  facet normal -0.0653783 0.997861 0
    outer loop
      vertex 4.5 -1.25 19.8
      vertex 4.66316 -1.23931 18.8
      vertex 4.5 -1.25 18.8
    endloop
  endfacet
  facet normal 0.896867 0.442299 0
    outer loop
      vertex 3.41747 -0.625 19.8
      vertex 3.34515 -0.478354 18.8
      vertex 3.34515 -0.478354 19.8
    endloop
  endfacet
  facet normal 0.896867 0.442299 0
    outer loop
      vertex 3.34515 -0.478354 18.8
      vertex 3.41747 -0.625 19.8
      vertex 3.41747 -0.625 18.8
    endloop
  endfacet
  facet normal 0.946926 0.321452 0
    outer loop
      vertex 3.34515 -0.478354 19.8
      vertex 3.29259 -0.323524 18.8
      vertex 3.29259 -0.323524 19.8
    endloop
  endfacet
  facet normal 0.946926 0.321452 0
    outer loop
      vertex 3.29259 -0.323524 18.8
      vertex 3.34515 -0.478354 19.8
      vertex 3.34515 -0.478354 18.8
    endloop
  endfacet
  facet normal 0.659354 0.751833 -0
    outer loop
      vertex 3.73905 -0.991692 18.8
      vertex 3.61612 -0.883883 19.8
      vertex 3.73905 -0.991692 19.8
    endloop
  endfacet
  facet normal 0.659354 0.751833 0
    outer loop
      vertex 3.61612 -0.883883 19.8
      vertex 3.73905 -0.991692 18.8
      vertex 3.61612 -0.883883 18.8
    endloop
  endfacet
  facet normal -0.659354 0.751833 0
    outer loop
      vertex 5.38388 -0.883883 18.8
      vertex 5.26095 -0.991692 19.8
      vertex 5.38388 -0.883883 19.8
    endloop
  endfacet
  facet normal -0.659354 0.751833 0
    outer loop
      vertex 5.26095 -0.991692 19.8
      vertex 5.38388 -0.883883 18.8
      vertex 5.26095 -0.991692 18.8
    endloop
  endfacet
  facet normal -0.831468 0.555572 0
    outer loop
      vertex 5.49169 -0.760951 18.8
      vertex 5.58253 -0.625 19.8
      vertex 5.58253 -0.625 18.8
    endloop
  endfacet
  facet normal -0.831468 0.555572 0
    outer loop
      vertex 5.58253 -0.625 19.8
      vertex 5.49169 -0.760951 18.8
      vertex 5.49169 -0.760951 19.8
    endloop
  endfacet
  facet normal 0.555566 0.831472 -0
    outer loop
      vertex 3.875 -1.08253 18.8
      vertex 3.73905 -0.991692 19.8
      vertex 3.875 -1.08253 19.8
    endloop
  endfacet
  facet normal 0.555566 0.831472 0
    outer loop
      vertex 3.73905 -0.991692 19.8
      vertex 3.875 -1.08253 18.8
      vertex 3.73905 -0.991692 18.8
    endloop
  endfacet
  facet normal 0.195105 0.980782 -0
    outer loop
      vertex 4.33684 -1.23931 18.8
      vertex 4.17648 -1.20741 19.8
      vertex 4.33684 -1.23931 19.8
    endloop
  endfacet
  facet normal 0.195105 0.980782 0
    outer loop
      vertex 4.17648 -1.20741 19.8
      vertex 4.33684 -1.23931 18.8
      vertex 4.17648 -1.20741 18.8
    endloop
  endfacet
  facet normal 0.831468 0.555572 0
    outer loop
      vertex 3.50831 -0.760951 19.8
      vertex 3.41747 -0.625 18.8
      vertex 3.41747 -0.625 19.8
    endloop
  endfacet
  facet normal 0.831468 0.555572 0
    outer loop
      vertex 3.41747 -0.625 18.8
      vertex 3.50831 -0.760951 19.8
      vertex 3.50831 -0.760951 18.8
    endloop
  endfacet
  facet normal 0.44229 0.896872 -0
    outer loop
      vertex 4.02165 -1.15485 18.8
      vertex 3.875 -1.08253 19.8
      vertex 4.02165 -1.15485 19.8
    endloop
  endfacet
  facet normal 0.44229 0.896872 0
    outer loop
      vertex 3.875 -1.08253 19.8
      vertex 4.02165 -1.15485 18.8
      vertex 3.875 -1.08253 18.8
    endloop
  endfacet
  facet normal 0.0653783 0.997861 -0
    outer loop
      vertex 4.5 -1.25 18.8
      vertex 4.33684 -1.23931 19.8
      vertex 4.5 -1.25 19.8
    endloop
  endfacet
  facet normal 0.0653783 0.997861 0
    outer loop
      vertex 4.33684 -1.23931 19.8
      vertex 4.5 -1.25 18.8
      vertex 4.33684 -1.23931 18.8
    endloop
  endfacet
  facet normal 0.751835 0.659351 0
    outer loop
      vertex 3.61612 -0.883883 19.8
      vertex 3.50831 -0.760951 18.8
      vertex 3.50831 -0.760951 19.8
    endloop
  endfacet
  facet normal 0.751835 0.659351 0
    outer loop
      vertex 3.50831 -0.760951 18.8
      vertex 3.61612 -0.883883 19.8
      vertex 3.61612 -0.883883 18.8
    endloop
  endfacet
  facet normal -0.997861 -0.0653783 0
    outer loop
      vertex 5.75 6 18.8
      vertex 5.73931 6.16316 19.8
      vertex 5.73931 6.16316 18.8
    endloop
  endfacet
  facet normal -0.997861 -0.0653783 0
    outer loop
      vertex 5.73931 6.16316 19.8
      vertex 5.75 6 18.8
      vertex 5.75 6 19.8
    endloop
  endfacet
  facet normal 0.0653783 -0.997861 0
    outer loop
      vertex 4.33684 7.23931 18.8
      vertex 4.5 7.25 19.8
      vertex 4.33684 7.23931 19.8
    endloop
  endfacet
  facet normal 0.0653783 -0.997861 0
    outer loop
      vertex 4.5 7.25 19.8
      vertex 4.33684 7.23931 18.8
      vertex 4.5 7.25 18.8
    endloop
  endfacet
  facet normal -0.659357 -0.75183 0
    outer loop
      vertex 5.26095 6.99169 18.8
      vertex 5.38388 6.88388 19.8
      vertex 5.26095 6.99169 19.8
    endloop
  endfacet
  facet normal -0.659357 -0.75183 -0
    outer loop
      vertex 5.38388 6.88388 19.8
      vertex 5.26095 6.99169 18.8
      vertex 5.38388 6.88388 18.8
    endloop
  endfacet
  facet normal 0.75183 -0.659357 0
    outer loop
      vertex 3.50831 6.76095 19.8
      vertex 3.61612 6.88388 18.8
      vertex 3.61612 6.88388 19.8
    endloop
  endfacet
  facet normal 0.75183 -0.659357 0
    outer loop
      vertex 3.61612 6.88388 18.8
      vertex 3.50831 6.76095 19.8
      vertex 3.50831 6.76095 18.8
    endloop
  endfacet
  facet normal 0.44229 -0.896872 0
    outer loop
      vertex 3.875 7.08253 18.8
      vertex 4.02165 7.15485 19.8
      vertex 3.875 7.08253 19.8
    endloop
  endfacet
  facet normal 0.44229 -0.896872 0
    outer loop
      vertex 4.02165 7.15485 19.8
      vertex 3.875 7.08253 18.8
      vertex 4.02165 7.15485 18.8
    endloop
  endfacet
  facet normal 0.659357 0.75183 -0
    outer loop
      vertex 3.73905 5.00831 18.8
      vertex 3.61612 5.11612 19.8
      vertex 3.73905 5.00831 19.8
    endloop
  endfacet
  facet normal 0.659357 0.75183 0
    outer loop
      vertex 3.61612 5.11612 19.8
      vertex 3.73905 5.00831 18.8
      vertex 3.61612 5.11612 18.8
    endloop
  endfacet
  facet normal -0.946926 -0.321452 0
    outer loop
      vertex 5.70741 6.32352 18.8
      vertex 5.65485 6.47835 19.8
      vertex 5.65485 6.47835 18.8
    endloop
  endfacet
  facet normal -0.946926 -0.321452 0
    outer loop
      vertex 5.65485 6.47835 19.8
      vertex 5.70741 6.32352 18.8
      vertex 5.70741 6.32352 19.8
    endloop
  endfacet
  facet normal -0.980782 -0.195105 0
    outer loop
      vertex 5.73931 6.16316 18.8
      vertex 5.70741 6.32352 19.8
      vertex 5.70741 6.32352 18.8
    endloop
  endfacet
  facet normal -0.980782 -0.195105 0
    outer loop
      vertex 5.70741 6.32352 19.8
      vertex 5.73931 6.16316 18.8
      vertex 5.73931 6.16316 19.8
    endloop
  endfacet
  facet normal -0.321452 -0.946926 0
    outer loop
      vertex 4.82352 7.20741 18.8
      vertex 4.97835 7.15485 19.8
      vertex 4.82352 7.20741 19.8
    endloop
  endfacet
  facet normal -0.321452 -0.946926 -0
    outer loop
      vertex 4.97835 7.15485 19.8
      vertex 4.82352 7.20741 18.8
      vertex 4.97835 7.15485 18.8
    endloop
  endfacet
  facet normal -0.0653783 -0.997861 0
    outer loop
      vertex 4.5 7.25 18.8
      vertex 4.66316 7.23931 19.8
      vertex 4.5 7.25 19.8
    endloop
  endfacet
  facet normal -0.0653783 -0.997861 -0
    outer loop
      vertex 4.66316 7.23931 19.8
      vertex 4.5 7.25 18.8
      vertex 4.66316 7.23931 18.8
    endloop
  endfacet
  facet normal -0.555575 -0.831466 0
    outer loop
      vertex 5.125 7.08253 18.8
      vertex 5.26095 6.99169 19.8
      vertex 5.125 7.08253 19.8
    endloop
  endfacet
  facet normal -0.555575 -0.831466 -0
    outer loop
      vertex 5.26095 6.99169 19.8
      vertex 5.125 7.08253 18.8
      vertex 5.26095 6.99169 18.8
    endloop
  endfacet
  facet normal 0.946926 -0.321452 0
    outer loop
      vertex 3.29259 6.32352 19.8
      vertex 3.34515 6.47835 18.8
      vertex 3.34515 6.47835 19.8
    endloop
  endfacet
  facet normal 0.946926 -0.321452 0
    outer loop
      vertex 3.34515 6.47835 18.8
      vertex 3.29259 6.32352 19.8
      vertex 3.29259 6.32352 18.8
    endloop
  endfacet
  facet normal 0.896872 -0.44229 0
    outer loop
      vertex 3.34515 6.47835 19.8
      vertex 3.41747 6.625 18.8
      vertex 3.41747 6.625 19.8
    endloop
  endfacet
  facet normal 0.896872 -0.44229 0
    outer loop
      vertex 3.41747 6.625 18.8
      vertex 3.34515 6.47835 19.8
      vertex 3.34515 6.47835 18.8
    endloop
  endfacet
  facet normal 0.980782 -0.195105 0
    outer loop
      vertex 3.26069 6.16316 19.8
      vertex 3.29259 6.32352 18.8
      vertex 3.29259 6.32352 19.8
    endloop
  endfacet
  facet normal 0.980782 -0.195105 0
    outer loop
      vertex 3.29259 6.32352 18.8
      vertex 3.26069 6.16316 19.8
      vertex 3.26069 6.16316 18.8
    endloop
  endfacet
  facet normal 0.997861 0.0653783 0
    outer loop
      vertex 3.26069 5.83684 19.8
      vertex 3.25 6 18.8
      vertex 3.25 6 19.8
    endloop
  endfacet
  facet normal 0.997861 0.0653783 0
    outer loop
      vertex 3.25 6 18.8
      vertex 3.26069 5.83684 19.8
      vertex 3.26069 5.83684 18.8
    endloop
  endfacet
  facet normal 0.659357 -0.75183 0
    outer loop
      vertex 3.61612 6.88388 18.8
      vertex 3.73905 6.99169 19.8
      vertex 3.61612 6.88388 19.8
    endloop
  endfacet
  facet normal 0.659357 -0.75183 0
    outer loop
      vertex 3.73905 6.99169 19.8
      vertex 3.61612 6.88388 18.8
      vertex 3.73905 6.99169 18.8
    endloop
  endfacet
  facet normal 0.195105 -0.980782 0
    outer loop
      vertex 4.17648 7.20741 18.8
      vertex 4.33684 7.23931 19.8
      vertex 4.17648 7.20741 19.8
    endloop
  endfacet
  facet normal 0.195105 -0.980782 0
    outer loop
      vertex 4.33684 7.23931 19.8
      vertex 4.17648 7.20741 18.8
      vertex 4.33684 7.23931 18.8
    endloop
  endfacet
  facet normal -0.997861 0.0653783 0
    outer loop
      vertex 5.73931 5.83684 18.8
      vertex 5.75 6 19.8
      vertex 5.75 6 18.8
    endloop
  endfacet
  facet normal -0.997861 0.0653783 0
    outer loop
      vertex 5.75 6 19.8
      vertex 5.73931 5.83684 18.8
      vertex 5.73931 5.83684 19.8
    endloop
  endfacet
  facet normal -0.321452 0.946926 0
    outer loop
      vertex 4.97835 4.84515 18.8
      vertex 4.82352 4.79259 19.8
      vertex 4.97835 4.84515 19.8
    endloop
  endfacet
  facet normal -0.321452 0.946926 0
    outer loop
      vertex 4.82352 4.79259 19.8
      vertex 4.97835 4.84515 18.8
      vertex 4.82352 4.79259 18.8
    endloop
  endfacet
  facet normal -0.195105 0.980782 0
    outer loop
      vertex 4.82352 4.79259 18.8
      vertex 4.66316 4.76069 19.8
      vertex 4.82352 4.79259 19.8
    endloop
  endfacet
  facet normal -0.195105 0.980782 0
    outer loop
      vertex 4.66316 4.76069 19.8
      vertex 4.82352 4.79259 18.8
      vertex 4.66316 4.76069 18.8
    endloop
  endfacet
  facet normal -0.980782 0.195105 0
    outer loop
      vertex 5.70741 5.67648 18.8
      vertex 5.73931 5.83684 19.8
      vertex 5.73931 5.83684 18.8
    endloop
  endfacet
  facet normal -0.980782 0.195105 0
    outer loop
      vertex 5.73931 5.83684 19.8
      vertex 5.70741 5.67648 18.8
      vertex 5.70741 5.67648 19.8
    endloop
  endfacet
  facet normal 0.195105 0.980782 -0
    outer loop
      vertex 4.33684 4.76069 18.8
      vertex 4.17648 4.79259 19.8
      vertex 4.33684 4.76069 19.8
    endloop
  endfacet
  facet normal 0.195105 0.980782 0
    outer loop
      vertex 4.17648 4.79259 19.8
      vertex 4.33684 4.76069 18.8
      vertex 4.17648 4.79259 18.8
    endloop
  endfacet
  facet normal 0.321452 0.946926 -0
    outer loop
      vertex 4.17648 4.79259 18.8
      vertex 4.02165 4.84515 19.8
      vertex 4.17648 4.79259 19.8
    endloop
  endfacet
  facet normal 0.321452 0.946926 0
    outer loop
      vertex 4.02165 4.84515 19.8
      vertex 4.17648 4.79259 18.8
      vertex 4.02165 4.84515 18.8
    endloop
  endfacet
  facet normal 0.980782 0.195105 0
    outer loop
      vertex 3.29259 5.67648 19.8
      vertex 3.26069 5.83684 18.8
      vertex 3.26069 5.83684 19.8
    endloop
  endfacet
  facet normal 0.980782 0.195105 0
    outer loop
      vertex 3.26069 5.83684 18.8
      vertex 3.29259 5.67648 19.8
      vertex 3.29259 5.67648 18.8
    endloop
  endfacet
  facet normal -0.896872 -0.44229 0
    outer loop
      vertex 5.65485 6.47835 18.8
      vertex 5.58253 6.625 19.8
      vertex 5.58253 6.625 18.8
    endloop
  endfacet
  facet normal -0.896872 -0.44229 0
    outer loop
      vertex 5.58253 6.625 19.8
      vertex 5.65485 6.47835 18.8
      vertex 5.65485 6.47835 19.8
    endloop
  endfacet
  facet normal -0.831466 -0.555575 0
    outer loop
      vertex 5.58253 6.625 18.8
      vertex 5.49169 6.76095 19.8
      vertex 5.49169 6.76095 18.8
    endloop
  endfacet
  facet normal -0.831466 -0.555575 0
    outer loop
      vertex 5.49169 6.76095 19.8
      vertex 5.58253 6.625 18.8
      vertex 5.58253 6.625 19.8
    endloop
  endfacet
  facet normal -0.75183 -0.659357 0
    outer loop
      vertex 5.49169 6.76095 18.8
      vertex 5.38388 6.88388 19.8
      vertex 5.38388 6.88388 18.8
    endloop
  endfacet
  facet normal -0.75183 -0.659357 0
    outer loop
      vertex 5.38388 6.88388 19.8
      vertex 5.49169 6.76095 18.8
      vertex 5.49169 6.76095 19.8
    endloop
  endfacet
  facet normal -0.195105 -0.980782 0
    outer loop
      vertex 4.66316 7.23931 18.8
      vertex 4.82352 7.20741 19.8
      vertex 4.66316 7.23931 19.8
    endloop
  endfacet
  facet normal -0.195105 -0.980782 -0
    outer loop
      vertex 4.82352 7.20741 19.8
      vertex 4.66316 7.23931 18.8
      vertex 4.82352 7.20741 18.8
    endloop
  endfacet
  facet normal -0.44229 -0.896872 0
    outer loop
      vertex 4.97835 7.15485 18.8
      vertex 5.125 7.08253 19.8
      vertex 4.97835 7.15485 19.8
    endloop
  endfacet
  facet normal -0.44229 -0.896872 -0
    outer loop
      vertex 5.125 7.08253 19.8
      vertex 4.97835 7.15485 18.8
      vertex 5.125 7.08253 18.8
    endloop
  endfacet
  facet normal 0.831466 -0.555575 0
    outer loop
      vertex 3.41747 6.625 19.8
      vertex 3.50831 6.76095 18.8
      vertex 3.50831 6.76095 19.8
    endloop
  endfacet
  facet normal 0.831466 -0.555575 0
    outer loop
      vertex 3.50831 6.76095 18.8
      vertex 3.41747 6.625 19.8
      vertex 3.41747 6.625 18.8
    endloop
  endfacet
  facet normal 0.997861 -0.0653783 0
    outer loop
      vertex 3.25 6 19.8
      vertex 3.26069 6.16316 18.8
      vertex 3.26069 6.16316 19.8
    endloop
  endfacet
  facet normal 0.997861 -0.0653783 0
    outer loop
      vertex 3.26069 6.16316 18.8
      vertex 3.25 6 19.8
      vertex 3.25 6 18.8
    endloop
  endfacet
  facet normal 0.321452 -0.946926 0
    outer loop
      vertex 4.02165 7.15485 18.8
      vertex 4.17648 7.20741 19.8
      vertex 4.02165 7.15485 19.8
    endloop
  endfacet
  facet normal 0.321452 -0.946926 0
    outer loop
      vertex 4.17648 7.20741 19.8
      vertex 4.02165 7.15485 18.8
      vertex 4.17648 7.20741 18.8
    endloop
  endfacet
  facet normal -0.555575 0.831466 0
    outer loop
      vertex 5.26095 5.00831 18.8
      vertex 5.125 4.91747 19.8
      vertex 5.26095 5.00831 19.8
    endloop
  endfacet
  facet normal -0.555575 0.831466 0
    outer loop
      vertex 5.125 4.91747 19.8
      vertex 5.26095 5.00831 18.8
      vertex 5.125 4.91747 18.8
    endloop
  endfacet
  facet normal -0.75183 0.659357 0
    outer loop
      vertex 5.38388 5.11612 18.8
      vertex 5.49169 5.23905 19.8
      vertex 5.49169 5.23905 18.8
    endloop
  endfacet
  facet normal -0.75183 0.659357 0
    outer loop
      vertex 5.49169 5.23905 19.8
      vertex 5.38388 5.11612 18.8
      vertex 5.38388 5.11612 19.8
    endloop
  endfacet
  facet normal -0.946926 0.321452 0
    outer loop
      vertex 5.65485 5.52165 18.8
      vertex 5.70741 5.67648 19.8
      vertex 5.70741 5.67648 18.8
    endloop
  endfacet
  facet normal -0.946926 0.321452 0
    outer loop
      vertex 5.70741 5.67648 19.8
      vertex 5.65485 5.52165 18.8
      vertex 5.65485 5.52165 19.8
    endloop
  endfacet
  facet normal -0.831466 0.555575 0
    outer loop
      vertex 5.49169 5.23905 18.8
      vertex 5.58253 5.375 19.8
      vertex 5.58253 5.375 18.8
    endloop
  endfacet
  facet normal -0.831466 0.555575 0
    outer loop
      vertex 5.58253 5.375 19.8
      vertex 5.49169 5.23905 18.8
      vertex 5.49169 5.23905 19.8
    endloop
  endfacet
  facet normal -0.896872 0.44229 0
    outer loop
      vertex 5.58253 5.375 18.8
      vertex 5.65485 5.52165 19.8
      vertex 5.65485 5.52165 18.8
    endloop
  endfacet
  facet normal -0.896872 0.44229 0
    outer loop
      vertex 5.65485 5.52165 19.8
      vertex 5.58253 5.375 18.8
      vertex 5.58253 5.375 19.8
    endloop
  endfacet
  facet normal 0.0653783 0.997861 -0
    outer loop
      vertex 4.5 4.75 18.8
      vertex 4.33684 4.76069 19.8
      vertex 4.5 4.75 19.8
    endloop
  endfacet
  facet normal 0.0653783 0.997861 0
    outer loop
      vertex 4.33684 4.76069 19.8
      vertex 4.5 4.75 18.8
      vertex 4.33684 4.76069 18.8
    endloop
  endfacet
  facet normal 0.555575 0.831466 -0
    outer loop
      vertex 3.875 4.91747 18.8
      vertex 3.73905 5.00831 19.8
      vertex 3.875 4.91747 19.8
    endloop
  endfacet
  facet normal 0.555575 0.831466 0
    outer loop
      vertex 3.73905 5.00831 19.8
      vertex 3.875 4.91747 18.8
      vertex 3.73905 5.00831 18.8
    endloop
  endfacet
  facet normal -0.0653783 0.997861 0
    outer loop
      vertex 4.66316 4.76069 18.8
      vertex 4.5 4.75 19.8
      vertex 4.66316 4.76069 19.8
    endloop
  endfacet
  facet normal -0.0653783 0.997861 0
    outer loop
      vertex 4.5 4.75 19.8
      vertex 4.66316 4.76069 18.8
      vertex 4.5 4.75 18.8
    endloop
  endfacet
  facet normal 0.44229 0.896872 -0
    outer loop
      vertex 4.02165 4.84515 18.8
      vertex 3.875 4.91747 19.8
      vertex 4.02165 4.84515 19.8
    endloop
  endfacet
  facet normal 0.44229 0.896872 0
    outer loop
      vertex 3.875 4.91747 19.8
      vertex 4.02165 4.84515 18.8
      vertex 3.875 4.91747 18.8
    endloop
  endfacet
  facet normal 0.831466 0.555575 0
    outer loop
      vertex 3.50831 5.23905 19.8
      vertex 3.41747 5.375 18.8
      vertex 3.41747 5.375 19.8
    endloop
  endfacet
  facet normal 0.831466 0.555575 0
    outer loop
      vertex 3.41747 5.375 18.8
      vertex 3.50831 5.23905 19.8
      vertex 3.50831 5.23905 18.8
    endloop
  endfacet
  facet normal 0.946926 0.321452 0
    outer loop
      vertex 3.34515 5.52165 19.8
      vertex 3.29259 5.67648 18.8
      vertex 3.29259 5.67648 19.8
    endloop
  endfacet
  facet normal 0.946926 0.321452 0
    outer loop
      vertex 3.29259 5.67648 18.8
      vertex 3.34515 5.52165 19.8
      vertex 3.34515 5.52165 18.8
    endloop
  endfacet
  facet normal 0.555575 -0.831466 0
    outer loop
      vertex 3.73905 6.99169 18.8
      vertex 3.875 7.08253 19.8
      vertex 3.73905 6.99169 19.8
    endloop
  endfacet
  facet normal 0.555575 -0.831466 0
    outer loop
      vertex 3.875 7.08253 19.8
      vertex 3.73905 6.99169 18.8
      vertex 3.875 7.08253 18.8
    endloop
  endfacet
  facet normal -0.44229 0.896872 0
    outer loop
      vertex 5.125 4.91747 18.8
      vertex 4.97835 4.84515 19.8
      vertex 5.125 4.91747 19.8
    endloop
  endfacet
  facet normal -0.44229 0.896872 0
    outer loop
      vertex 4.97835 4.84515 19.8
      vertex 5.125 4.91747 18.8
      vertex 4.97835 4.84515 18.8
    endloop
  endfacet
  facet normal -0.659357 0.75183 0
    outer loop
      vertex 5.38388 5.11612 18.8
      vertex 5.26095 5.00831 19.8
      vertex 5.38388 5.11612 19.8
    endloop
  endfacet
  facet normal -0.659357 0.75183 0
    outer loop
      vertex 5.26095 5.00831 19.8
      vertex 5.38388 5.11612 18.8
      vertex 5.26095 5.00831 18.8
    endloop
  endfacet
  facet normal 0.75183 0.659357 0
    outer loop
      vertex 3.61612 5.11612 19.8
      vertex 3.50831 5.23905 18.8
      vertex 3.50831 5.23905 19.8
    endloop
  endfacet
  facet normal 0.75183 0.659357 0
    outer loop
      vertex 3.50831 5.23905 18.8
      vertex 3.61612 5.11612 19.8
      vertex 3.61612 5.11612 18.8
    endloop
  endfacet
  facet normal 0.896872 0.44229 0
    outer loop
      vertex 3.41747 5.375 19.8
      vertex 3.34515 5.52165 18.8
      vertex 3.34515 5.52165 19.8
    endloop
  endfacet
  facet normal 0.896872 0.44229 0
    outer loop
      vertex 3.34515 5.52165 18.8
      vertex 3.41747 5.375 19.8
      vertex 3.41747 5.375 18.8
    endloop
  endfacet
  facet normal -0.831551 -0.555448 0
    outer loop
      vertex 10.0825 -5.375 18.8
      vertex 9.99169 -5.23905 19.8
      vertex 9.99169 -5.23905 18.8
    endloop
  endfacet
  facet normal -0.831551 -0.555448 0
    outer loop
      vertex 9.99169 -5.23905 19.8
      vertex 10.0825 -5.375 18.8
      vertex 10.0825 -5.375 19.8
    endloop
  endfacet
  facet normal -0.321452 -0.946926 0
    outer loop
      vertex 9.32352 -4.79259 18.8
      vertex 9.47835 -4.84515 19.8
      vertex 9.32352 -4.79259 19.8
    endloop
  endfacet
  facet normal -0.321452 -0.946926 -0
    outer loop
      vertex 9.47835 -4.84515 19.8
      vertex 9.32352 -4.79259 18.8
      vertex 9.47835 -4.84515 18.8
    endloop
  endfacet
  facet normal 0.44229 -0.896872 0
    outer loop
      vertex 8.375 -4.91747 18.8
      vertex 8.52165 -4.84515 19.8
      vertex 8.375 -4.91747 19.8
    endloop
  endfacet
  facet normal 0.44229 -0.896872 0
    outer loop
      vertex 8.52165 -4.84515 19.8
      vertex 8.375 -4.91747 18.8
      vertex 8.52165 -4.84515 18.8
    endloop
  endfacet
  facet normal 0.946926 -0.321452 0
    outer loop
      vertex 7.79259 -5.67648 19.8
      vertex 7.84515 -5.52165 18.8
      vertex 7.84515 -5.52165 19.8
    endloop
  endfacet
  facet normal 0.946926 -0.321452 0
    outer loop
      vertex 7.84515 -5.52165 18.8
      vertex 7.79259 -5.67648 19.8
      vertex 7.79259 -5.67648 18.8
    endloop
  endfacet
  facet normal -0.980782 0.195105 0
    outer loop
      vertex 10.2074 -6.32352 18.8
      vertex 10.2393 -6.16316 19.8
      vertex 10.2393 -6.16316 18.8
    endloop
  endfacet
  facet normal -0.980782 0.195105 0
    outer loop
      vertex 10.2393 -6.16316 19.8
      vertex 10.2074 -6.32352 18.8
      vertex 10.2074 -6.32352 19.8
    endloop
  endfacet
  facet normal -0.659357 -0.75183 0
    outer loop
      vertex 9.76095 -5.00831 18.8
      vertex 9.88388 -5.11612 19.8
      vertex 9.76095 -5.00831 19.8
    endloop
  endfacet
  facet normal -0.659357 -0.75183 -0
    outer loop
      vertex 9.88388 -5.11612 19.8
      vertex 9.76095 -5.00831 18.8
      vertex 9.88388 -5.11612 18.8
    endloop
  endfacet
  facet normal -0.0653783 -0.997861 0
    outer loop
      vertex 9 -4.75 18.8
      vertex 9.16316 -4.76069 19.8
      vertex 9 -4.75 19.8
    endloop
  endfacet
  facet normal -0.0653783 -0.997861 -0
    outer loop
      vertex 9.16316 -4.76069 19.8
      vertex 9 -4.75 18.8
      vertex 9.16316 -4.76069 18.8
    endloop
  endfacet
  facet normal -0.44229 -0.896872 0
    outer loop
      vertex 9.47835 -4.84515 18.8
      vertex 9.625 -4.91747 19.8
      vertex 9.47835 -4.84515 19.8
    endloop
  endfacet
  facet normal -0.44229 -0.896872 -0
    outer loop
      vertex 9.625 -4.91747 19.8
      vertex 9.47835 -4.84515 18.8
      vertex 9.625 -4.91747 18.8
    endloop
  endfacet
  facet normal 0.997861 -0.0653783 0
    outer loop
      vertex 7.75 -6 19.8
      vertex 7.76069 -5.83684 18.8
      vertex 7.76069 -5.83684 19.8
    endloop
  endfacet
  facet normal 0.997861 -0.0653783 0
    outer loop
      vertex 7.76069 -5.83684 18.8
      vertex 7.75 -6 19.8
      vertex 7.75 -6 18.8
    endloop
  endfacet
  facet normal 0.831466 -0.555575 0
    outer loop
      vertex 7.91747 -5.375 19.8
      vertex 8.00831 -5.23905 18.8
      vertex 8.00831 -5.23905 19.8
    endloop
  endfacet
  facet normal 0.831466 -0.555575 0
    outer loop
      vertex 8.00831 -5.23905 18.8
      vertex 7.91747 -5.375 19.8
      vertex 7.91747 -5.375 18.8
    endloop
  endfacet
  facet normal 0.195105 -0.980782 0
    outer loop
      vertex 8.67648 -4.79259 18.8
      vertex 8.83684 -4.76069 19.8
      vertex 8.67648 -4.79259 19.8
    endloop
  endfacet
  facet normal 0.195105 -0.980782 0
    outer loop
      vertex 8.83684 -4.76069 19.8
      vertex 8.67648 -4.79259 18.8
      vertex 8.83684 -4.76069 18.8
    endloop
  endfacet
  facet normal 0.75183 -0.659357 0
    outer loop
      vertex 8.00831 -5.23905 19.8
      vertex 8.11612 -5.11612 18.8
      vertex 8.11612 -5.11612 19.8
    endloop
  endfacet
  facet normal 0.75183 -0.659357 0
    outer loop
      vertex 8.11612 -5.11612 18.8
      vertex 8.00831 -5.23905 19.8
      vertex 8.00831 -5.23905 18.8
    endloop
  endfacet
  facet normal -0.997857 -0.0654392 0
    outer loop
      vertex 10.25 -6 18.8
      vertex 10.2393 -5.83684 19.8
      vertex 10.2393 -5.83684 18.8
    endloop
  endfacet
  facet normal -0.997857 -0.0654392 0
    outer loop
      vertex 10.2393 -5.83684 19.8
      vertex 10.25 -6 18.8
      vertex 10.25 -6 19.8
    endloop
  endfacet
  facet normal -0.555575 0.831466 0
    outer loop
      vertex 9.76095 -6.99169 18.8
      vertex 9.625 -7.08253 19.8
      vertex 9.76095 -6.99169 19.8
    endloop
  endfacet
  facet normal -0.555575 0.831466 0
    outer loop
      vertex 9.625 -7.08253 19.8
      vertex 9.76095 -6.99169 18.8
      vertex 9.625 -7.08253 18.8
    endloop
  endfacet
  facet normal -0.946851 0.321671 0
    outer loop
      vertex 10.1548 -6.47835 18.8
      vertex 10.2074 -6.32352 19.8
      vertex 10.2074 -6.32352 18.8
    endloop
  endfacet
  facet normal -0.946851 0.321671 0
    outer loop
      vertex 10.2074 -6.32352 19.8
      vertex 10.1548 -6.47835 18.8
      vertex 10.1548 -6.47835 19.8
    endloop
  endfacet
  facet normal -0.75183 -0.659357 0
    outer loop
      vertex 9.99169 -5.23905 18.8
      vertex 9.88388 -5.11612 19.8
      vertex 9.88388 -5.11612 18.8
    endloop
  endfacet
  facet normal -0.75183 -0.659357 0
    outer loop
      vertex 9.88388 -5.11612 19.8
      vertex 9.99169 -5.23905 18.8
      vertex 9.99169 -5.23905 19.8
    endloop
  endfacet
  facet normal 0.0653783 -0.997861 0
    outer loop
      vertex 8.83684 -4.76069 18.8
      vertex 9 -4.75 19.8
      vertex 8.83684 -4.76069 19.8
    endloop
  endfacet
  facet normal 0.0653783 -0.997861 0
    outer loop
      vertex 9 -4.75 19.8
      vertex 8.83684 -4.76069 18.8
      vertex 9 -4.75 18.8
    endloop
  endfacet
  facet normal -0.195105 -0.980782 0
    outer loop
      vertex 9.16316 -4.76069 18.8
      vertex 9.32352 -4.79259 19.8
      vertex 9.16316 -4.76069 19.8
    endloop
  endfacet
  facet normal -0.195105 -0.980782 -0
    outer loop
      vertex 9.32352 -4.79259 19.8
      vertex 9.16316 -4.76069 18.8
      vertex 9.32352 -4.79259 18.8
    endloop
  endfacet
  facet normal -0.555575 -0.831466 0
    outer loop
      vertex 9.625 -4.91747 18.8
      vertex 9.76095 -5.00831 19.8
      vertex 9.625 -4.91747 19.8
    endloop
  endfacet
  facet normal -0.555575 -0.831466 -0
    outer loop
      vertex 9.76095 -5.00831 19.8
      vertex 9.625 -4.91747 18.8
      vertex 9.76095 -5.00831 18.8
    endloop
  endfacet
  facet normal 0.997861 0.0653783 0
    outer loop
      vertex 7.76069 -6.16316 19.8
      vertex 7.75 -6 18.8
      vertex 7.75 -6 19.8
    endloop
  endfacet
  facet normal 0.997861 0.0653783 0
    outer loop
      vertex 7.75 -6 18.8
      vertex 7.76069 -6.16316 19.8
      vertex 7.76069 -6.16316 18.8
    endloop
  endfacet
  facet normal 0.980782 -0.195105 0
    outer loop
      vertex 7.76069 -5.83684 19.8
      vertex 7.79259 -5.67648 18.8
      vertex 7.79259 -5.67648 19.8
    endloop
  endfacet
  facet normal 0.980782 -0.195105 0
    outer loop
      vertex 7.79259 -5.67648 18.8
      vertex 7.76069 -5.83684 19.8
      vertex 7.76069 -5.83684 18.8
    endloop
  endfacet
  facet normal 0.896872 -0.44229 0
    outer loop
      vertex 7.84515 -5.52165 19.8
      vertex 7.91747 -5.375 18.8
      vertex 7.91747 -5.375 19.8
    endloop
  endfacet
  facet normal 0.896872 -0.44229 0
    outer loop
      vertex 7.91747 -5.375 18.8
      vertex 7.84515 -5.52165 19.8
      vertex 7.84515 -5.52165 18.8
    endloop
  endfacet
  facet normal 0.321452 -0.946926 0
    outer loop
      vertex 8.52165 -4.84515 18.8
      vertex 8.67648 -4.79259 19.8
      vertex 8.52165 -4.84515 19.8
    endloop
  endfacet
  facet normal 0.321452 -0.946926 0
    outer loop
      vertex 8.67648 -4.79259 19.8
      vertex 8.52165 -4.84515 18.8
      vertex 8.67648 -4.79259 18.8
    endloop
  endfacet
  facet normal 0.659357 -0.75183 0
    outer loop
      vertex 8.11612 -5.11612 18.8
      vertex 8.23905 -5.00831 19.8
      vertex 8.11612 -5.11612 19.8
    endloop
  endfacet
  facet normal 0.659357 -0.75183 0
    outer loop
      vertex 8.23905 -5.00831 19.8
      vertex 8.11612 -5.11612 18.8
      vertex 8.23905 -5.00831 18.8
    endloop
  endfacet
  facet normal 0.555575 -0.831466 0
    outer loop
      vertex 8.23905 -5.00831 18.8
      vertex 8.375 -4.91747 19.8
      vertex 8.23905 -5.00831 19.8
    endloop
  endfacet
  facet normal 0.555575 -0.831466 0
    outer loop
      vertex 8.375 -4.91747 19.8
      vertex 8.23905 -5.00831 18.8
      vertex 8.375 -4.91747 18.8
    endloop
  endfacet
  facet normal -0.997857 0.0654392 0
    outer loop
      vertex 10.2393 -6.16316 18.8
      vertex 10.25 -6 19.8
      vertex 10.25 -6 18.8
    endloop
  endfacet
  facet normal -0.997857 0.0654392 0
    outer loop
      vertex 10.25 -6 19.8
      vertex 10.2393 -6.16316 18.8
      vertex 10.2393 -6.16316 19.8
    endloop
  endfacet
  facet normal 0.980782 0.195105 0
    outer loop
      vertex 7.79259 -6.32352 19.8
      vertex 7.76069 -6.16316 18.8
      vertex 7.76069 -6.16316 19.8
    endloop
  endfacet
  facet normal 0.980782 0.195105 0
    outer loop
      vertex 7.76069 -6.16316 18.8
      vertex 7.79259 -6.32352 19.8
      vertex 7.79259 -6.32352 18.8
    endloop
  endfacet
  facet normal 0.831466 0.555575 0
    outer loop
      vertex 8.00831 -6.76095 19.8
      vertex 7.91747 -6.625 18.8
      vertex 7.91747 -6.625 19.8
    endloop
  endfacet
  facet normal 0.831466 0.555575 0
    outer loop
      vertex 7.91747 -6.625 18.8
      vertex 8.00831 -6.76095 19.8
      vertex 8.00831 -6.76095 18.8
    endloop
  endfacet
  facet normal -0.195105 0.980782 0
    outer loop
      vertex 9.32352 -7.20741 18.8
      vertex 9.16316 -7.23931 19.8
      vertex 9.32352 -7.20741 19.8
    endloop
  endfacet
  facet normal -0.195105 0.980782 0
    outer loop
      vertex 9.16316 -7.23931 19.8
      vertex 9.32352 -7.20741 18.8
      vertex 9.16316 -7.23931 18.8
    endloop
  endfacet
  facet normal -0.44229 0.896872 0
    outer loop
      vertex 9.625 -7.08253 18.8
      vertex 9.47835 -7.15485 19.8
      vertex 9.625 -7.08253 19.8
    endloop
  endfacet
  facet normal -0.44229 0.896872 0
    outer loop
      vertex 9.47835 -7.15485 19.8
      vertex 9.625 -7.08253 18.8
      vertex 9.47835 -7.15485 18.8
    endloop
  endfacet
  facet normal -0.896921 -0.442191 0
    outer loop
      vertex 10.1548 -5.52165 18.8
      vertex 10.0825 -5.375 19.8
      vertex 10.0825 -5.375 18.8
    endloop
  endfacet
  facet normal -0.896921 -0.442191 0
    outer loop
      vertex 10.0825 -5.375 19.8
      vertex 10.1548 -5.52165 18.8
      vertex 10.1548 -5.52165 19.8
    endloop
  endfacet
  facet normal -0.946851 -0.321671 0
    outer loop
      vertex 10.2074 -5.67648 18.8
      vertex 10.1548 -5.52165 19.8
      vertex 10.1548 -5.52165 18.8
    endloop
  endfacet
  facet normal -0.946851 -0.321671 0
    outer loop
      vertex 10.1548 -5.52165 19.8
      vertex 10.2074 -5.67648 18.8
      vertex 10.2074 -5.67648 19.8
    endloop
  endfacet
  facet normal -0.980782 -0.195105 0
    outer loop
      vertex 10.2393 -5.83684 18.8
      vertex 10.2074 -5.67648 19.8
      vertex 10.2074 -5.67648 18.8
    endloop
  endfacet
  facet normal -0.980782 -0.195105 0
    outer loop
      vertex 10.2074 -5.67648 19.8
      vertex 10.2393 -5.83684 18.8
      vertex 10.2393 -5.83684 19.8
    endloop
  endfacet
  facet normal -0.75183 0.659357 0
    outer loop
      vertex 9.88388 -6.88388 18.8
      vertex 9.99169 -6.76095 19.8
      vertex 9.99169 -6.76095 18.8
    endloop
  endfacet
  facet normal -0.75183 0.659357 0
    outer loop
      vertex 9.99169 -6.76095 19.8
      vertex 9.88388 -6.88388 18.8
      vertex 9.88388 -6.88388 19.8
    endloop
  endfacet
  facet normal -0.896921 0.442191 0
    outer loop
      vertex 10.0825 -6.625 18.8
      vertex 10.1548 -6.47835 19.8
      vertex 10.1548 -6.47835 18.8
    endloop
  endfacet
  facet normal -0.896921 0.442191 0
    outer loop
      vertex 10.1548 -6.47835 19.8
      vertex 10.0825 -6.625 18.8
      vertex 10.0825 -6.625 19.8
    endloop
  endfacet
  facet normal -0.0653783 0.997861 0
    outer loop
      vertex 9.16316 -7.23931 18.8
      vertex 9 -7.25 19.8
      vertex 9.16316 -7.23931 19.8
    endloop
  endfacet
  facet normal -0.0653783 0.997861 0
    outer loop
      vertex 9 -7.25 19.8
      vertex 9.16316 -7.23931 18.8
      vertex 9 -7.25 18.8
    endloop
  endfacet
  facet normal 0.896872 0.44229 0
    outer loop
      vertex 7.91747 -6.625 19.8
      vertex 7.84515 -6.47835 18.8
      vertex 7.84515 -6.47835 19.8
    endloop
  endfacet
  facet normal 0.896872 0.44229 0
    outer loop
      vertex 7.84515 -6.47835 18.8
      vertex 7.91747 -6.625 19.8
      vertex 7.91747 -6.625 18.8
    endloop
  endfacet
  facet normal 0.659357 0.75183 -0
    outer loop
      vertex 8.23905 -6.99169 18.8
      vertex 8.11612 -6.88388 19.8
      vertex 8.23905 -6.99169 19.8
    endloop
  endfacet
  facet normal 0.659357 0.75183 0
    outer loop
      vertex 8.11612 -6.88388 19.8
      vertex 8.23905 -6.99169 18.8
      vertex 8.11612 -6.88388 18.8
    endloop
  endfacet
  facet normal -0.321452 0.946926 0
    outer loop
      vertex 9.47835 -7.15485 18.8
      vertex 9.32352 -7.20741 19.8
      vertex 9.47835 -7.15485 19.8
    endloop
  endfacet
  facet normal -0.321452 0.946926 0
    outer loop
      vertex 9.32352 -7.20741 19.8
      vertex 9.47835 -7.15485 18.8
      vertex 9.32352 -7.20741 18.8
    endloop
  endfacet
  facet normal -0.659357 0.75183 0
    outer loop
      vertex 9.88388 -6.88388 18.8
      vertex 9.76095 -6.99169 19.8
      vertex 9.88388 -6.88388 19.8
    endloop
  endfacet
  facet normal -0.659357 0.75183 0
    outer loop
      vertex 9.76095 -6.99169 19.8
      vertex 9.88388 -6.88388 18.8
      vertex 9.76095 -6.99169 18.8
    endloop
  endfacet
  facet normal -0.831551 0.555448 0
    outer loop
      vertex 9.99169 -6.76095 18.8
      vertex 10.0825 -6.625 19.8
      vertex 10.0825 -6.625 18.8
    endloop
  endfacet
  facet normal -0.831551 0.555448 0
    outer loop
      vertex 10.0825 -6.625 19.8
      vertex 9.99169 -6.76095 18.8
      vertex 9.99169 -6.76095 19.8
    endloop
  endfacet
  facet normal 0.321452 0.946926 -0
    outer loop
      vertex 8.67648 -7.20741 18.8
      vertex 8.52165 -7.15485 19.8
      vertex 8.67648 -7.20741 19.8
    endloop
  endfacet
  facet normal 0.321452 0.946926 0
    outer loop
      vertex 8.52165 -7.15485 19.8
      vertex 8.67648 -7.20741 18.8
      vertex 8.52165 -7.15485 18.8
    endloop
  endfacet
  facet normal 0.195105 0.980782 -0
    outer loop
      vertex 8.83684 -7.23931 18.8
      vertex 8.67648 -7.20741 19.8
      vertex 8.83684 -7.23931 19.8
    endloop
  endfacet
  facet normal 0.195105 0.980782 0
    outer loop
      vertex 8.67648 -7.20741 19.8
      vertex 8.83684 -7.23931 18.8
      vertex 8.67648 -7.20741 18.8
    endloop
  endfacet
  facet normal 0.946926 0.321452 0
    outer loop
      vertex 7.84515 -6.47835 19.8
      vertex 7.79259 -6.32352 18.8
      vertex 7.79259 -6.32352 19.8
    endloop
  endfacet
  facet normal 0.946926 0.321452 0
    outer loop
      vertex 7.79259 -6.32352 18.8
      vertex 7.84515 -6.47835 19.8
      vertex 7.84515 -6.47835 18.8
    endloop
  endfacet
  facet normal 0.0653783 0.997861 -0
    outer loop
      vertex 9 -7.25 18.8
      vertex 8.83684 -7.23931 19.8
      vertex 9 -7.25 19.8
    endloop
  endfacet
  facet normal 0.0653783 0.997861 0
    outer loop
      vertex 8.83684 -7.23931 19.8
      vertex 9 -7.25 18.8
      vertex 8.83684 -7.23931 18.8
    endloop
  endfacet
  facet normal 0.75183 0.659357 0
    outer loop
      vertex 8.11612 -6.88388 19.8
      vertex 8.00831 -6.76095 18.8
      vertex 8.00831 -6.76095 19.8
    endloop
  endfacet
  facet normal 0.75183 0.659357 0
    outer loop
      vertex 8.00831 -6.76095 18.8
      vertex 8.11612 -6.88388 19.8
      vertex 8.11612 -6.88388 18.8
    endloop
  endfacet
  facet normal 0.44229 0.896872 -0
    outer loop
      vertex 8.52165 -7.15485 18.8
      vertex 8.375 -7.08253 19.8
      vertex 8.52165 -7.15485 19.8
    endloop
  endfacet
  facet normal 0.44229 0.896872 0
    outer loop
      vertex 8.375 -7.08253 19.8
      vertex 8.52165 -7.15485 18.8
      vertex 8.375 -7.08253 18.8
    endloop
  endfacet
  facet normal 0.555575 0.831466 -0
    outer loop
      vertex 8.375 -7.08253 18.8
      vertex 8.23905 -6.99169 19.8
      vertex 8.375 -7.08253 19.8
    endloop
  endfacet
  facet normal 0.555575 0.831466 0
    outer loop
      vertex 8.23905 -6.99169 19.8
      vertex 8.375 -7.08253 18.8
      vertex 8.23905 -6.99169 18.8
    endloop
  endfacet
  facet normal -0.997856 -0.0654404 0
    outer loop
      vertex 10.25 0 18.8
      vertex 10.2393 0.163157 19.8
      vertex 10.2393 0.163157 18.8
    endloop
  endfacet
  facet normal -0.997856 -0.0654404 0
    outer loop
      vertex 10.2393 0.163157 19.8
      vertex 10.25 0 18.8
      vertex 10.25 0 19.8
    endloop
  endfacet
  facet normal 0.0653783 -0.997861 0
    outer loop
      vertex 8.83684 1.23931 18.8
      vertex 9 1.25 19.8
      vertex 8.83684 1.23931 19.8
    endloop
  endfacet
  facet normal 0.0653783 -0.997861 0
    outer loop
      vertex 9 1.25 19.8
      vertex 8.83684 1.23931 18.8
      vertex 9 1.25 18.8
    endloop
  endfacet
  facet normal -0.659354 -0.751833 0
    outer loop
      vertex 9.76095 0.991692 18.8
      vertex 9.88388 0.883883 19.8
      vertex 9.76095 0.991692 19.8
    endloop
  endfacet
  facet normal -0.659354 -0.751833 -0
    outer loop
      vertex 9.88388 0.883883 19.8
      vertex 9.76095 0.991692 18.8
      vertex 9.88388 0.883883 18.8
    endloop
  endfacet
  facet normal 0.751835 -0.659351 0
    outer loop
      vertex 8.00831 0.760951 19.8
      vertex 8.11612 0.883883 18.8
      vertex 8.11612 0.883883 19.8
    endloop
  endfacet
  facet normal 0.751835 -0.659351 0
    outer loop
      vertex 8.11612 0.883883 18.8
      vertex 8.00831 0.760951 19.8
      vertex 8.00831 0.760951 18.8
    endloop
  endfacet
  facet normal 0.44229 -0.896872 0
    outer loop
      vertex 8.375 1.08253 18.8
      vertex 8.52165 1.15485 19.8
      vertex 8.375 1.08253 19.8
    endloop
  endfacet
  facet normal 0.44229 -0.896872 0
    outer loop
      vertex 8.52165 1.15485 19.8
      vertex 8.375 1.08253 18.8
      vertex 8.52165 1.15485 18.8
    endloop
  endfacet
  facet normal -0.896916 -0.442201 0
    outer loop
      vertex 10.1548 0.478354 18.8
      vertex 10.0825 0.625 19.8
      vertex 10.0825 0.625 18.8
    endloop
  endfacet
  facet normal -0.896916 -0.442201 0
    outer loop
      vertex 10.0825 0.625 19.8
      vertex 10.1548 0.478354 18.8
      vertex 10.1548 0.478354 19.8
    endloop
  endfacet
  facet normal -0.980784 -0.195096 0
    outer loop
      vertex 10.2393 0.163157 18.8
      vertex 10.2074 0.323524 19.8
      vertex 10.2074 0.323524 18.8
    endloop
  endfacet
  facet normal -0.980784 -0.195096 0
    outer loop
      vertex 10.2074 0.323524 19.8
      vertex 10.2393 0.163157 18.8
      vertex 10.2393 0.163157 19.8
    endloop
  endfacet
  facet normal -0.321452 -0.946926 0
    outer loop
      vertex 9.32352 1.20741 18.8
      vertex 9.47835 1.15485 19.8
      vertex 9.32352 1.20741 19.8
    endloop
  endfacet
  facet normal -0.321452 -0.946926 -0
    outer loop
      vertex 9.47835 1.15485 19.8
      vertex 9.32352 1.20741 18.8
      vertex 9.47835 1.15485 18.8
    endloop
  endfacet
  facet normal -0.555566 -0.831472 0
    outer loop
      vertex 9.625 1.08253 18.8
      vertex 9.76095 0.991692 19.8
      vertex 9.625 1.08253 19.8
    endloop
  endfacet
  facet normal -0.555566 -0.831472 -0
    outer loop
      vertex 9.76095 0.991692 19.8
      vertex 9.625 1.08253 18.8
      vertex 9.76095 0.991692 18.8
    endloop
  endfacet
  facet normal 0.946926 -0.321452 0
    outer loop
      vertex 7.79259 0.323524 19.8
      vertex 7.84515 0.478354 18.8
      vertex 7.84515 0.478354 19.8
    endloop
  endfacet
  facet normal 0.946926 -0.321452 0
    outer loop
      vertex 7.84515 0.478354 18.8
      vertex 7.79259 0.323524 19.8
      vertex 7.79259 0.323524 18.8
    endloop
  endfacet
  facet normal 0.896867 -0.442299 0
    outer loop
      vertex 7.84515 0.478354 19.8
      vertex 7.91747 0.625 18.8
      vertex 7.91747 0.625 19.8
    endloop
  endfacet
  facet normal 0.896867 -0.442299 0
    outer loop
      vertex 7.91747 0.625 18.8
      vertex 7.84515 0.478354 19.8
      vertex 7.84515 0.478354 18.8
    endloop
  endfacet
  facet normal 0.980784 -0.195096 0
    outer loop
      vertex 7.76069 0.163157 19.8
      vertex 7.79259 0.323524 18.8
      vertex 7.79259 0.323524 19.8
    endloop
  endfacet
  facet normal 0.980784 -0.195096 0
    outer loop
      vertex 7.79259 0.323524 18.8
      vertex 7.76069 0.163157 19.8
      vertex 7.76069 0.163157 18.8
    endloop
  endfacet
  facet normal 0.99786 0.0653795 0
    outer loop
      vertex 7.76069 -0.163157 19.8
      vertex 7.75 0 18.8
      vertex 7.75 0 19.8
    endloop
  endfacet
  facet normal 0.99786 0.0653795 0
    outer loop
      vertex 7.75 0 18.8
      vertex 7.76069 -0.163157 19.8
      vertex 7.76069 -0.163157 18.8
    endloop
  endfacet
  facet normal 0.659354 -0.751833 0
    outer loop
      vertex 8.11612 0.883883 18.8
      vertex 8.23905 0.991692 19.8
      vertex 8.11612 0.883883 19.8
    endloop
  endfacet
  facet normal 0.659354 -0.751833 0
    outer loop
      vertex 8.23905 0.991692 19.8
      vertex 8.11612 0.883883 18.8
      vertex 8.23905 0.991692 18.8
    endloop
  endfacet
  facet normal 0.195105 -0.980782 0
    outer loop
      vertex 8.67648 1.20741 18.8
      vertex 8.83684 1.23931 19.8
      vertex 8.67648 1.20741 19.8
    endloop
  endfacet
  facet normal 0.195105 -0.980782 0
    outer loop
      vertex 8.83684 1.23931 19.8
      vertex 8.67648 1.20741 18.8
      vertex 8.83684 1.23931 18.8
    endloop
  endfacet
  facet normal -0.997856 0.0654404 0
    outer loop
      vertex 10.2393 -0.163157 18.8
      vertex 10.25 0 19.8
      vertex 10.25 0 18.8
    endloop
  endfacet
  facet normal -0.997856 0.0654404 0
    outer loop
      vertex 10.25 0 19.8
      vertex 10.2393 -0.163157 18.8
      vertex 10.2393 -0.163157 19.8
    endloop
  endfacet
  facet normal 0.195105 0.980782 -0
    outer loop
      vertex 8.83684 -1.23931 18.8
      vertex 8.67648 -1.20741 19.8
      vertex 8.83684 -1.23931 19.8
    endloop
  endfacet
  facet normal 0.195105 0.980782 0
    outer loop
      vertex 8.67648 -1.20741 19.8
      vertex 8.83684 -1.23931 18.8
      vertex 8.67648 -1.20741 18.8
    endloop
  endfacet
  facet normal 0.896867 0.442299 0
    outer loop
      vertex 7.91747 -0.625 19.8
      vertex 7.84515 -0.478354 18.8
      vertex 7.84515 -0.478354 19.8
    endloop
  endfacet
  facet normal 0.896867 0.442299 0
    outer loop
      vertex 7.84515 -0.478354 18.8
      vertex 7.91747 -0.625 19.8
      vertex 7.91747 -0.625 18.8
    endloop
  endfacet
  facet normal -0.195105 0.980782 0
    outer loop
      vertex 9.32352 -1.20741 18.8
      vertex 9.16316 -1.23931 19.8
      vertex 9.32352 -1.20741 19.8
    endloop
  endfacet
  facet normal -0.195105 0.980782 0
    outer loop
      vertex 9.16316 -1.23931 19.8
      vertex 9.32352 -1.20741 18.8
      vertex 9.16316 -1.23931 18.8
    endloop
  endfacet
  facet normal -0.946851 -0.321671 0
    outer loop
      vertex 10.2074 0.323524 18.8
      vertex 10.1548 0.478354 19.8
      vertex 10.1548 0.478354 18.8
    endloop
  endfacet
  facet normal -0.946851 -0.321671 0
    outer loop
      vertex 10.1548 0.478354 19.8
      vertex 10.2074 0.323524 18.8
      vertex 10.2074 0.323524 19.8
    endloop
  endfacet
  facet normal -0.751835 -0.659351 0
    outer loop
      vertex 9.99169 0.760951 18.8
      vertex 9.88388 0.883883 19.8
      vertex 9.88388 0.883883 18.8
    endloop
  endfacet
  facet normal -0.751835 -0.659351 0
    outer loop
      vertex 9.88388 0.883883 19.8
      vertex 9.99169 0.760951 18.8
      vertex 9.99169 0.760951 19.8
    endloop
  endfacet
  facet normal -0.831553 -0.555445 0
    outer loop
      vertex 10.0825 0.625 18.8
      vertex 9.99169 0.760951 19.8
      vertex 9.99169 0.760951 18.8
    endloop
  endfacet
  facet normal -0.831553 -0.555445 0
    outer loop
      vertex 9.99169 0.760951 19.8
      vertex 10.0825 0.625 18.8
      vertex 10.0825 0.625 19.8
    endloop
  endfacet
  facet normal -0.195105 -0.980782 0
    outer loop
      vertex 9.16316 1.23931 18.8
      vertex 9.32352 1.20741 19.8
      vertex 9.16316 1.23931 19.8
    endloop
  endfacet
  facet normal -0.195105 -0.980782 -0
    outer loop
      vertex 9.32352 1.20741 19.8
      vertex 9.16316 1.23931 18.8
      vertex 9.32352 1.20741 18.8
    endloop
  endfacet
  facet normal -0.0653783 -0.997861 0
    outer loop
      vertex 9 1.25 18.8
      vertex 9.16316 1.23931 19.8
      vertex 9 1.25 19.8
    endloop
  endfacet
  facet normal -0.0653783 -0.997861 -0
    outer loop
      vertex 9.16316 1.23931 19.8
      vertex 9 1.25 18.8
      vertex 9.16316 1.23931 18.8
    endloop
  endfacet
  facet normal -0.44229 -0.896872 0
    outer loop
      vertex 9.47835 1.15485 18.8
      vertex 9.625 1.08253 19.8
      vertex 9.47835 1.15485 19.8
    endloop
  endfacet
  facet normal -0.44229 -0.896872 -0
    outer loop
      vertex 9.625 1.08253 19.8
      vertex 9.47835 1.15485 18.8
      vertex 9.625 1.08253 18.8
    endloop
  endfacet
  facet normal -0.946851 0.321671 0
    outer loop
      vertex 10.1548 -0.478354 18.8
      vertex 10.2074 -0.323524 19.8
      vertex 10.2074 -0.323524 18.8
    endloop
  endfacet
  facet normal -0.946851 0.321671 0
    outer loop
      vertex 10.2074 -0.323524 19.8
      vertex 10.1548 -0.478354 18.8
      vertex 10.1548 -0.478354 19.8
    endloop
  endfacet
  facet normal -0.896916 0.442201 0
    outer loop
      vertex 10.0825 -0.625 18.8
      vertex 10.1548 -0.478354 19.8
      vertex 10.1548 -0.478354 18.8
    endloop
  endfacet
  facet normal -0.896916 0.442201 0
    outer loop
      vertex 10.1548 -0.478354 19.8
      vertex 10.0825 -0.625 18.8
      vertex 10.0825 -0.625 19.8
    endloop
  endfacet
  facet normal -0.980784 0.195096 0
    outer loop
      vertex 10.2074 -0.323524 18.8
      vertex 10.2393 -0.163157 19.8
      vertex 10.2393 -0.163157 18.8
    endloop
  endfacet
  facet normal -0.980784 0.195096 0
    outer loop
      vertex 10.2393 -0.163157 19.8
      vertex 10.2074 -0.323524 18.8
      vertex 10.2074 -0.323524 19.8
    endloop
  endfacet
  facet normal 0.980784 0.195096 0
    outer loop
      vertex 7.79259 -0.323524 19.8
      vertex 7.76069 -0.163157 18.8
      vertex 7.76069 -0.163157 19.8
    endloop
  endfacet
  facet normal 0.980784 0.195096 0
    outer loop
      vertex 7.76069 -0.163157 18.8
      vertex 7.79259 -0.323524 19.8
      vertex 7.79259 -0.323524 18.8
    endloop
  endfacet
  facet normal 0.946926 0.321452 0
    outer loop
      vertex 7.84515 -0.478354 19.8
      vertex 7.79259 -0.323524 18.8
      vertex 7.79259 -0.323524 19.8
    endloop
  endfacet
  facet normal 0.946926 0.321452 0
    outer loop
      vertex 7.79259 -0.323524 18.8
      vertex 7.84515 -0.478354 19.8
      vertex 7.84515 -0.478354 18.8
    endloop
  endfacet
  facet normal -0.44229 0.896872 0
    outer loop
      vertex 9.625 -1.08253 18.8
      vertex 9.47835 -1.15485 19.8
      vertex 9.625 -1.08253 19.8
    endloop
  endfacet
  facet normal -0.44229 0.896872 0
    outer loop
      vertex 9.47835 -1.15485 19.8
      vertex 9.625 -1.08253 18.8
      vertex 9.47835 -1.15485 18.8
    endloop
  endfacet
  facet normal -0.321452 0.946926 0
    outer loop
      vertex 9.47835 -1.15485 18.8
      vertex 9.32352 -1.20741 19.8
      vertex 9.47835 -1.15485 19.8
    endloop
  endfacet
  facet normal -0.321452 0.946926 0
    outer loop
      vertex 9.32352 -1.20741 19.8
      vertex 9.47835 -1.15485 18.8
      vertex 9.32352 -1.20741 18.8
    endloop
  endfacet
  facet normal 0.831468 -0.555572 0
    outer loop
      vertex 7.91747 0.625 19.8
      vertex 8.00831 0.760951 18.8
      vertex 8.00831 0.760951 19.8
    endloop
  endfacet
  facet normal 0.831468 -0.555572 0
    outer loop
      vertex 8.00831 0.760951 18.8
      vertex 7.91747 0.625 19.8
      vertex 7.91747 0.625 18.8
    endloop
  endfacet
  facet normal 0.99786 -0.0653795 0
    outer loop
      vertex 7.75 0 19.8
      vertex 7.76069 0.163157 18.8
      vertex 7.76069 0.163157 19.8
    endloop
  endfacet
  facet normal 0.99786 -0.0653795 0
    outer loop
      vertex 7.76069 0.163157 18.8
      vertex 7.75 0 19.8
      vertex 7.75 0 18.8
    endloop
  endfacet
  facet normal 0.555566 -0.831472 0
    outer loop
      vertex 8.23905 0.991692 18.8
      vertex 8.375 1.08253 19.8
      vertex 8.23905 0.991692 19.8
    endloop
  endfacet
  facet normal 0.555566 -0.831472 0
    outer loop
      vertex 8.375 1.08253 19.8
      vertex 8.23905 0.991692 18.8
      vertex 8.375 1.08253 18.8
    endloop
  endfacet
  facet normal 0.321452 -0.946926 0
    outer loop
      vertex 8.52165 1.15485 18.8
      vertex 8.67648 1.20741 19.8
      vertex 8.52165 1.15485 19.8
    endloop
  endfacet
  facet normal 0.321452 -0.946926 0
    outer loop
      vertex 8.67648 1.20741 19.8
      vertex 8.52165 1.15485 18.8
      vertex 8.67648 1.20741 18.8
    endloop
  endfacet
  facet normal -0.555566 0.831472 0
    outer loop
      vertex 9.76095 -0.991692 18.8
      vertex 9.625 -1.08253 19.8
      vertex 9.76095 -0.991692 19.8
    endloop
  endfacet
  facet normal -0.555566 0.831472 0
    outer loop
      vertex 9.625 -1.08253 19.8
      vertex 9.76095 -0.991692 18.8
      vertex 9.625 -1.08253 18.8
    endloop
  endfacet
  facet normal -0.751835 0.659351 0
    outer loop
      vertex 9.88388 -0.883883 18.8
      vertex 9.99169 -0.760951 19.8
      vertex 9.99169 -0.760951 18.8
    endloop
  endfacet
  facet normal -0.751835 0.659351 0
    outer loop
      vertex 9.99169 -0.760951 19.8
      vertex 9.88388 -0.883883 18.8
      vertex 9.88388 -0.883883 19.8
    endloop
  endfacet
  facet normal -0.0653783 0.997861 0
    outer loop
      vertex 9.16316 -1.23931 18.8
      vertex 9 -1.25 19.8
      vertex 9.16316 -1.23931 19.8
    endloop
  endfacet
  facet normal -0.0653783 0.997861 0
    outer loop
      vertex 9 -1.25 19.8
      vertex 9.16316 -1.23931 18.8
      vertex 9 -1.25 18.8
    endloop
  endfacet
  facet normal 0.321452 0.946926 -0
    outer loop
      vertex 8.67648 -1.20741 18.8
      vertex 8.52165 -1.15485 19.8
      vertex 8.67648 -1.20741 19.8
    endloop
  endfacet
  facet normal 0.321452 0.946926 0
    outer loop
      vertex 8.52165 -1.15485 19.8
      vertex 8.67648 -1.20741 18.8
      vertex 8.52165 -1.15485 18.8
    endloop
  endfacet
  facet normal 0.659354 0.751833 -0
    outer loop
      vertex 8.23905 -0.991692 18.8
      vertex 8.11612 -0.883883 19.8
      vertex 8.23905 -0.991692 19.8
    endloop
  endfacet
  facet normal 0.659354 0.751833 0
    outer loop
      vertex 8.11612 -0.883883 19.8
      vertex 8.23905 -0.991692 18.8
      vertex 8.11612 -0.883883 18.8
    endloop
  endfacet
  facet normal -0.831553 0.555445 0
    outer loop
      vertex 9.99169 -0.760951 18.8
      vertex 10.0825 -0.625 19.8
      vertex 10.0825 -0.625 18.8
    endloop
  endfacet
  facet normal -0.831553 0.555445 0
    outer loop
      vertex 10.0825 -0.625 19.8
      vertex 9.99169 -0.760951 18.8
      vertex 9.99169 -0.760951 19.8
    endloop
  endfacet
  facet normal -0.659354 0.751833 0
    outer loop
      vertex 9.88388 -0.883883 18.8
      vertex 9.76095 -0.991692 19.8
      vertex 9.88388 -0.883883 19.8
    endloop
  endfacet
  facet normal -0.659354 0.751833 0
    outer loop
      vertex 9.76095 -0.991692 19.8
      vertex 9.88388 -0.883883 18.8
      vertex 9.76095 -0.991692 18.8
    endloop
  endfacet
  facet normal 0.0653783 0.997861 -0
    outer loop
      vertex 9 -1.25 18.8
      vertex 8.83684 -1.23931 19.8
      vertex 9 -1.25 19.8
    endloop
  endfacet
  facet normal 0.0653783 0.997861 0
    outer loop
      vertex 8.83684 -1.23931 19.8
      vertex 9 -1.25 18.8
      vertex 8.83684 -1.23931 18.8
    endloop
  endfacet
  facet normal 0.555566 0.831472 -0
    outer loop
      vertex 8.375 -1.08253 18.8
      vertex 8.23905 -0.991692 19.8
      vertex 8.375 -1.08253 19.8
    endloop
  endfacet
  facet normal 0.555566 0.831472 0
    outer loop
      vertex 8.23905 -0.991692 19.8
      vertex 8.375 -1.08253 18.8
      vertex 8.23905 -0.991692 18.8
    endloop
  endfacet
  facet normal 0.831468 0.555572 0
    outer loop
      vertex 8.00831 -0.760951 19.8
      vertex 7.91747 -0.625 18.8
      vertex 7.91747 -0.625 19.8
    endloop
  endfacet
  facet normal 0.831468 0.555572 0
    outer loop
      vertex 7.91747 -0.625 18.8
      vertex 8.00831 -0.760951 19.8
      vertex 8.00831 -0.760951 18.8
    endloop
  endfacet
  facet normal 0.44229 0.896872 -0
    outer loop
      vertex 8.52165 -1.15485 18.8
      vertex 8.375 -1.08253 19.8
      vertex 8.52165 -1.15485 19.8
    endloop
  endfacet
  facet normal 0.44229 0.896872 0
    outer loop
      vertex 8.375 -1.08253 19.8
      vertex 8.52165 -1.15485 18.8
      vertex 8.375 -1.08253 18.8
    endloop
  endfacet
  facet normal 0.751835 0.659351 0
    outer loop
      vertex 8.11612 -0.883883 19.8
      vertex 8.00831 -0.760951 18.8
      vertex 8.00831 -0.760951 19.8
    endloop
  endfacet
  facet normal 0.751835 0.659351 0
    outer loop
      vertex 8.00831 -0.760951 18.8
      vertex 8.11612 -0.883883 19.8
      vertex 8.11612 -0.883883 18.8
    endloop
  endfacet
  facet normal -0.997857 -0.0654392 0
    outer loop
      vertex 10.25 6 18.8
      vertex 10.2393 6.16316 19.8
      vertex 10.2393 6.16316 18.8
    endloop
  endfacet
  facet normal -0.997857 -0.0654392 0
    outer loop
      vertex 10.2393 6.16316 19.8
      vertex 10.25 6 18.8
      vertex 10.25 6 19.8
    endloop
  endfacet
  facet normal 0.0653783 -0.997861 0
    outer loop
      vertex 8.83684 7.23931 18.8
      vertex 9 7.25 19.8
      vertex 8.83684 7.23931 19.8
    endloop
  endfacet
  facet normal 0.0653783 -0.997861 0
    outer loop
      vertex 9 7.25 19.8
      vertex 8.83684 7.23931 18.8
      vertex 9 7.25 18.8
    endloop
  endfacet
  facet normal -0.0653783 0.997861 0
    outer loop
      vertex 9.16316 4.76069 18.8
      vertex 9 4.75 19.8
      vertex 9.16316 4.76069 19.8
    endloop
  endfacet
  facet normal -0.0653783 0.997861 0
    outer loop
      vertex 9 4.75 19.8
      vertex 9.16316 4.76069 18.8
      vertex 9 4.75 18.8
    endloop
  endfacet
  facet normal -0.659357 -0.75183 0
    outer loop
      vertex 9.76095 6.99169 18.8
      vertex 9.88388 6.88388 19.8
      vertex 9.76095 6.99169 19.8
    endloop
  endfacet
  facet normal -0.659357 -0.75183 -0
    outer loop
      vertex 9.88388 6.88388 19.8
      vertex 9.76095 6.99169 18.8
      vertex 9.88388 6.88388 18.8
    endloop
  endfacet
  facet normal 0.75183 -0.659357 0
    outer loop
      vertex 8.00831 6.76095 19.8
      vertex 8.11612 6.88388 18.8
      vertex 8.11612 6.88388 19.8
    endloop
  endfacet
  facet normal 0.75183 -0.659357 0
    outer loop
      vertex 8.11612 6.88388 18.8
      vertex 8.00831 6.76095 19.8
      vertex 8.00831 6.76095 18.8
    endloop
  endfacet
  facet normal 0.44229 -0.896872 0
    outer loop
      vertex 8.375 7.08253 18.8
      vertex 8.52165 7.15485 19.8
      vertex 8.375 7.08253 19.8
    endloop
  endfacet
  facet normal 0.44229 -0.896872 0
    outer loop
      vertex 8.52165 7.15485 19.8
      vertex 8.375 7.08253 18.8
      vertex 8.52165 7.15485 18.8
    endloop
  endfacet
  facet normal 0.946926 0.321452 0
    outer loop
      vertex 7.84515 5.52165 19.8
      vertex 7.79259 5.67648 18.8
      vertex 7.79259 5.67648 19.8
    endloop
  endfacet
  facet normal 0.946926 0.321452 0
    outer loop
      vertex 7.79259 5.67648 18.8
      vertex 7.84515 5.52165 19.8
      vertex 7.84515 5.52165 18.8
    endloop
  endfacet
  facet normal -0.896921 -0.442191 0
    outer loop
      vertex 10.1548 6.47835 18.8
      vertex 10.0825 6.625 19.8
      vertex 10.0825 6.625 18.8
    endloop
  endfacet
  facet normal -0.896921 -0.442191 0
    outer loop
      vertex 10.0825 6.625 19.8
      vertex 10.1548 6.47835 18.8
      vertex 10.1548 6.47835 19.8
    endloop
  endfacet
  facet normal -0.980782 -0.195105 0
    outer loop
      vertex 10.2393 6.16316 18.8
      vertex 10.2074 6.32352 19.8
      vertex 10.2074 6.32352 18.8
    endloop
  endfacet
  facet normal -0.980782 -0.195105 0
    outer loop
      vertex 10.2074 6.32352 19.8
      vertex 10.2393 6.16316 18.8
      vertex 10.2393 6.16316 19.8
    endloop
  endfacet
  facet normal -0.321452 -0.946926 0
    outer loop
      vertex 9.32352 7.20741 18.8
      vertex 9.47835 7.15485 19.8
      vertex 9.32352 7.20741 19.8
    endloop
  endfacet
  facet normal -0.321452 -0.946926 -0
    outer loop
      vertex 9.47835 7.15485 19.8
      vertex 9.32352 7.20741 18.8
      vertex 9.47835 7.15485 18.8
    endloop
  endfacet
  facet normal -0.44229 -0.896872 0
    outer loop
      vertex 9.47835 7.15485 18.8
      vertex 9.625 7.08253 19.8
      vertex 9.47835 7.15485 19.8
    endloop
  endfacet
  facet normal -0.44229 -0.896872 -0
    outer loop
      vertex 9.625 7.08253 19.8
      vertex 9.47835 7.15485 18.8
      vertex 9.625 7.08253 18.8
    endloop
  endfacet
  facet normal 0.946926 -0.321452 0
    outer loop
      vertex 7.79259 6.32352 19.8
      vertex 7.84515 6.47835 18.8
      vertex 7.84515 6.47835 19.8
    endloop
  endfacet
  facet normal 0.946926 -0.321452 0
    outer loop
      vertex 7.84515 6.47835 18.8
      vertex 7.79259 6.32352 19.8
      vertex 7.79259 6.32352 18.8
    endloop
  endfacet
  facet normal 0.896872 -0.44229 0
    outer loop
      vertex 7.84515 6.47835 19.8
      vertex 7.91747 6.625 18.8
      vertex 7.91747 6.625 19.8
    endloop
  endfacet
  facet normal 0.896872 -0.44229 0
    outer loop
      vertex 7.91747 6.625 18.8
      vertex 7.84515 6.47835 19.8
      vertex 7.84515 6.47835 18.8
    endloop
  endfacet
  facet normal 0.980782 -0.195105 0
    outer loop
      vertex 7.76069 6.16316 19.8
      vertex 7.79259 6.32352 18.8
      vertex 7.79259 6.32352 19.8
    endloop
  endfacet
  facet normal 0.980782 -0.195105 0
    outer loop
      vertex 7.79259 6.32352 18.8
      vertex 7.76069 6.16316 19.8
      vertex 7.76069 6.16316 18.8
    endloop
  endfacet
  facet normal 0.659357 -0.75183 0
    outer loop
      vertex 8.11612 6.88388 18.8
      vertex 8.23905 6.99169 19.8
      vertex 8.11612 6.88388 19.8
    endloop
  endfacet
  facet normal 0.659357 -0.75183 0
    outer loop
      vertex 8.23905 6.99169 19.8
      vertex 8.11612 6.88388 18.8
      vertex 8.23905 6.99169 18.8
    endloop
  endfacet
  facet normal 0.195105 -0.980782 0
    outer loop
      vertex 8.67648 7.20741 18.8
      vertex 8.83684 7.23931 19.8
      vertex 8.67648 7.20741 19.8
    endloop
  endfacet
  facet normal 0.195105 -0.980782 0
    outer loop
      vertex 8.83684 7.23931 19.8
      vertex 8.67648 7.20741 18.8
      vertex 8.83684 7.23931 18.8
    endloop
  endfacet
  facet normal -0.321452 0.946926 0
    outer loop
      vertex 9.47835 4.84515 18.8
      vertex 9.32352 4.79259 19.8
      vertex 9.47835 4.84515 19.8
    endloop
  endfacet
  facet normal -0.321452 0.946926 0
    outer loop
      vertex 9.32352 4.79259 19.8
      vertex 9.47835 4.84515 18.8
      vertex 9.32352 4.79259 18.8
    endloop
  endfacet
  facet normal -0.195105 0.980782 0
    outer loop
      vertex 9.32352 4.79259 18.8
      vertex 9.16316 4.76069 19.8
      vertex 9.32352 4.79259 19.8
    endloop
  endfacet
  facet normal -0.195105 0.980782 0
    outer loop
      vertex 9.16316 4.76069 19.8
      vertex 9.32352 4.79259 18.8
      vertex 9.16316 4.76069 18.8
    endloop
  endfacet
  facet normal -0.980782 0.195105 0
    outer loop
      vertex 10.2074 5.67648 18.8
      vertex 10.2393 5.83684 19.8
      vertex 10.2393 5.83684 18.8
    endloop
  endfacet
  facet normal -0.980782 0.195105 0
    outer loop
      vertex 10.2393 5.83684 19.8
      vertex 10.2074 5.67648 18.8
      vertex 10.2074 5.67648 19.8
    endloop
  endfacet
  facet normal 0.321452 0.946926 -0
    outer loop
      vertex 8.67648 4.79259 18.8
      vertex 8.52165 4.84515 19.8
      vertex 8.67648 4.79259 19.8
    endloop
  endfacet
  facet normal 0.321452 0.946926 0
    outer loop
      vertex 8.52165 4.84515 19.8
      vertex 8.67648 4.79259 18.8
      vertex 8.52165 4.84515 18.8
    endloop
  endfacet
  facet normal 0.195105 0.980782 -0
    outer loop
      vertex 8.83684 4.76069 18.8
      vertex 8.67648 4.79259 19.8
      vertex 8.83684 4.76069 19.8
    endloop
  endfacet
  facet normal 0.195105 0.980782 0
    outer loop
      vertex 8.67648 4.79259 19.8
      vertex 8.83684 4.76069 18.8
      vertex 8.67648 4.79259 18.8
    endloop
  endfacet
  facet normal 0.659357 0.75183 -0
    outer loop
      vertex 8.23905 5.00831 18.8
      vertex 8.11612 5.11612 19.8
      vertex 8.23905 5.00831 19.8
    endloop
  endfacet
  facet normal 0.659357 0.75183 0
    outer loop
      vertex 8.11612 5.11612 19.8
      vertex 8.23905 5.00831 18.8
      vertex 8.11612 5.11612 18.8
    endloop
  endfacet
  facet normal 0.980782 0.195105 0
    outer loop
      vertex 7.79259 5.67648 19.8
      vertex 7.76069 5.83684 18.8
      vertex 7.76069 5.83684 19.8
    endloop
  endfacet
  facet normal 0.980782 0.195105 0
    outer loop
      vertex 7.76069 5.83684 18.8
      vertex 7.79259 5.67648 19.8
      vertex 7.79259 5.67648 18.8
    endloop
  endfacet
  facet normal -0.946851 -0.321671 0
    outer loop
      vertex 10.2074 6.32352 18.8
      vertex 10.1548 6.47835 19.8
      vertex 10.1548 6.47835 18.8
    endloop
  endfacet
  facet normal -0.946851 -0.321671 0
    outer loop
      vertex 10.1548 6.47835 19.8
      vertex 10.2074 6.32352 18.8
      vertex 10.2074 6.32352 19.8
    endloop
  endfacet
  facet normal -0.75183 -0.659357 0
    outer loop
      vertex 9.99169 6.76095 18.8
      vertex 9.88388 6.88388 19.8
      vertex 9.88388 6.88388 18.8
    endloop
  endfacet
  facet normal -0.75183 -0.659357 0
    outer loop
      vertex 9.88388 6.88388 19.8
      vertex 9.99169 6.76095 18.8
      vertex 9.99169 6.76095 19.8
    endloop
  endfacet
  facet normal -0.831551 -0.555448 0
    outer loop
      vertex 10.0825 6.625 18.8
      vertex 9.99169 6.76095 19.8
      vertex 9.99169 6.76095 18.8
    endloop
  endfacet
  facet normal -0.831551 -0.555448 0
    outer loop
      vertex 9.99169 6.76095 19.8
      vertex 10.0825 6.625 18.8
      vertex 10.0825 6.625 19.8
    endloop
  endfacet
  facet normal -0.0653783 -0.997861 0
    outer loop
      vertex 9 7.25 18.8
      vertex 9.16316 7.23931 19.8
      vertex 9 7.25 19.8
    endloop
  endfacet
  facet normal -0.0653783 -0.997861 -0
    outer loop
      vertex 9.16316 7.23931 19.8
      vertex 9 7.25 18.8
      vertex 9.16316 7.23931 18.8
    endloop
  endfacet
  facet normal -0.555575 -0.831466 0
    outer loop
      vertex 9.625 7.08253 18.8
      vertex 9.76095 6.99169 19.8
      vertex 9.625 7.08253 19.8
    endloop
  endfacet
  facet normal -0.555575 -0.831466 -0
    outer loop
      vertex 9.76095 6.99169 19.8
      vertex 9.625 7.08253 18.8
      vertex 9.76095 6.99169 18.8
    endloop
  endfacet
  facet normal 0.831466 -0.555575 0
    outer loop
      vertex 7.91747 6.625 19.8
      vertex 8.00831 6.76095 18.8
      vertex 8.00831 6.76095 19.8
    endloop
  endfacet
  facet normal 0.831466 -0.555575 0
    outer loop
      vertex 8.00831 6.76095 18.8
      vertex 7.91747 6.625 19.8
      vertex 7.91747 6.625 18.8
    endloop
  endfacet
  facet normal 0.997861 -0.0653783 0
    outer loop
      vertex 7.75 6 19.8
      vertex 7.76069 6.16316 18.8
      vertex 7.76069 6.16316 19.8
    endloop
  endfacet
  facet normal 0.997861 -0.0653783 0
    outer loop
      vertex 7.76069 6.16316 18.8
      vertex 7.75 6 19.8
      vertex 7.75 6 18.8
    endloop
  endfacet
  facet normal 0.555575 -0.831466 0
    outer loop
      vertex 8.23905 6.99169 18.8
      vertex 8.375 7.08253 19.8
      vertex 8.23905 6.99169 19.8
    endloop
  endfacet
  facet normal 0.555575 -0.831466 0
    outer loop
      vertex 8.375 7.08253 19.8
      vertex 8.23905 6.99169 18.8
      vertex 8.375 7.08253 18.8
    endloop
  endfacet
  facet normal 0.321452 -0.946926 0
    outer loop
      vertex 8.52165 7.15485 18.8
      vertex 8.67648 7.20741 19.8
      vertex 8.52165 7.15485 19.8
    endloop
  endfacet
  facet normal 0.321452 -0.946926 0
    outer loop
      vertex 8.67648 7.20741 19.8
      vertex 8.52165 7.15485 18.8
      vertex 8.67648 7.20741 18.8
    endloop
  endfacet
  facet normal -0.997857 0.0654392 0
    outer loop
      vertex 10.2393 5.83684 18.8
      vertex 10.25 6 19.8
      vertex 10.25 6 18.8
    endloop
  endfacet
  facet normal -0.997857 0.0654392 0
    outer loop
      vertex 10.25 6 19.8
      vertex 10.2393 5.83684 18.8
      vertex 10.2393 5.83684 19.8
    endloop
  endfacet
  facet normal -0.555575 0.831466 0
    outer loop
      vertex 9.76095 5.00831 18.8
      vertex 9.625 4.91747 19.8
      vertex 9.76095 5.00831 19.8
    endloop
  endfacet
  facet normal -0.555575 0.831466 0
    outer loop
      vertex 9.625 4.91747 19.8
      vertex 9.76095 5.00831 18.8
      vertex 9.625 4.91747 18.8
    endloop
  endfacet
  facet normal -0.75183 0.659357 0
    outer loop
      vertex 9.88388 5.11612 18.8
      vertex 9.99169 5.23905 19.8
      vertex 9.99169 5.23905 18.8
    endloop
  endfacet
  facet normal -0.75183 0.659357 0
    outer loop
      vertex 9.99169 5.23905 19.8
      vertex 9.88388 5.11612 18.8
      vertex 9.88388 5.11612 19.8
    endloop
  endfacet
  facet normal -0.659357 0.75183 0
    outer loop
      vertex 9.88388 5.11612 18.8
      vertex 9.76095 5.00831 19.8
      vertex 9.88388 5.11612 19.8
    endloop
  endfacet
  facet normal -0.659357 0.75183 0
    outer loop
      vertex 9.76095 5.00831 19.8
      vertex 9.88388 5.11612 18.8
      vertex 9.76095 5.00831 18.8
    endloop
  endfacet
  facet normal -0.946851 0.321671 0
    outer loop
      vertex 10.1548 5.52165 18.8
      vertex 10.2074 5.67648 19.8
      vertex 10.2074 5.67648 18.8
    endloop
  endfacet
  facet normal -0.946851 0.321671 0
    outer loop
      vertex 10.2074 5.67648 19.8
      vertex 10.1548 5.52165 18.8
      vertex 10.1548 5.52165 19.8
    endloop
  endfacet
  facet normal -0.831551 0.555448 0
    outer loop
      vertex 9.99169 5.23905 18.8
      vertex 10.0825 5.375 19.8
      vertex 10.0825 5.375 18.8
    endloop
  endfacet
  facet normal -0.831551 0.555448 0
    outer loop
      vertex 10.0825 5.375 19.8
      vertex 9.99169 5.23905 18.8
      vertex 9.99169 5.23905 19.8
    endloop
  endfacet
  facet normal -0.896921 0.442191 0
    outer loop
      vertex 10.0825 5.375 18.8
      vertex 10.1548 5.52165 19.8
      vertex 10.1548 5.52165 18.8
    endloop
  endfacet
  facet normal -0.896921 0.442191 0
    outer loop
      vertex 10.1548 5.52165 19.8
      vertex 10.0825 5.375 18.8
      vertex 10.0825 5.375 19.8
    endloop
  endfacet
  facet normal 0.555575 0.831466 -0
    outer loop
      vertex 8.375 4.91747 18.8
      vertex 8.23905 5.00831 19.8
      vertex 8.375 4.91747 19.8
    endloop
  endfacet
  facet normal 0.555575 0.831466 0
    outer loop
      vertex 8.23905 5.00831 19.8
      vertex 8.375 4.91747 18.8
      vertex 8.23905 5.00831 18.8
    endloop
  endfacet
  facet normal 0.44229 0.896872 -0
    outer loop
      vertex 8.52165 4.84515 18.8
      vertex 8.375 4.91747 19.8
      vertex 8.52165 4.84515 19.8
    endloop
  endfacet
  facet normal 0.44229 0.896872 0
    outer loop
      vertex 8.375 4.91747 19.8
      vertex 8.52165 4.84515 18.8
      vertex 8.375 4.91747 18.8
    endloop
  endfacet
  facet normal 0.0653783 0.997861 -0
    outer loop
      vertex 9 4.75 18.8
      vertex 8.83684 4.76069 19.8
      vertex 9 4.75 19.8
    endloop
  endfacet
  facet normal 0.0653783 0.997861 0
    outer loop
      vertex 8.83684 4.76069 19.8
      vertex 9 4.75 18.8
      vertex 8.83684 4.76069 18.8
    endloop
  endfacet
  facet normal 0.831466 0.555575 0
    outer loop
      vertex 8.00831 5.23905 19.8
      vertex 7.91747 5.375 18.8
      vertex 7.91747 5.375 19.8
    endloop
  endfacet
  facet normal 0.831466 0.555575 0
    outer loop
      vertex 7.91747 5.375 18.8
      vertex 8.00831 5.23905 19.8
      vertex 8.00831 5.23905 18.8
    endloop
  endfacet
  facet normal 0.896872 0.44229 0
    outer loop
      vertex 7.91747 5.375 19.8
      vertex 7.84515 5.52165 18.8
      vertex 7.84515 5.52165 19.8
    endloop
  endfacet
  facet normal 0.896872 0.44229 0
    outer loop
      vertex 7.84515 5.52165 18.8
      vertex 7.91747 5.375 19.8
      vertex 7.91747 5.375 18.8
    endloop
  endfacet
  facet normal -0.195105 -0.980782 0
    outer loop
      vertex 9.16316 7.23931 18.8
      vertex 9.32352 7.20741 19.8
      vertex 9.16316 7.23931 19.8
    endloop
  endfacet
  facet normal -0.195105 -0.980782 -0
    outer loop
      vertex 9.32352 7.20741 19.8
      vertex 9.16316 7.23931 18.8
      vertex 9.32352 7.20741 18.8
    endloop
  endfacet
  facet normal 0.997861 0.0653783 0
    outer loop
      vertex 7.76069 5.83684 19.8
      vertex 7.75 6 18.8
      vertex 7.75 6 19.8
    endloop
  endfacet
  facet normal 0.997861 0.0653783 0
    outer loop
      vertex 7.75 6 18.8
      vertex 7.76069 5.83684 19.8
      vertex 7.76069 5.83684 18.8
    endloop
  endfacet
  facet normal -0.44229 0.896872 0
    outer loop
      vertex 9.625 4.91747 18.8
      vertex 9.47835 4.84515 19.8
      vertex 9.625 4.91747 19.8
    endloop
  endfacet
  facet normal -0.44229 0.896872 0
    outer loop
      vertex 9.47835 4.84515 19.8
      vertex 9.625 4.91747 18.8
      vertex 9.47835 4.84515 18.8
    endloop
  endfacet
  facet normal 0.75183 0.659357 0
    outer loop
      vertex 8.11612 5.11612 19.8
      vertex 8.00831 5.23905 18.8
      vertex 8.00831 5.23905 19.8
    endloop
  endfacet
  facet normal 0.75183 0.659357 0
    outer loop
      vertex 8.00831 5.23905 18.8
      vertex 8.11612 5.11612 19.8
      vertex 8.11612 5.11612 18.8
    endloop
  endfacet
  facet normal -0.997857 -0.0654392 0
    outer loop
      vertex 14.75 -6 18.8
      vertex 14.7393 -5.83684 19.8
      vertex 14.7393 -5.83684 18.8
    endloop
  endfacet
  facet normal -0.997857 -0.0654392 0
    outer loop
      vertex 14.7393 -5.83684 19.8
      vertex 14.75 -6 18.8
      vertex 14.75 -6 19.8
    endloop
  endfacet
  facet normal 0.997857 0.0654392 0
    outer loop
      vertex 12.2607 -6.16316 19.8
      vertex 12.25 -6 18.8
      vertex 12.25 -6 19.8
    endloop
  endfacet
  facet normal 0.997857 0.0654392 0
    outer loop
      vertex 12.25 -6 18.8
      vertex 12.2607 -6.16316 19.8
      vertex 12.2607 -6.16316 18.8
    endloop
  endfacet
  facet normal 0.0653624 -0.997862 0
    outer loop
      vertex 13.3368 -4.76069 18.8
      vertex 13.5 -4.75 19.8
      vertex 13.3368 -4.76069 19.8
    endloop
  endfacet
  facet normal 0.0653624 -0.997862 0
    outer loop
      vertex 13.5 -4.75 19.8
      vertex 13.3368 -4.76069 18.8
      vertex 13.5 -4.75 18.8
    endloop
  endfacet
  facet normal -0.0653624 0.997862 0
    outer loop
      vertex 13.6632 -7.23931 18.8
      vertex 13.5 -7.25 19.8
      vertex 13.6632 -7.23931 19.8
    endloop
  endfacet
  facet normal -0.0653624 0.997862 0
    outer loop
      vertex 13.5 -7.25 19.8
      vertex 13.6632 -7.23931 18.8
      vertex 13.5 -7.25 18.8
    endloop
  endfacet
  facet normal -0.659448 -0.75175 0
    outer loop
      vertex 14.261 -5.00831 18.8
      vertex 14.3839 -5.11612 19.8
      vertex 14.261 -5.00831 19.8
    endloop
  endfacet
  facet normal -0.659448 -0.75175 -0
    outer loop
      vertex 14.3839 -5.11612 19.8
      vertex 14.261 -5.00831 18.8
      vertex 14.3839 -5.11612 18.8
    endloop
  endfacet
  facet normal 0.75186 -0.659323 0
    outer loop
      vertex 12.5083 -5.23905 19.8
      vertex 12.6161 -5.11612 18.8
      vertex 12.6161 -5.11612 19.8
    endloop
  endfacet
  facet normal 0.75186 -0.659323 0
    outer loop
      vertex 12.6161 -5.11612 18.8
      vertex 12.5083 -5.23905 19.8
      vertex 12.5083 -5.23905 18.8
    endloop
  endfacet
  facet normal 0.442411 -0.896812 0
    outer loop
      vertex 12.875 -4.91747 18.8
      vertex 13.0216 -4.84515 19.8
      vertex 12.875 -4.91747 19.8
    endloop
  endfacet
  facet normal 0.442411 -0.896812 0
    outer loop
      vertex 13.0216 -4.84515 19.8
      vertex 12.875 -4.91747 18.8
      vertex 13.0216 -4.84515 18.8
    endloop
  endfacet
  facet normal -0.896921 -0.442191 0
    outer loop
      vertex 14.6548 -5.52165 18.8
      vertex 14.5825 -5.375 19.8
      vertex 14.5825 -5.375 18.8
    endloop
  endfacet
  facet normal -0.896921 -0.442191 0
    outer loop
      vertex 14.5825 -5.375 19.8
      vertex 14.6548 -5.52165 18.8
      vertex 14.6548 -5.52165 19.8
    endloop
  endfacet
  facet normal -0.980782 -0.195105 0
    outer loop
      vertex 14.7393 -5.83684 18.8
      vertex 14.7074 -5.67648 19.8
      vertex 14.7074 -5.67648 18.8
    endloop
  endfacet
  facet normal -0.980782 -0.195105 0
    outer loop
      vertex 14.7074 -5.67648 19.8
      vertex 14.7393 -5.83684 18.8
      vertex 14.7393 -5.83684 19.8
    endloop
  endfacet
  facet normal -0.321322 -0.94697 0
    outer loop
      vertex 13.8235 -4.79259 18.8
      vertex 13.9784 -4.84515 19.8
      vertex 13.8235 -4.79259 19.8
    endloop
  endfacet
  facet normal -0.321322 -0.94697 -0
    outer loop
      vertex 13.9784 -4.84515 19.8
      vertex 13.8235 -4.79259 18.8
      vertex 13.9784 -4.84515 18.8
    endloop
  endfacet
  facet normal -0.195175 -0.980768 0
    outer loop
      vertex 13.6632 -4.76069 18.8
      vertex 13.8235 -4.79259 19.8
      vertex 13.6632 -4.76069 19.8
    endloop
  endfacet
  facet normal -0.195175 -0.980768 -0
    outer loop
      vertex 13.8235 -4.79259 19.8
      vertex 13.6632 -4.76069 18.8
      vertex 13.8235 -4.79259 18.8
    endloop
  endfacet
  facet normal -0.442411 -0.896812 0
    outer loop
      vertex 13.9784 -4.84515 18.8
      vertex 14.125 -4.91747 19.8
      vertex 13.9784 -4.84515 19.8
    endloop
  endfacet
  facet normal -0.442411 -0.896812 -0
    outer loop
      vertex 14.125 -4.91747 19.8
      vertex 13.9784 -4.84515 18.8
      vertex 14.125 -4.91747 18.8
    endloop
  endfacet
  facet normal 0.947038 -0.321123 0
    outer loop
      vertex 12.2926 -5.67648 19.8
      vertex 12.3451 -5.52165 18.8
      vertex 12.3451 -5.52165 19.8
    endloop
  endfacet
  facet normal 0.947038 -0.321123 0
    outer loop
      vertex 12.3451 -5.52165 18.8
      vertex 12.2926 -5.67648 19.8
      vertex 12.2926 -5.67648 18.8
    endloop
  endfacet
  facet normal 0.980782 -0.195105 0
    outer loop
      vertex 12.2607 -5.83684 19.8
      vertex 12.2926 -5.67648 18.8
      vertex 12.2926 -5.67648 19.8
    endloop
  endfacet
  facet normal 0.980782 -0.195105 0
    outer loop
      vertex 12.2926 -5.67648 18.8
      vertex 12.2607 -5.83684 19.8
      vertex 12.2607 -5.83684 18.8
    endloop
  endfacet
  facet normal 0.195175 -0.980768 0
    outer loop
      vertex 13.1765 -4.79259 18.8
      vertex 13.3368 -4.76069 19.8
      vertex 13.1765 -4.79259 19.8
    endloop
  endfacet
  facet normal 0.195175 -0.980768 0
    outer loop
      vertex 13.3368 -4.76069 19.8
      vertex 13.1765 -4.79259 18.8
      vertex 13.3368 -4.76069 18.8
    endloop
  endfacet
  facet normal -0.442411 0.896812 0
    outer loop
      vertex 14.125 -7.08253 18.8
      vertex 13.9784 -7.15485 19.8
      vertex 14.125 -7.08253 19.8
    endloop
  endfacet
  facet normal -0.442411 0.896812 0
    outer loop
      vertex 13.9784 -7.15485 19.8
      vertex 14.125 -7.08253 18.8
      vertex 13.9784 -7.15485 18.8
    endloop
  endfacet
  facet normal -0.946851 -0.321671 0
    outer loop
      vertex 14.7074 -5.67648 18.8
      vertex 14.6548 -5.52165 19.8
      vertex 14.6548 -5.52165 18.8
    endloop
  endfacet
  facet normal -0.946851 -0.321671 0
    outer loop
      vertex 14.6548 -5.52165 19.8
      vertex 14.7074 -5.67648 18.8
      vertex 14.7074 -5.67648 19.8
    endloop
  endfacet
  facet normal -0.75186 -0.659323 0
    outer loop
      vertex 14.4917 -5.23905 18.8
      vertex 14.3839 -5.11612 19.8
      vertex 14.3839 -5.11612 18.8
    endloop
  endfacet
  facet normal -0.75186 -0.659323 0
    outer loop
      vertex 14.3839 -5.11612 19.8
      vertex 14.4917 -5.23905 18.8
      vertex 14.4917 -5.23905 19.8
    endloop
  endfacet
  facet normal -0.831579 -0.555406 0
    outer loop
      vertex 14.5825 -5.375 18.8
      vertex 14.4917 -5.23905 19.8
      vertex 14.4917 -5.23905 18.8
    endloop
  endfacet
  facet normal -0.831579 -0.555406 0
    outer loop
      vertex 14.4917 -5.23905 19.8
      vertex 14.5825 -5.375 18.8
      vertex 14.5825 -5.375 19.8
    endloop
  endfacet
  facet normal -0.0653624 -0.997862 0
    outer loop
      vertex 13.5 -4.75 18.8
      vertex 13.6632 -4.76069 19.8
      vertex 13.5 -4.75 19.8
    endloop
  endfacet
  facet normal -0.0653624 -0.997862 -0
    outer loop
      vertex 13.6632 -4.76069 19.8
      vertex 13.5 -4.75 18.8
      vertex 13.6632 -4.76069 18.8
    endloop
  endfacet
  facet normal -0.555434 -0.831561 0
    outer loop
      vertex 14.125 -4.91747 18.8
      vertex 14.261 -5.00831 19.8
      vertex 14.125 -4.91747 19.8
    endloop
  endfacet
  facet normal -0.555434 -0.831561 -0
    outer loop
      vertex 14.261 -5.00831 19.8
      vertex 14.125 -4.91747 18.8
      vertex 14.261 -5.00831 18.8
    endloop
  endfacet
  facet normal 0.896678 -0.442683 0
    outer loop
      vertex 12.3451 -5.52165 19.8
      vertex 12.4175 -5.375 18.8
      vertex 12.4175 -5.375 19.8
    endloop
  endfacet
  facet normal 0.896678 -0.442683 0
    outer loop
      vertex 12.4175 -5.375 18.8
      vertex 12.3451 -5.52165 19.8
      vertex 12.3451 -5.52165 18.8
    endloop
  endfacet
  facet normal 0.831579 -0.555406 0
    outer loop
      vertex 12.4175 -5.375 19.8
      vertex 12.5083 -5.23905 18.8
      vertex 12.5083 -5.23905 19.8
    endloop
  endfacet
  facet normal 0.831579 -0.555406 0
    outer loop
      vertex 12.5083 -5.23905 18.8
      vertex 12.4175 -5.375 19.8
      vertex 12.4175 -5.375 18.8
    endloop
  endfacet
  facet normal 0.997857 -0.0654392 0
    outer loop
      vertex 12.25 -6 19.8
      vertex 12.2607 -5.83684 18.8
      vertex 12.2607 -5.83684 19.8
    endloop
  endfacet
  facet normal 0.997857 -0.0654392 0
    outer loop
      vertex 12.2607 -5.83684 18.8
      vertex 12.25 -6 19.8
      vertex 12.25 -6 18.8
    endloop
  endfacet
  facet normal 0.555434 -0.831561 0
    outer loop
      vertex 12.739 -5.00831 18.8
      vertex 12.875 -4.91747 19.8
      vertex 12.739 -5.00831 19.8
    endloop
  endfacet
  facet normal 0.555434 -0.831561 0
    outer loop
      vertex 12.875 -4.91747 19.8
      vertex 12.739 -5.00831 18.8
      vertex 12.875 -4.91747 18.8
    endloop
  endfacet
  facet normal 0.659448 -0.75175 0
    outer loop
      vertex 12.6161 -5.11612 18.8
      vertex 12.739 -5.00831 19.8
      vertex 12.6161 -5.11612 19.8
    endloop
  endfacet
  facet normal 0.659448 -0.75175 0
    outer loop
      vertex 12.739 -5.00831 19.8
      vertex 12.6161 -5.11612 18.8
      vertex 12.739 -5.00831 18.8
    endloop
  endfacet
  facet normal 0.321322 -0.94697 0
    outer loop
      vertex 13.0216 -4.84515 18.8
      vertex 13.1765 -4.79259 19.8
      vertex 13.0216 -4.84515 19.8
    endloop
  endfacet
  facet normal 0.321322 -0.94697 0
    outer loop
      vertex 13.1765 -4.79259 19.8
      vertex 13.0216 -4.84515 18.8
      vertex 13.1765 -4.79259 18.8
    endloop
  endfacet
  facet normal -0.555434 0.831561 0
    outer loop
      vertex 14.261 -6.99169 18.8
      vertex 14.125 -7.08253 19.8
      vertex 14.261 -6.99169 19.8
    endloop
  endfacet
  facet normal -0.555434 0.831561 0
    outer loop
      vertex 14.125 -7.08253 19.8
      vertex 14.261 -6.99169 18.8
      vertex 14.125 -7.08253 18.8
    endloop
  endfacet
  facet normal -0.75186 0.659323 0
    outer loop
      vertex 14.3839 -6.88388 18.8
      vertex 14.4917 -6.76095 19.8
      vertex 14.4917 -6.76095 18.8
    endloop
  endfacet
  facet normal -0.75186 0.659323 0
    outer loop
      vertex 14.4917 -6.76095 19.8
      vertex 14.3839 -6.88388 18.8
      vertex 14.3839 -6.88388 19.8
    endloop
  endfacet
  facet normal -0.946851 0.321671 0
    outer loop
      vertex 14.6548 -6.47835 18.8
      vertex 14.7074 -6.32352 19.8
      vertex 14.7074 -6.32352 18.8
    endloop
  endfacet
  facet normal -0.946851 0.321671 0
    outer loop
      vertex 14.7074 -6.32352 19.8
      vertex 14.6548 -6.47835 18.8
      vertex 14.6548 -6.47835 19.8
    endloop
  endfacet
  facet normal -0.980782 0.195105 0
    outer loop
      vertex 14.7074 -6.32352 18.8
      vertex 14.7393 -6.16316 19.8
      vertex 14.7393 -6.16316 18.8
    endloop
  endfacet
  facet normal -0.980782 0.195105 0
    outer loop
      vertex 14.7393 -6.16316 19.8
      vertex 14.7074 -6.32352 18.8
      vertex 14.7074 -6.32352 19.8
    endloop
  endfacet
  facet normal -0.831579 0.555406 0
    outer loop
      vertex 14.4917 -6.76095 18.8
      vertex 14.5825 -6.625 19.8
      vertex 14.5825 -6.625 18.8
    endloop
  endfacet
  facet normal -0.831579 0.555406 0
    outer loop
      vertex 14.5825 -6.625 19.8
      vertex 14.4917 -6.76095 18.8
      vertex 14.4917 -6.76095 19.8
    endloop
  endfacet
  facet normal -0.997857 0.0654392 0
    outer loop
      vertex 14.7393 -6.16316 18.8
      vertex 14.75 -6 19.8
      vertex 14.75 -6 18.8
    endloop
  endfacet
  facet normal -0.997857 0.0654392 0
    outer loop
      vertex 14.75 -6 19.8
      vertex 14.7393 -6.16316 18.8
      vertex 14.7393 -6.16316 19.8
    endloop
  endfacet
  facet normal 0.659448 0.75175 -0
    outer loop
      vertex 12.739 -6.99169 18.8
      vertex 12.6161 -6.88388 19.8
      vertex 12.739 -6.99169 19.8
    endloop
  endfacet
  facet normal 0.659448 0.75175 0
    outer loop
      vertex 12.6161 -6.88388 19.8
      vertex 12.739 -6.99169 18.8
      vertex 12.6161 -6.88388 18.8
    endloop
  endfacet
  facet normal 0.831579 0.555406 0
    outer loop
      vertex 12.5083 -6.76095 19.8
      vertex 12.4175 -6.625 18.8
      vertex 12.4175 -6.625 19.8
    endloop
  endfacet
  facet normal 0.831579 0.555406 0
    outer loop
      vertex 12.4175 -6.625 18.8
      vertex 12.5083 -6.76095 19.8
      vertex 12.5083 -6.76095 18.8
    endloop
  endfacet
  facet normal 0.947038 0.321123 0
    outer loop
      vertex 12.3451 -6.47835 19.8
      vertex 12.2926 -6.32352 18.8
      vertex 12.2926 -6.32352 19.8
    endloop
  endfacet
  facet normal 0.947038 0.321123 0
    outer loop
      vertex 12.2926 -6.32352 18.8
      vertex 12.3451 -6.47835 19.8
      vertex 12.3451 -6.47835 18.8
    endloop
  endfacet
  facet normal 0.980782 0.195105 0
    outer loop
      vertex 12.2926 -6.32352 19.8
      vertex 12.2607 -6.16316 18.8
      vertex 12.2607 -6.16316 19.8
    endloop
  endfacet
  facet normal 0.980782 0.195105 0
    outer loop
      vertex 12.2607 -6.16316 18.8
      vertex 12.2926 -6.32352 19.8
      vertex 12.2926 -6.32352 18.8
    endloop
  endfacet
  facet normal -0.321322 0.94697 0
    outer loop
      vertex 13.9784 -7.15485 18.8
      vertex 13.8235 -7.20741 19.8
      vertex 13.9784 -7.15485 19.8
    endloop
  endfacet
  facet normal -0.321322 0.94697 0
    outer loop
      vertex 13.8235 -7.20741 19.8
      vertex 13.9784 -7.15485 18.8
      vertex 13.8235 -7.20741 18.8
    endloop
  endfacet
  facet normal -0.195175 0.980768 0
    outer loop
      vertex 13.8235 -7.20741 18.8
      vertex 13.6632 -7.23931 19.8
      vertex 13.8235 -7.20741 19.8
    endloop
  endfacet
  facet normal -0.195175 0.980768 0
    outer loop
      vertex 13.6632 -7.23931 19.8
      vertex 13.8235 -7.20741 18.8
      vertex 13.6632 -7.23931 18.8
    endloop
  endfacet
  facet normal -0.896921 0.442191 0
    outer loop
      vertex 14.5825 -6.625 18.8
      vertex 14.6548 -6.47835 19.8
      vertex 14.6548 -6.47835 18.8
    endloop
  endfacet
  facet normal -0.896921 0.442191 0
    outer loop
      vertex 14.6548 -6.47835 19.8
      vertex 14.5825 -6.625 18.8
      vertex 14.5825 -6.625 19.8
    endloop
  endfacet
  facet normal -0.659448 0.75175 0
    outer loop
      vertex 14.3839 -6.88388 18.8
      vertex 14.261 -6.99169 19.8
      vertex 14.3839 -6.88388 19.8
    endloop
  endfacet
  facet normal -0.659448 0.75175 0
    outer loop
      vertex 14.261 -6.99169 19.8
      vertex 14.3839 -6.88388 18.8
      vertex 14.261 -6.99169 18.8
    endloop
  endfacet
  facet normal 0.0653624 0.997862 -0
    outer loop
      vertex 13.5 -7.25 18.8
      vertex 13.3368 -7.23931 19.8
      vertex 13.5 -7.25 19.8
    endloop
  endfacet
  facet normal 0.0653624 0.997862 0
    outer loop
      vertex 13.3368 -7.23931 19.8
      vertex 13.5 -7.25 18.8
      vertex 13.3368 -7.23931 18.8
    endloop
  endfacet
  facet normal 0.321322 0.94697 -0
    outer loop
      vertex 13.1765 -7.20741 18.8
      vertex 13.0216 -7.15485 19.8
      vertex 13.1765 -7.20741 19.8
    endloop
  endfacet
  facet normal 0.321322 0.94697 0
    outer loop
      vertex 13.0216 -7.15485 19.8
      vertex 13.1765 -7.20741 18.8
      vertex 13.0216 -7.15485 18.8
    endloop
  endfacet
  facet normal 0.195175 0.980768 -0
    outer loop
      vertex 13.3368 -7.23931 18.8
      vertex 13.1765 -7.20741 19.8
      vertex 13.3368 -7.23931 19.8
    endloop
  endfacet
  facet normal 0.195175 0.980768 0
    outer loop
      vertex 13.1765 -7.20741 19.8
      vertex 13.3368 -7.23931 18.8
      vertex 13.1765 -7.20741 18.8
    endloop
  endfacet
  facet normal 0.75186 0.659323 0
    outer loop
      vertex 12.6161 -6.88388 19.8
      vertex 12.5083 -6.76095 18.8
      vertex 12.5083 -6.76095 19.8
    endloop
  endfacet
  facet normal 0.75186 0.659323 0
    outer loop
      vertex 12.5083 -6.76095 18.8
      vertex 12.6161 -6.88388 19.8
      vertex 12.6161 -6.88388 18.8
    endloop
  endfacet
  facet normal 0.896678 0.442683 0
    outer loop
      vertex 12.4175 -6.625 19.8
      vertex 12.3451 -6.47835 18.8
      vertex 12.3451 -6.47835 19.8
    endloop
  endfacet
  facet normal 0.896678 0.442683 0
    outer loop
      vertex 12.3451 -6.47835 18.8
      vertex 12.4175 -6.625 19.8
      vertex 12.4175 -6.625 18.8
    endloop
  endfacet
  facet normal 0.442411 0.896812 -0
    outer loop
      vertex 13.0216 -7.15485 18.8
      vertex 12.875 -7.08253 19.8
      vertex 13.0216 -7.15485 19.8
    endloop
  endfacet
  facet normal 0.442411 0.896812 0
    outer loop
      vertex 12.875 -7.08253 19.8
      vertex 13.0216 -7.15485 18.8
      vertex 12.875 -7.08253 18.8
    endloop
  endfacet
  facet normal 0.555434 0.831561 -0
    outer loop
      vertex 12.875 -7.08253 18.8
      vertex 12.739 -6.99169 19.8
      vertex 12.875 -7.08253 19.8
    endloop
  endfacet
  facet normal 0.555434 0.831561 0
    outer loop
      vertex 12.739 -6.99169 19.8
      vertex 12.875 -7.08253 18.8
      vertex 12.739 -6.99169 18.8
    endloop
  endfacet
  facet normal 0.980784 -0.195096 0
    outer loop
      vertex 12.2607 0.163157 19.8
      vertex 12.2926 0.323524 18.8
      vertex 12.2926 0.323524 19.8
    endloop
  endfacet
  facet normal 0.980784 -0.195096 0
    outer loop
      vertex 12.2926 0.323524 18.8
      vertex 12.2607 0.163157 19.8
      vertex 12.2607 0.163157 18.8
    endloop
  endfacet
  facet normal -0.831581 -0.555403 0
    outer loop
      vertex 14.5825 0.625 18.8
      vertex 14.4917 0.760951 19.8
      vertex 14.4917 0.760951 18.8
    endloop
  endfacet
  facet normal -0.831581 -0.555403 0
    outer loop
      vertex 14.4917 0.760951 19.8
      vertex 14.5825 0.625 18.8
      vertex 14.5825 0.625 19.8
    endloop
  endfacet
  facet normal -0.321322 -0.94697 0
    outer loop
      vertex 13.8235 1.20741 18.8
      vertex 13.9784 1.15485 19.8
      vertex 13.8235 1.20741 19.8
    endloop
  endfacet
  facet normal -0.321322 -0.94697 -0
    outer loop
      vertex 13.9784 1.15485 19.8
      vertex 13.8235 1.20741 18.8
      vertex 13.9784 1.15485 18.8
    endloop
  endfacet
  facet normal 0.442411 -0.896812 0
    outer loop
      vertex 12.875 1.08253 18.8
      vertex 13.0216 1.15485 19.8
      vertex 12.875 1.08253 19.8
    endloop
  endfacet
  facet normal 0.442411 -0.896812 0
    outer loop
      vertex 13.0216 1.15485 19.8
      vertex 12.875 1.08253 18.8
      vertex 13.0216 1.15485 18.8
    endloop
  endfacet
  facet normal 0.947038 -0.321123 0
    outer loop
      vertex 12.2926 0.323524 19.8
      vertex 12.3451 0.478354 18.8
      vertex 12.3451 0.478354 19.8
    endloop
  endfacet
  facet normal 0.947038 -0.321123 0
    outer loop
      vertex 12.3451 0.478354 18.8
      vertex 12.2926 0.323524 19.8
      vertex 12.2926 0.323524 18.8
    endloop
  endfacet
  facet normal -0.980784 0.195096 0
    outer loop
      vertex 14.7074 -0.323524 18.8
      vertex 14.7393 -0.163157 19.8
      vertex 14.7393 -0.163157 18.8
    endloop
  endfacet
  facet normal -0.980784 0.195096 0
    outer loop
      vertex 14.7393 -0.163157 19.8
      vertex 14.7074 -0.323524 18.8
      vertex 14.7074 -0.323524 19.8
    endloop
  endfacet
  facet normal -0.659445 -0.751753 0
    outer loop
      vertex 14.261 0.991692 18.8
      vertex 14.3839 0.883883 19.8
      vertex 14.261 0.991692 19.8
    endloop
  endfacet
  facet normal -0.659445 -0.751753 -0
    outer loop
      vertex 14.3839 0.883883 19.8
      vertex 14.261 0.991692 18.8
      vertex 14.3839 0.883883 18.8
    endloop
  endfacet
  facet normal 0.0653624 -0.997862 0
    outer loop
      vertex 13.3368 1.23931 18.8
      vertex 13.5 1.25 19.8
      vertex 13.3368 1.23931 19.8
    endloop
  endfacet
  facet normal 0.0653624 -0.997862 0
    outer loop
      vertex 13.5 1.25 19.8
      vertex 13.3368 1.23931 18.8
      vertex 13.5 1.25 18.8
    endloop
  endfacet
  facet normal -0.442411 -0.896812 0
    outer loop
      vertex 13.9784 1.15485 18.8
      vertex 14.125 1.08253 19.8
      vertex 13.9784 1.15485 19.8
    endloop
  endfacet
  facet normal -0.442411 -0.896812 -0
    outer loop
      vertex 14.125 1.08253 19.8
      vertex 13.9784 1.15485 18.8
      vertex 14.125 1.08253 18.8
    endloop
  endfacet
  facet normal 0.831581 -0.555403 0
    outer loop
      vertex 12.4175 0.625 19.8
      vertex 12.5083 0.760951 18.8
      vertex 12.5083 0.760951 19.8
    endloop
  endfacet
  facet normal 0.831581 -0.555403 0
    outer loop
      vertex 12.5083 0.760951 18.8
      vertex 12.4175 0.625 19.8
      vertex 12.4175 0.625 18.8
    endloop
  endfacet
  facet normal 0.195175 -0.980768 0
    outer loop
      vertex 13.1765 1.20741 18.8
      vertex 13.3368 1.23931 19.8
      vertex 13.1765 1.20741 19.8
    endloop
  endfacet
  facet normal 0.195175 -0.980768 0
    outer loop
      vertex 13.3368 1.23931 19.8
      vertex 13.1765 1.20741 18.8
      vertex 13.3368 1.23931 18.8
    endloop
  endfacet
  facet normal 0.751865 -0.659317 0
    outer loop
      vertex 12.5083 0.760951 19.8
      vertex 12.6161 0.883883 18.8
      vertex 12.6161 0.883883 19.8
    endloop
  endfacet
  facet normal 0.751865 -0.659317 0
    outer loop
      vertex 12.6161 0.883883 18.8
      vertex 12.5083 0.760951 19.8
      vertex 12.5083 0.760951 18.8
    endloop
  endfacet
  facet normal -0.997856 -0.0654404 0
    outer loop
      vertex 14.75 0 18.8
      vertex 14.7393 0.163157 19.8
      vertex 14.7393 0.163157 18.8
    endloop
  endfacet
  facet normal -0.997856 -0.0654404 0
    outer loop
      vertex 14.7393 0.163157 19.8
      vertex 14.75 0 18.8
      vertex 14.75 0 19.8
    endloop
  endfacet
  facet normal -0.946851 0.321671 0
    outer loop
      vertex 14.6548 -0.478354 18.8
      vertex 14.7074 -0.323524 19.8
      vertex 14.7074 -0.323524 18.8
    endloop
  endfacet
  facet normal -0.946851 0.321671 0
    outer loop
      vertex 14.7074 -0.323524 19.8
      vertex 14.6548 -0.478354 18.8
      vertex 14.6548 -0.478354 19.8
    endloop
  endfacet
  facet normal -0.751865 -0.659317 0
    outer loop
      vertex 14.4917 0.760951 18.8
      vertex 14.3839 0.883883 19.8
      vertex 14.3839 0.883883 18.8
    endloop
  endfacet
  facet normal -0.751865 -0.659317 0
    outer loop
      vertex 14.3839 0.883883 19.8
      vertex 14.4917 0.760951 18.8
      vertex 14.4917 0.760951 19.8
    endloop
  endfacet
  facet normal -0.195175 -0.980768 0
    outer loop
      vertex 13.6632 1.23931 18.8
      vertex 13.8235 1.20741 19.8
      vertex 13.6632 1.23931 19.8
    endloop
  endfacet
  facet normal -0.195175 -0.980768 -0
    outer loop
      vertex 13.8235 1.20741 19.8
      vertex 13.6632 1.23931 18.8
      vertex 13.8235 1.20741 18.8
    endloop
  endfacet
  facet normal -0.0653624 -0.997862 0
    outer loop
      vertex 13.5 1.25 18.8
      vertex 13.6632 1.23931 19.8
      vertex 13.5 1.25 19.8
    endloop
  endfacet
  facet normal -0.0653624 -0.997862 -0
    outer loop
      vertex 13.6632 1.23931 19.8
      vertex 13.5 1.25 18.8
      vertex 13.6632 1.23931 18.8
    endloop
  endfacet
  facet normal -0.555425 -0.831566 0
    outer loop
      vertex 14.125 1.08253 18.8
      vertex 14.261 0.991692 19.8
      vertex 14.125 1.08253 19.8
    endloop
  endfacet
  facet normal -0.555425 -0.831566 -0
    outer loop
      vertex 14.261 0.991692 19.8
      vertex 14.125 1.08253 18.8
      vertex 14.261 0.991692 18.8
    endloop
  endfacet
  facet normal 0.997856 0.0654404 0
    outer loop
      vertex 12.2607 -0.163157 19.8
      vertex 12.25 0 18.8
      vertex 12.25 0 19.8
    endloop
  endfacet
  facet normal 0.997856 0.0654404 0
    outer loop
      vertex 12.25 0 18.8
      vertex 12.2607 -0.163157 19.8
      vertex 12.2607 -0.163157 18.8
    endloop
  endfacet
  facet normal 0.896673 -0.442693 0
    outer loop
      vertex 12.3451 0.478354 19.8
      vertex 12.4175 0.625 18.8
      vertex 12.4175 0.625 19.8
    endloop
  endfacet
  facet normal 0.896673 -0.442693 0
    outer loop
      vertex 12.4175 0.625 18.8
      vertex 12.3451 0.478354 19.8
      vertex 12.3451 0.478354 18.8
    endloop
  endfacet
  facet normal 0.321322 -0.94697 0
    outer loop
      vertex 13.0216 1.15485 18.8
      vertex 13.1765 1.20741 19.8
      vertex 13.0216 1.15485 19.8
    endloop
  endfacet
  facet normal 0.321322 -0.94697 0
    outer loop
      vertex 13.1765 1.20741 19.8
      vertex 13.0216 1.15485 18.8
      vertex 13.1765 1.20741 18.8
    endloop
  endfacet
  facet normal 0.659445 -0.751753 0
    outer loop
      vertex 12.6161 0.883883 18.8
      vertex 12.739 0.991692 19.8
      vertex 12.6161 0.883883 19.8
    endloop
  endfacet
  facet normal 0.659445 -0.751753 0
    outer loop
      vertex 12.739 0.991692 19.8
      vertex 12.6161 0.883883 18.8
      vertex 12.739 0.991692 18.8
    endloop
  endfacet
  facet normal 0.555425 -0.831566 0
    outer loop
      vertex 12.739 0.991692 18.8
      vertex 12.875 1.08253 19.8
      vertex 12.739 0.991692 19.8
    endloop
  endfacet
  facet normal 0.555425 -0.831566 0
    outer loop
      vertex 12.875 1.08253 19.8
      vertex 12.739 0.991692 18.8
      vertex 12.875 1.08253 18.8
    endloop
  endfacet
  facet normal -0.997856 0.0654404 0
    outer loop
      vertex 14.7393 -0.163157 18.8
      vertex 14.75 0 19.8
      vertex 14.75 0 18.8
    endloop
  endfacet
  facet normal -0.997856 0.0654404 0
    outer loop
      vertex 14.75 0 19.8
      vertex 14.7393 -0.163157 18.8
      vertex 14.7393 -0.163157 19.8
    endloop
  endfacet
  facet normal 0.980784 0.195096 0
    outer loop
      vertex 12.2926 -0.323524 19.8
      vertex 12.2607 -0.163157 18.8
      vertex 12.2607 -0.163157 19.8
    endloop
  endfacet
  facet normal 0.980784 0.195096 0
    outer loop
      vertex 12.2607 -0.163157 18.8
      vertex 12.2926 -0.323524 19.8
      vertex 12.2926 -0.323524 18.8
    endloop
  endfacet
  facet normal -0.195175 0.980768 0
    outer loop
      vertex 13.8235 -1.20741 18.8
      vertex 13.6632 -1.23931 19.8
      vertex 13.8235 -1.20741 19.8
    endloop
  endfacet
  facet normal -0.195175 0.980768 0
    outer loop
      vertex 13.6632 -1.23931 19.8
      vertex 13.8235 -1.20741 18.8
      vertex 13.6632 -1.23931 18.8
    endloop
  endfacet
  facet normal -0.896916 -0.442201 0
    outer loop
      vertex 14.6548 0.478354 18.8
      vertex 14.5825 0.625 19.8
      vertex 14.5825 0.625 18.8
    endloop
  endfacet
  facet normal -0.896916 -0.442201 0
    outer loop
      vertex 14.5825 0.625 19.8
      vertex 14.6548 0.478354 18.8
      vertex 14.6548 0.478354 19.8
    endloop
  endfacet
  facet normal -0.946851 -0.321671 0
    outer loop
      vertex 14.7074 0.323524 18.8
      vertex 14.6548 0.478354 19.8
      vertex 14.6548 0.478354 18.8
    endloop
  endfacet
  facet normal -0.946851 -0.321671 0
    outer loop
      vertex 14.6548 0.478354 19.8
      vertex 14.7074 0.323524 18.8
      vertex 14.7074 0.323524 19.8
    endloop
  endfacet
  facet normal -0.980784 -0.195096 0
    outer loop
      vertex 14.7393 0.163157 18.8
      vertex 14.7074 0.323524 19.8
      vertex 14.7074 0.323524 18.8
    endloop
  endfacet
  facet normal -0.980784 -0.195096 0
    outer loop
      vertex 14.7074 0.323524 19.8
      vertex 14.7393 0.163157 18.8
      vertex 14.7393 0.163157 19.8
    endloop
  endfacet
  facet normal 0.997856 -0.0654404 0
    outer loop
      vertex 12.25 0 19.8
      vertex 12.2607 0.163157 18.8
      vertex 12.2607 0.163157 19.8
    endloop
  endfacet
  facet normal 0.997856 -0.0654404 0
    outer loop
      vertex 12.2607 0.163157 18.8
      vertex 12.25 0 19.8
      vertex 12.25 0 18.8
    endloop
  endfacet
  facet normal -0.751865 0.659317 0
    outer loop
      vertex 14.3839 -0.883883 18.8
      vertex 14.4917 -0.760951 19.8
      vertex 14.4917 -0.760951 18.8
    endloop
  endfacet
  facet normal -0.751865 0.659317 0
    outer loop
      vertex 14.4917 -0.760951 19.8
      vertex 14.3839 -0.883883 18.8
      vertex 14.3839 -0.883883 19.8
    endloop
  endfacet
  facet normal -0.896916 0.442201 0
    outer loop
      vertex 14.5825 -0.625 18.8
      vertex 14.6548 -0.478354 19.8
      vertex 14.6548 -0.478354 18.8
    endloop
  endfacet
  facet normal -0.896916 0.442201 0
    outer loop
      vertex 14.6548 -0.478354 19.8
      vertex 14.5825 -0.625 18.8
      vertex 14.5825 -0.625 19.8
    endloop
  endfacet
  facet normal -0.0653624 0.997862 0
    outer loop
      vertex 13.6632 -1.23931 18.8
      vertex 13.5 -1.25 19.8
      vertex 13.6632 -1.23931 19.8
    endloop
  endfacet
  facet normal -0.0653624 0.997862 0
    outer loop
      vertex 13.5 -1.25 19.8
      vertex 13.6632 -1.23931 18.8
      vertex 13.5 -1.25 18.8
    endloop
  endfacet
  facet normal 0.896673 0.442693 0
    outer loop
      vertex 12.4175 -0.625 19.8
      vertex 12.3451 -0.478354 18.8
      vertex 12.3451 -0.478354 19.8
    endloop
  endfacet
  facet normal 0.896673 0.442693 0
    outer loop
      vertex 12.3451 -0.478354 18.8
      vertex 12.4175 -0.625 19.8
      vertex 12.4175 -0.625 18.8
    endloop
  endfacet
  facet normal 0.659445 0.751753 -0
    outer loop
      vertex 12.739 -0.991692 18.8
      vertex 12.6161 -0.883883 19.8
      vertex 12.739 -0.991692 19.8
    endloop
  endfacet
  facet normal 0.659445 0.751753 0
    outer loop
      vertex 12.6161 -0.883883 19.8
      vertex 12.739 -0.991692 18.8
      vertex 12.6161 -0.883883 18.8
    endloop
  endfacet
  facet normal -0.442411 0.896812 0
    outer loop
      vertex 14.125 -1.08253 18.8
      vertex 13.9784 -1.15485 19.8
      vertex 14.125 -1.08253 19.8
    endloop
  endfacet
  facet normal -0.442411 0.896812 0
    outer loop
      vertex 13.9784 -1.15485 19.8
      vertex 14.125 -1.08253 18.8
      vertex 13.9784 -1.15485 18.8
    endloop
  endfacet
  facet normal -0.321322 0.94697 0
    outer loop
      vertex 13.9784 -1.15485 18.8
      vertex 13.8235 -1.20741 19.8
      vertex 13.9784 -1.15485 19.8
    endloop
  endfacet
  facet normal -0.321322 0.94697 0
    outer loop
      vertex 13.8235 -1.20741 19.8
      vertex 13.9784 -1.15485 18.8
      vertex 13.8235 -1.20741 18.8
    endloop
  endfacet
  facet normal -0.659445 0.751753 0
    outer loop
      vertex 14.3839 -0.883883 18.8
      vertex 14.261 -0.991692 19.8
      vertex 14.3839 -0.883883 19.8
    endloop
  endfacet
  facet normal -0.659445 0.751753 0
    outer loop
      vertex 14.261 -0.991692 19.8
      vertex 14.3839 -0.883883 18.8
      vertex 14.261 -0.991692 18.8
    endloop
  endfacet
  facet normal -0.555425 0.831566 0
    outer loop
      vertex 14.261 -0.991692 18.8
      vertex 14.125 -1.08253 19.8
      vertex 14.261 -0.991692 19.8
    endloop
  endfacet
  facet normal -0.555425 0.831566 0
    outer loop
      vertex 14.125 -1.08253 19.8
      vertex 14.261 -0.991692 18.8
      vertex 14.125 -1.08253 18.8
    endloop
  endfacet
  facet normal -0.831581 0.555403 0
    outer loop
      vertex 14.4917 -0.760951 18.8
      vertex 14.5825 -0.625 19.8
      vertex 14.5825 -0.625 18.8
    endloop
  endfacet
  facet normal -0.831581 0.555403 0
    outer loop
      vertex 14.5825 -0.625 19.8
      vertex 14.4917 -0.760951 18.8
      vertex 14.4917 -0.760951 19.8
    endloop
  endfacet
  facet normal 0.321322 0.94697 -0
    outer loop
      vertex 13.1765 -1.20741 18.8
      vertex 13.0216 -1.15485 19.8
      vertex 13.1765 -1.20741 19.8
    endloop
  endfacet
  facet normal 0.321322 0.94697 0
    outer loop
      vertex 13.0216 -1.15485 19.8
      vertex 13.1765 -1.20741 18.8
      vertex 13.0216 -1.15485 18.8
    endloop
  endfacet
  facet normal 0.195175 0.980768 -0
    outer loop
      vertex 13.3368 -1.23931 18.8
      vertex 13.1765 -1.20741 19.8
      vertex 13.3368 -1.23931 19.8
    endloop
  endfacet
  facet normal 0.195175 0.980768 0
    outer loop
      vertex 13.1765 -1.20741 19.8
      vertex 13.3368 -1.23931 18.8
      vertex 13.1765 -1.20741 18.8
    endloop
  endfacet
  facet normal 0.947038 0.321123 0
    outer loop
      vertex 12.3451 -0.478354 19.8
      vertex 12.2926 -0.323524 18.8
      vertex 12.2926 -0.323524 19.8
    endloop
  endfacet
  facet normal 0.947038 0.321123 0
    outer loop
      vertex 12.2926 -0.323524 18.8
      vertex 12.3451 -0.478354 19.8
      vertex 12.3451 -0.478354 18.8
    endloop
  endfacet
  facet normal 0.0653624 0.997862 -0
    outer loop
      vertex 13.5 -1.25 18.8
      vertex 13.3368 -1.23931 19.8
      vertex 13.5 -1.25 19.8
    endloop
  endfacet
  facet normal 0.0653624 0.997862 0
    outer loop
      vertex 13.3368 -1.23931 19.8
      vertex 13.5 -1.25 18.8
      vertex 13.3368 -1.23931 18.8
    endloop
  endfacet
  facet normal 0.751865 0.659317 0
    outer loop
      vertex 12.6161 -0.883883 19.8
      vertex 12.5083 -0.760951 18.8
      vertex 12.5083 -0.760951 19.8
    endloop
  endfacet
  facet normal 0.751865 0.659317 0
    outer loop
      vertex 12.5083 -0.760951 18.8
      vertex 12.6161 -0.883883 19.8
      vertex 12.6161 -0.883883 18.8
    endloop
  endfacet
  facet normal 0.831581 0.555403 0
    outer loop
      vertex 12.5083 -0.760951 19.8
      vertex 12.4175 -0.625 18.8
      vertex 12.4175 -0.625 19.8
    endloop
  endfacet
  facet normal 0.831581 0.555403 0
    outer loop
      vertex 12.4175 -0.625 18.8
      vertex 12.5083 -0.760951 19.8
      vertex 12.5083 -0.760951 18.8
    endloop
  endfacet
  facet normal 0.442411 0.896812 -0
    outer loop
      vertex 13.0216 -1.15485 18.8
      vertex 12.875 -1.08253 19.8
      vertex 13.0216 -1.15485 19.8
    endloop
  endfacet
  facet normal 0.442411 0.896812 0
    outer loop
      vertex 12.875 -1.08253 19.8
      vertex 13.0216 -1.15485 18.8
      vertex 12.875 -1.08253 18.8
    endloop
  endfacet
  facet normal 0.555425 0.831566 -0
    outer loop
      vertex 12.875 -1.08253 18.8
      vertex 12.739 -0.991692 19.8
      vertex 12.875 -1.08253 19.8
    endloop
  endfacet
  facet normal 0.555425 0.831566 0
    outer loop
      vertex 12.739 -0.991692 19.8
      vertex 12.875 -1.08253 18.8
      vertex 12.739 -0.991692 18.8
    endloop
  endfacet
  facet normal 0.980782 -0.195105 0
    outer loop
      vertex 12.2607 6.16316 19.8
      vertex 12.2926 6.32352 18.8
      vertex 12.2926 6.32352 19.8
    endloop
  endfacet
  facet normal 0.980782 -0.195105 0
    outer loop
      vertex 12.2926 6.32352 18.8
      vertex 12.2607 6.16316 19.8
      vertex 12.2607 6.16316 18.8
    endloop
  endfacet
  facet normal 0.195175 0.980768 -0
    outer loop
      vertex 13.3368 4.76069 18.8
      vertex 13.1765 4.79259 19.8
      vertex 13.3368 4.76069 19.8
    endloop
  endfacet
  facet normal 0.195175 0.980768 0
    outer loop
      vertex 13.1765 4.79259 19.8
      vertex 13.3368 4.76069 18.8
      vertex 13.1765 4.79259 18.8
    endloop
  endfacet
  facet normal -0.442411 -0.896812 0
    outer loop
      vertex 13.9784 7.15485 18.8
      vertex 14.125 7.08253 19.8
      vertex 13.9784 7.15485 19.8
    endloop
  endfacet
  facet normal -0.442411 -0.896812 -0
    outer loop
      vertex 14.125 7.08253 19.8
      vertex 13.9784 7.15485 18.8
      vertex 14.125 7.08253 18.8
    endloop
  endfacet
  facet normal 0.442411 -0.896812 0
    outer loop
      vertex 12.875 7.08253 18.8
      vertex 13.0216 7.15485 19.8
      vertex 12.875 7.08253 19.8
    endloop
  endfacet
  facet normal 0.442411 -0.896812 0
    outer loop
      vertex 13.0216 7.15485 19.8
      vertex 12.875 7.08253 18.8
      vertex 13.0216 7.15485 18.8
    endloop
  endfacet
  facet normal 0.947038 -0.321123 0
    outer loop
      vertex 12.2926 6.32352 19.8
      vertex 12.3451 6.47835 18.8
      vertex 12.3451 6.47835 19.8
    endloop
  endfacet
  facet normal 0.947038 -0.321123 0
    outer loop
      vertex 12.3451 6.47835 18.8
      vertex 12.2926 6.32352 19.8
      vertex 12.2926 6.32352 18.8
    endloop
  endfacet
  facet normal 0.831579 0.555406 0
    outer loop
      vertex 12.5083 5.23905 19.8
      vertex 12.4175 5.375 18.8
      vertex 12.4175 5.375 19.8
    endloop
  endfacet
  facet normal 0.831579 0.555406 0
    outer loop
      vertex 12.4175 5.375 18.8
      vertex 12.5083 5.23905 19.8
      vertex 12.5083 5.23905 18.8
    endloop
  endfacet
  facet normal -0.946851 -0.321671 0
    outer loop
      vertex 14.7074 6.32352 18.8
      vertex 14.6548 6.47835 19.8
      vertex 14.6548 6.47835 18.8
    endloop
  endfacet
  facet normal -0.946851 -0.321671 0
    outer loop
      vertex 14.6548 6.47835 19.8
      vertex 14.7074 6.32352 18.8
      vertex 14.7074 6.32352 19.8
    endloop
  endfacet
  facet normal -0.659448 -0.75175 0
    outer loop
      vertex 14.261 6.99169 18.8
      vertex 14.3839 6.88388 19.8
      vertex 14.261 6.99169 19.8
    endloop
  endfacet
  facet normal -0.659448 -0.75175 -0
    outer loop
      vertex 14.3839 6.88388 19.8
      vertex 14.261 6.99169 18.8
      vertex 14.3839 6.88388 18.8
    endloop
  endfacet
  facet normal -0.321322 -0.94697 0
    outer loop
      vertex 13.8235 7.20741 18.8
      vertex 13.9784 7.15485 19.8
      vertex 13.8235 7.20741 19.8
    endloop
  endfacet
  facet normal -0.321322 -0.94697 -0
    outer loop
      vertex 13.9784 7.15485 19.8
      vertex 13.8235 7.20741 18.8
      vertex 13.9784 7.15485 18.8
    endloop
  endfacet
  facet normal 0.0653624 -0.997862 0
    outer loop
      vertex 13.3368 7.23931 18.8
      vertex 13.5 7.25 19.8
      vertex 13.3368 7.23931 19.8
    endloop
  endfacet
  facet normal 0.0653624 -0.997862 0
    outer loop
      vertex 13.5 7.25 19.8
      vertex 13.3368 7.23931 18.8
      vertex 13.5 7.25 18.8
    endloop
  endfacet
  facet normal -0.0653624 -0.997862 0
    outer loop
      vertex 13.5 7.25 18.8
      vertex 13.6632 7.23931 19.8
      vertex 13.5 7.25 19.8
    endloop
  endfacet
  facet normal -0.0653624 -0.997862 -0
    outer loop
      vertex 13.6632 7.23931 19.8
      vertex 13.5 7.25 18.8
      vertex 13.6632 7.23931 18.8
    endloop
  endfacet
  facet normal 0.997857 0.0654392 0
    outer loop
      vertex 12.2607 5.83684 19.8
      vertex 12.25 6 18.8
      vertex 12.25 6 19.8
    endloop
  endfacet
  facet normal 0.997857 0.0654392 0
    outer loop
      vertex 12.25 6 18.8
      vertex 12.2607 5.83684 19.8
      vertex 12.2607 5.83684 18.8
    endloop
  endfacet
  facet normal 0.831579 -0.555406 0
    outer loop
      vertex 12.4175 6.625 19.8
      vertex 12.5083 6.76095 18.8
      vertex 12.5083 6.76095 19.8
    endloop
  endfacet
  facet normal 0.831579 -0.555406 0
    outer loop
      vertex 12.5083 6.76095 18.8
      vertex 12.4175 6.625 19.8
      vertex 12.4175 6.625 18.8
    endloop
  endfacet
  facet normal 0.195175 -0.980768 0
    outer loop
      vertex 13.1765 7.20741 18.8
      vertex 13.3368 7.23931 19.8
      vertex 13.1765 7.20741 19.8
    endloop
  endfacet
  facet normal 0.195175 -0.980768 0
    outer loop
      vertex 13.3368 7.23931 19.8
      vertex 13.1765 7.20741 18.8
      vertex 13.3368 7.23931 18.8
    endloop
  endfacet
  facet normal 0.75186 -0.659323 0
    outer loop
      vertex 12.5083 6.76095 19.8
      vertex 12.6161 6.88388 18.8
      vertex 12.6161 6.88388 19.8
    endloop
  endfacet
  facet normal 0.75186 -0.659323 0
    outer loop
      vertex 12.6161 6.88388 18.8
      vertex 12.5083 6.76095 19.8
      vertex 12.5083 6.76095 18.8
    endloop
  endfacet
  facet normal -0.997857 -0.0654392 0
    outer loop
      vertex 14.75 6 18.8
      vertex 14.7393 6.16316 19.8
      vertex 14.7393 6.16316 18.8
    endloop
  endfacet
  facet normal -0.997857 -0.0654392 0
    outer loop
      vertex 14.7393 6.16316 19.8
      vertex 14.75 6 18.8
      vertex 14.75 6 19.8
    endloop
  endfacet
  facet normal -0.195175 0.980768 0
    outer loop
      vertex 13.8235 4.79259 18.8
      vertex 13.6632 4.76069 19.8
      vertex 13.8235 4.79259 19.8
    endloop
  endfacet
  facet normal -0.195175 0.980768 0
    outer loop
      vertex 13.6632 4.76069 19.8
      vertex 13.8235 4.79259 18.8
      vertex 13.6632 4.76069 18.8
    endloop
  endfacet
  facet normal -0.831579 0.555406 0
    outer loop
      vertex 14.4917 5.23905 18.8
      vertex 14.5825 5.375 19.8
      vertex 14.5825 5.375 18.8
    endloop
  endfacet
  facet normal -0.831579 0.555406 0
    outer loop
      vertex 14.5825 5.375 19.8
      vertex 14.4917 5.23905 18.8
      vertex 14.4917 5.23905 19.8
    endloop
  endfacet
  facet normal -0.321322 0.94697 0
    outer loop
      vertex 13.9784 4.84515 18.8
      vertex 13.8235 4.79259 19.8
      vertex 13.9784 4.84515 19.8
    endloop
  endfacet
  facet normal -0.321322 0.94697 0
    outer loop
      vertex 13.8235 4.79259 19.8
      vertex 13.9784 4.84515 18.8
      vertex 13.8235 4.79259 18.8
    endloop
  endfacet
  facet normal 0.442411 0.896812 -0
    outer loop
      vertex 13.0216 4.84515 18.8
      vertex 12.875 4.91747 19.8
      vertex 13.0216 4.84515 19.8
    endloop
  endfacet
  facet normal 0.442411 0.896812 0
    outer loop
      vertex 12.875 4.91747 19.8
      vertex 13.0216 4.84515 18.8
      vertex 12.875 4.91747 18.8
    endloop
  endfacet
  facet normal 0.980782 0.195105 0
    outer loop
      vertex 12.2926 5.67648 19.8
      vertex 12.2607 5.83684 18.8
      vertex 12.2607 5.83684 19.8
    endloop
  endfacet
  facet normal 0.980782 0.195105 0
    outer loop
      vertex 12.2607 5.83684 18.8
      vertex 12.2926 5.67648 19.8
      vertex 12.2926 5.67648 18.8
    endloop
  endfacet
  facet normal -0.980782 -0.195105 0
    outer loop
      vertex 14.7393 6.16316 18.8
      vertex 14.7074 6.32352 19.8
      vertex 14.7074 6.32352 18.8
    endloop
  endfacet
  facet normal -0.980782 -0.195105 0
    outer loop
      vertex 14.7074 6.32352 19.8
      vertex 14.7393 6.16316 18.8
      vertex 14.7393 6.16316 19.8
    endloop
  endfacet
  facet normal -0.896921 -0.442191 0
    outer loop
      vertex 14.6548 6.47835 18.8
      vertex 14.5825 6.625 19.8
      vertex 14.5825 6.625 18.8
    endloop
  endfacet
  facet normal -0.896921 -0.442191 0
    outer loop
      vertex 14.5825 6.625 19.8
      vertex 14.6548 6.47835 18.8
      vertex 14.6548 6.47835 19.8
    endloop
  endfacet
  facet normal -0.831579 -0.555406 0
    outer loop
      vertex 14.5825 6.625 18.8
      vertex 14.4917 6.76095 19.8
      vertex 14.4917 6.76095 18.8
    endloop
  endfacet
  facet normal -0.831579 -0.555406 0
    outer loop
      vertex 14.4917 6.76095 19.8
      vertex 14.5825 6.625 18.8
      vertex 14.5825 6.625 19.8
    endloop
  endfacet
  facet normal -0.75186 -0.659323 0
    outer loop
      vertex 14.4917 6.76095 18.8
      vertex 14.3839 6.88388 19.8
      vertex 14.3839 6.88388 18.8
    endloop
  endfacet
  facet normal -0.75186 -0.659323 0
    outer loop
      vertex 14.3839 6.88388 19.8
      vertex 14.4917 6.76095 18.8
      vertex 14.4917 6.76095 19.8
    endloop
  endfacet
  facet normal 0.896678 -0.442683 0
    outer loop
      vertex 12.3451 6.47835 19.8
      vertex 12.4175 6.625 18.8
      vertex 12.4175 6.625 19.8
    endloop
  endfacet
  facet normal 0.896678 -0.442683 0
    outer loop
      vertex 12.4175 6.625 18.8
      vertex 12.3451 6.47835 19.8
      vertex 12.3451 6.47835 18.8
    endloop
  endfacet
  facet normal 0.321322 -0.94697 0
    outer loop
      vertex 13.0216 7.15485 18.8
      vertex 13.1765 7.20741 19.8
      vertex 13.0216 7.15485 19.8
    endloop
  endfacet
  facet normal 0.321322 -0.94697 0
    outer loop
      vertex 13.1765 7.20741 19.8
      vertex 13.0216 7.15485 18.8
      vertex 13.1765 7.20741 18.8
    endloop
  endfacet
  facet normal 0.555434 -0.831561 0
    outer loop
      vertex 12.739 6.99169 18.8
      vertex 12.875 7.08253 19.8
      vertex 12.739 6.99169 19.8
    endloop
  endfacet
  facet normal 0.555434 -0.831561 0
    outer loop
      vertex 12.875 7.08253 19.8
      vertex 12.739 6.99169 18.8
      vertex 12.875 7.08253 18.8
    endloop
  endfacet
  facet normal 0.659448 -0.75175 0
    outer loop
      vertex 12.6161 6.88388 18.8
      vertex 12.739 6.99169 19.8
      vertex 12.6161 6.88388 19.8
    endloop
  endfacet
  facet normal 0.659448 -0.75175 0
    outer loop
      vertex 12.739 6.99169 19.8
      vertex 12.6161 6.88388 18.8
      vertex 12.739 6.99169 18.8
    endloop
  endfacet
  facet normal -0.997857 0.0654392 0
    outer loop
      vertex 14.7393 5.83684 18.8
      vertex 14.75 6 19.8
      vertex 14.75 6 18.8
    endloop
  endfacet
  facet normal -0.997857 0.0654392 0
    outer loop
      vertex 14.75 6 19.8
      vertex 14.7393 5.83684 18.8
      vertex 14.7393 5.83684 19.8
    endloop
  endfacet
  facet normal -0.980782 0.195105 0
    outer loop
      vertex 14.7074 5.67648 18.8
      vertex 14.7393 5.83684 19.8
      vertex 14.7393 5.83684 18.8
    endloop
  endfacet
  facet normal -0.980782 0.195105 0
    outer loop
      vertex 14.7393 5.83684 19.8
      vertex 14.7074 5.67648 18.8
      vertex 14.7074 5.67648 19.8
    endloop
  endfacet
  facet normal -0.555434 0.831561 0
    outer loop
      vertex 14.261 5.00831 18.8
      vertex 14.125 4.91747 19.8
      vertex 14.261 5.00831 19.8
    endloop
  endfacet
  facet normal -0.555434 0.831561 0
    outer loop
      vertex 14.125 4.91747 19.8
      vertex 14.261 5.00831 18.8
      vertex 14.125 4.91747 18.8
    endloop
  endfacet
  facet normal -0.75186 0.659323 0
    outer loop
      vertex 14.3839 5.11612 18.8
      vertex 14.4917 5.23905 19.8
      vertex 14.4917 5.23905 18.8
    endloop
  endfacet
  facet normal -0.75186 0.659323 0
    outer loop
      vertex 14.4917 5.23905 19.8
      vertex 14.3839 5.11612 18.8
      vertex 14.3839 5.11612 19.8
    endloop
  endfacet
  facet normal -0.659448 0.75175 0
    outer loop
      vertex 14.3839 5.11612 18.8
      vertex 14.261 5.00831 19.8
      vertex 14.3839 5.11612 19.8
    endloop
  endfacet
  facet normal -0.659448 0.75175 0
    outer loop
      vertex 14.261 5.00831 19.8
      vertex 14.3839 5.11612 18.8
      vertex 14.261 5.00831 18.8
    endloop
  endfacet
  facet normal -0.946851 0.321671 0
    outer loop
      vertex 14.6548 5.52165 18.8
      vertex 14.7074 5.67648 19.8
      vertex 14.7074 5.67648 18.8
    endloop
  endfacet
  facet normal -0.946851 0.321671 0
    outer loop
      vertex 14.7074 5.67648 19.8
      vertex 14.6548 5.52165 18.8
      vertex 14.6548 5.52165 19.8
    endloop
  endfacet
  facet normal -0.896921 0.442191 0
    outer loop
      vertex 14.5825 5.375 18.8
      vertex 14.6548 5.52165 19.8
      vertex 14.6548 5.52165 18.8
    endloop
  endfacet
  facet normal -0.896921 0.442191 0
    outer loop
      vertex 14.6548 5.52165 19.8
      vertex 14.5825 5.375 18.8
      vertex 14.5825 5.375 19.8
    endloop
  endfacet
  facet normal 0.0653624 0.997862 -0
    outer loop
      vertex 13.5 4.75 18.8
      vertex 13.3368 4.76069 19.8
      vertex 13.5 4.75 19.8
    endloop
  endfacet
  facet normal 0.0653624 0.997862 0
    outer loop
      vertex 13.3368 4.76069 19.8
      vertex 13.5 4.75 18.8
      vertex 13.3368 4.76069 18.8
    endloop
  endfacet
  facet normal -0.0653624 0.997862 0
    outer loop
      vertex 13.6632 4.76069 18.8
      vertex 13.5 4.75 19.8
      vertex 13.6632 4.76069 19.8
    endloop
  endfacet
  facet normal -0.0653624 0.997862 0
    outer loop
      vertex 13.5 4.75 19.8
      vertex 13.6632 4.76069 18.8
      vertex 13.5 4.75 18.8
    endloop
  endfacet
  facet normal 0.321322 0.94697 -0
    outer loop
      vertex 13.1765 4.79259 18.8
      vertex 13.0216 4.84515 19.8
      vertex 13.1765 4.79259 19.8
    endloop
  endfacet
  facet normal 0.321322 0.94697 0
    outer loop
      vertex 13.0216 4.84515 19.8
      vertex 13.1765 4.79259 18.8
      vertex 13.0216 4.84515 18.8
    endloop
  endfacet
  facet normal 0.555434 0.831561 -0
    outer loop
      vertex 12.875 4.91747 18.8
      vertex 12.739 5.00831 19.8
      vertex 12.875 4.91747 19.8
    endloop
  endfacet
  facet normal 0.555434 0.831561 0
    outer loop
      vertex 12.739 5.00831 19.8
      vertex 12.875 4.91747 18.8
      vertex 12.739 5.00831 18.8
    endloop
  endfacet
  facet normal 0.947038 0.321123 0
    outer loop
      vertex 12.3451 5.52165 19.8
      vertex 12.2926 5.67648 18.8
      vertex 12.2926 5.67648 19.8
    endloop
  endfacet
  facet normal 0.947038 0.321123 0
    outer loop
      vertex 12.2926 5.67648 18.8
      vertex 12.3451 5.52165 19.8
      vertex 12.3451 5.52165 18.8
    endloop
  endfacet
  facet normal 0.659448 0.75175 -0
    outer loop
      vertex 12.739 5.00831 18.8
      vertex 12.6161 5.11612 19.8
      vertex 12.739 5.00831 19.8
    endloop
  endfacet
  facet normal 0.659448 0.75175 0
    outer loop
      vertex 12.6161 5.11612 19.8
      vertex 12.739 5.00831 18.8
      vertex 12.6161 5.11612 18.8
    endloop
  endfacet
  facet normal -0.555434 -0.831561 0
    outer loop
      vertex 14.125 7.08253 18.8
      vertex 14.261 6.99169 19.8
      vertex 14.125 7.08253 19.8
    endloop
  endfacet
  facet normal -0.555434 -0.831561 -0
    outer loop
      vertex 14.261 6.99169 19.8
      vertex 14.125 7.08253 18.8
      vertex 14.261 6.99169 18.8
    endloop
  endfacet
  facet normal -0.195175 -0.980768 0
    outer loop
      vertex 13.6632 7.23931 18.8
      vertex 13.8235 7.20741 19.8
      vertex 13.6632 7.23931 19.8
    endloop
  endfacet
  facet normal -0.195175 -0.980768 -0
    outer loop
      vertex 13.8235 7.20741 19.8
      vertex 13.6632 7.23931 18.8
      vertex 13.8235 7.20741 18.8
    endloop
  endfacet
  facet normal 0.997857 -0.0654392 0
    outer loop
      vertex 12.25 6 19.8
      vertex 12.2607 6.16316 18.8
      vertex 12.2607 6.16316 19.8
    endloop
  endfacet
  facet normal 0.997857 -0.0654392 0
    outer loop
      vertex 12.2607 6.16316 18.8
      vertex 12.25 6 19.8
      vertex 12.25 6 18.8
    endloop
  endfacet
  facet normal -0.442411 0.896812 0
    outer loop
      vertex 14.125 4.91747 18.8
      vertex 13.9784 4.84515 19.8
      vertex 14.125 4.91747 19.8
    endloop
  endfacet
  facet normal -0.442411 0.896812 0
    outer loop
      vertex 13.9784 4.84515 19.8
      vertex 14.125 4.91747 18.8
      vertex 13.9784 4.84515 18.8
    endloop
  endfacet
  facet normal 0.896678 0.442683 0
    outer loop
      vertex 12.4175 5.375 19.8
      vertex 12.3451 5.52165 18.8
      vertex 12.3451 5.52165 19.8
    endloop
  endfacet
  facet normal 0.896678 0.442683 0
    outer loop
      vertex 12.3451 5.52165 18.8
      vertex 12.4175 5.375 19.8
      vertex 12.4175 5.375 18.8
    endloop
  endfacet
  facet normal 0.75186 0.659323 0
    outer loop
      vertex 12.6161 5.11612 19.8
      vertex 12.5083 5.23905 18.8
      vertex 12.5083 5.23905 19.8
    endloop
  endfacet
  facet normal 0.75186 0.659323 0
    outer loop
      vertex 12.5083 5.23905 18.8
      vertex 12.6161 5.11612 19.8
      vertex 12.6161 5.11612 18.8
    endloop
  endfacet
  facet normal -0.831579 -0.555406 0
    outer loop
      vertex 19.0825 -5.375 18.8
      vertex 18.9917 -5.23905 19.8
      vertex 18.9917 -5.23905 18.8
    endloop
  endfacet
  facet normal -0.831579 -0.555406 0
    outer loop
      vertex 18.9917 -5.23905 19.8
      vertex 19.0825 -5.375 18.8
      vertex 19.0825 -5.375 19.8
    endloop
  endfacet
  facet normal -0.321322 -0.94697 0
    outer loop
      vertex 18.3235 -4.79259 18.8
      vertex 18.4784 -4.84515 19.8
      vertex 18.3235 -4.79259 19.8
    endloop
  endfacet
  facet normal -0.321322 -0.94697 -0
    outer loop
      vertex 18.4784 -4.84515 19.8
      vertex 18.3235 -4.79259 18.8
      vertex 18.4784 -4.84515 18.8
    endloop
  endfacet
  facet normal 0.442411 -0.896812 0
    outer loop
      vertex 17.375 -4.91747 18.8
      vertex 17.5216 -4.84515 19.8
      vertex 17.375 -4.91747 19.8
    endloop
  endfacet
  facet normal 0.442411 -0.896812 0
    outer loop
      vertex 17.5216 -4.84515 19.8
      vertex 17.375 -4.91747 18.8
      vertex 17.5216 -4.84515 18.8
    endloop
  endfacet
  facet normal 0.947038 -0.321123 0
    outer loop
      vertex 16.7926 -5.67648 19.8
      vertex 16.8451 -5.52165 18.8
      vertex 16.8451 -5.52165 19.8
    endloop
  endfacet
  facet normal 0.947038 -0.321123 0
    outer loop
      vertex 16.8451 -5.52165 18.8
      vertex 16.7926 -5.67648 19.8
      vertex 16.7926 -5.67648 18.8
    endloop
  endfacet
  facet normal -0.980782 0.195105 0
    outer loop
      vertex 19.2074 -6.32352 18.8
      vertex 19.2393 -6.16316 19.8
      vertex 19.2393 -6.16316 18.8
    endloop
  endfacet
  facet normal -0.980782 0.195105 0
    outer loop
      vertex 19.2393 -6.16316 19.8
      vertex 19.2074 -6.32352 18.8
      vertex 19.2074 -6.32352 19.8
    endloop
  endfacet
  facet normal -0.659448 -0.75175 0
    outer loop
      vertex 18.761 -5.00831 18.8
      vertex 18.8839 -5.11612 19.8
      vertex 18.761 -5.00831 19.8
    endloop
  endfacet
  facet normal -0.659448 -0.75175 -0
    outer loop
      vertex 18.8839 -5.11612 19.8
      vertex 18.761 -5.00831 18.8
      vertex 18.8839 -5.11612 18.8
    endloop
  endfacet
  facet normal -0.0653624 -0.997862 0
    outer loop
      vertex 18 -4.75 18.8
      vertex 18.1632 -4.76069 19.8
      vertex 18 -4.75 19.8
    endloop
  endfacet
  facet normal -0.0653624 -0.997862 -0
    outer loop
      vertex 18.1632 -4.76069 19.8
      vertex 18 -4.75 18.8
      vertex 18.1632 -4.76069 18.8
    endloop
  endfacet
  facet normal -0.442411 -0.896812 0
    outer loop
      vertex 18.4784 -4.84515 18.8
      vertex 18.625 -4.91747 19.8
      vertex 18.4784 -4.84515 19.8
    endloop
  endfacet
  facet normal -0.442411 -0.896812 -0
    outer loop
      vertex 18.625 -4.91747 19.8
      vertex 18.4784 -4.84515 18.8
      vertex 18.625 -4.91747 18.8
    endloop
  endfacet
  facet normal 0.997857 -0.0654392 0
    outer loop
      vertex 16.75 -6 19.8
      vertex 16.7607 -5.83684 18.8
      vertex 16.7607 -5.83684 19.8
    endloop
  endfacet
  facet normal 0.997857 -0.0654392 0
    outer loop
      vertex 16.7607 -5.83684 18.8
      vertex 16.75 -6 19.8
      vertex 16.75 -6 18.8
    endloop
  endfacet
  facet normal 0.831579 -0.555406 0
    outer loop
      vertex 16.9175 -5.375 19.8
      vertex 17.0083 -5.23905 18.8
      vertex 17.0083 -5.23905 19.8
    endloop
  endfacet
  facet normal 0.831579 -0.555406 0
    outer loop
      vertex 17.0083 -5.23905 18.8
      vertex 16.9175 -5.375 19.8
      vertex 16.9175 -5.375 18.8
    endloop
  endfacet
  facet normal 0.195175 -0.980768 0
    outer loop
      vertex 17.6765 -4.79259 18.8
      vertex 17.8368 -4.76069 19.8
      vertex 17.6765 -4.79259 19.8
    endloop
  endfacet
  facet normal 0.195175 -0.980768 0
    outer loop
      vertex 17.8368 -4.76069 19.8
      vertex 17.6765 -4.79259 18.8
      vertex 17.8368 -4.76069 18.8
    endloop
  endfacet
  facet normal 0.75186 -0.659323 0
    outer loop
      vertex 17.0083 -5.23905 19.8
      vertex 17.1161 -5.11612 18.8
      vertex 17.1161 -5.11612 19.8
    endloop
  endfacet
  facet normal 0.75186 -0.659323 0
    outer loop
      vertex 17.1161 -5.11612 18.8
      vertex 17.0083 -5.23905 19.8
      vertex 17.0083 -5.23905 18.8
    endloop
  endfacet
  facet normal -0.997857 -0.0654392 0
    outer loop
      vertex 19.25 -6 18.8
      vertex 19.2393 -5.83684 19.8
      vertex 19.2393 -5.83684 18.8
    endloop
  endfacet
  facet normal -0.997857 -0.0654392 0
    outer loop
      vertex 19.2393 -5.83684 19.8
      vertex 19.25 -6 18.8
      vertex 19.25 -6 19.8
    endloop
  endfacet
  facet normal -0.555434 0.831561 0
    outer loop
      vertex 18.761 -6.99169 18.8
      vertex 18.625 -7.08253 19.8
      vertex 18.761 -6.99169 19.8
    endloop
  endfacet
  facet normal -0.555434 0.831561 0
    outer loop
      vertex 18.625 -7.08253 19.8
      vertex 18.761 -6.99169 18.8
      vertex 18.625 -7.08253 18.8
    endloop
  endfacet
  facet normal -0.947038 0.321123 0
    outer loop
      vertex 19.1549 -6.47835 18.8
      vertex 19.2074 -6.32352 19.8
      vertex 19.2074 -6.32352 18.8
    endloop
  endfacet
  facet normal -0.947038 0.321123 0
    outer loop
      vertex 19.2074 -6.32352 19.8
      vertex 19.1549 -6.47835 18.8
      vertex 19.1549 -6.47835 19.8
    endloop
  endfacet
  facet normal -0.75186 -0.659323 0
    outer loop
      vertex 18.9917 -5.23905 18.8
      vertex 18.8839 -5.11612 19.8
      vertex 18.8839 -5.11612 18.8
    endloop
  endfacet
  facet normal -0.75186 -0.659323 0
    outer loop
      vertex 18.8839 -5.11612 19.8
      vertex 18.9917 -5.23905 18.8
      vertex 18.9917 -5.23905 19.8
    endloop
  endfacet
  facet normal 0.0653624 -0.997862 0
    outer loop
      vertex 17.8368 -4.76069 18.8
      vertex 18 -4.75 19.8
      vertex 17.8368 -4.76069 19.8
    endloop
  endfacet
  facet normal 0.0653624 -0.997862 0
    outer loop
      vertex 18 -4.75 19.8
      vertex 17.8368 -4.76069 18.8
      vertex 18 -4.75 18.8
    endloop
  endfacet
  facet normal -0.195175 -0.980768 0
    outer loop
      vertex 18.1632 -4.76069 18.8
      vertex 18.3235 -4.79259 19.8
      vertex 18.1632 -4.76069 19.8
    endloop
  endfacet
  facet normal -0.195175 -0.980768 -0
    outer loop
      vertex 18.3235 -4.79259 19.8
      vertex 18.1632 -4.76069 18.8
      vertex 18.3235 -4.79259 18.8
    endloop
  endfacet
  facet normal -0.555434 -0.831561 0
    outer loop
      vertex 18.625 -4.91747 18.8
      vertex 18.761 -5.00831 19.8
      vertex 18.625 -4.91747 19.8
    endloop
  endfacet
  facet normal -0.555434 -0.831561 -0
    outer loop
      vertex 18.761 -5.00831 19.8
      vertex 18.625 -4.91747 18.8
      vertex 18.761 -5.00831 18.8
    endloop
  endfacet
  facet normal 0.997857 0.0654392 0
    outer loop
      vertex 16.7607 -6.16316 19.8
      vertex 16.75 -6 18.8
      vertex 16.75 -6 19.8
    endloop
  endfacet
  facet normal 0.997857 0.0654392 0
    outer loop
      vertex 16.75 -6 18.8
      vertex 16.7607 -6.16316 19.8
      vertex 16.7607 -6.16316 18.8
    endloop
  endfacet
  facet normal 0.980782 -0.195105 0
    outer loop
      vertex 16.7607 -5.83684 19.8
      vertex 16.7926 -5.67648 18.8
      vertex 16.7926 -5.67648 19.8
    endloop
  endfacet
  facet normal 0.980782 -0.195105 0
    outer loop
      vertex 16.7926 -5.67648 18.8
      vertex 16.7607 -5.83684 19.8
      vertex 16.7607 -5.83684 18.8
    endloop
  endfacet
  facet normal 0.896678 -0.442683 0
    outer loop
      vertex 16.8451 -5.52165 19.8
      vertex 16.9175 -5.375 18.8
      vertex 16.9175 -5.375 19.8
    endloop
  endfacet
  facet normal 0.896678 -0.442683 0
    outer loop
      vertex 16.9175 -5.375 18.8
      vertex 16.8451 -5.52165 19.8
      vertex 16.8451 -5.52165 18.8
    endloop
  endfacet
  facet normal 0.321322 -0.94697 0
    outer loop
      vertex 17.5216 -4.84515 18.8
      vertex 17.6765 -4.79259 19.8
      vertex 17.5216 -4.84515 19.8
    endloop
  endfacet
  facet normal 0.321322 -0.94697 0
    outer loop
      vertex 17.6765 -4.79259 19.8
      vertex 17.5216 -4.84515 18.8
      vertex 17.6765 -4.79259 18.8
    endloop
  endfacet
  facet normal 0.659448 -0.75175 0
    outer loop
      vertex 17.1161 -5.11612 18.8
      vertex 17.239 -5.00831 19.8
      vertex 17.1161 -5.11612 19.8
    endloop
  endfacet
  facet normal 0.659448 -0.75175 0
    outer loop
      vertex 17.239 -5.00831 19.8
      vertex 17.1161 -5.11612 18.8
      vertex 17.239 -5.00831 18.8
    endloop
  endfacet
  facet normal 0.555434 -0.831561 0
    outer loop
      vertex 17.239 -5.00831 18.8
      vertex 17.375 -4.91747 19.8
      vertex 17.239 -5.00831 19.8
    endloop
  endfacet
  facet normal 0.555434 -0.831561 0
    outer loop
      vertex 17.375 -4.91747 19.8
      vertex 17.239 -5.00831 18.8
      vertex 17.375 -4.91747 18.8
    endloop
  endfacet
  facet normal -0.997857 0.0654392 0
    outer loop
      vertex 19.2393 -6.16316 18.8
      vertex 19.25 -6 19.8
      vertex 19.25 -6 18.8
    endloop
  endfacet
  facet normal -0.997857 0.0654392 0
    outer loop
      vertex 19.25 -6 19.8
      vertex 19.2393 -6.16316 18.8
      vertex 19.2393 -6.16316 19.8
    endloop
  endfacet
  facet normal 0.980782 0.195105 0
    outer loop
      vertex 16.7926 -6.32352 19.8
      vertex 16.7607 -6.16316 18.8
      vertex 16.7607 -6.16316 19.8
    endloop
  endfacet
  facet normal 0.980782 0.195105 0
    outer loop
      vertex 16.7607 -6.16316 18.8
      vertex 16.7926 -6.32352 19.8
      vertex 16.7926 -6.32352 18.8
    endloop
  endfacet
  facet normal 0.831579 0.555406 0
    outer loop
      vertex 17.0083 -6.76095 19.8
      vertex 16.9175 -6.625 18.8
      vertex 16.9175 -6.625 19.8
    endloop
  endfacet
  facet normal 0.831579 0.555406 0
    outer loop
      vertex 16.9175 -6.625 18.8
      vertex 17.0083 -6.76095 19.8
      vertex 17.0083 -6.76095 18.8
    endloop
  endfacet
  facet normal -0.195175 0.980768 0
    outer loop
      vertex 18.3235 -7.20741 18.8
      vertex 18.1632 -7.23931 19.8
      vertex 18.3235 -7.20741 19.8
    endloop
  endfacet
  facet normal -0.195175 0.980768 0
    outer loop
      vertex 18.1632 -7.23931 19.8
      vertex 18.3235 -7.20741 18.8
      vertex 18.1632 -7.23931 18.8
    endloop
  endfacet
  facet normal -0.896678 -0.442683 0
    outer loop
      vertex 19.1549 -5.52165 18.8
      vertex 19.0825 -5.375 19.8
      vertex 19.0825 -5.375 18.8
    endloop
  endfacet
  facet normal -0.896678 -0.442683 0
    outer loop
      vertex 19.0825 -5.375 19.8
      vertex 19.1549 -5.52165 18.8
      vertex 19.1549 -5.52165 19.8
    endloop
  endfacet
  facet normal -0.947038 -0.321123 0
    outer loop
      vertex 19.2074 -5.67648 18.8
      vertex 19.1549 -5.52165 19.8
      vertex 19.1549 -5.52165 18.8
    endloop
  endfacet
  facet normal -0.947038 -0.321123 0
    outer loop
      vertex 19.1549 -5.52165 19.8
      vertex 19.2074 -5.67648 18.8
      vertex 19.2074 -5.67648 19.8
    endloop
  endfacet
  facet normal -0.980782 -0.195105 0
    outer loop
      vertex 19.2393 -5.83684 18.8
      vertex 19.2074 -5.67648 19.8
      vertex 19.2074 -5.67648 18.8
    endloop
  endfacet
  facet normal -0.980782 -0.195105 0
    outer loop
      vertex 19.2074 -5.67648 19.8
      vertex 19.2393 -5.83684 18.8
      vertex 19.2393 -5.83684 19.8
    endloop
  endfacet
  facet normal -0.75186 0.659323 0
    outer loop
      vertex 18.8839 -6.88388 18.8
      vertex 18.9917 -6.76095 19.8
      vertex 18.9917 -6.76095 18.8
    endloop
  endfacet
  facet normal -0.75186 0.659323 0
    outer loop
      vertex 18.9917 -6.76095 19.8
      vertex 18.8839 -6.88388 18.8
      vertex 18.8839 -6.88388 19.8
    endloop
  endfacet
  facet normal -0.896678 0.442683 0
    outer loop
      vertex 19.0825 -6.625 18.8
      vertex 19.1549 -6.47835 19.8
      vertex 19.1549 -6.47835 18.8
    endloop
  endfacet
  facet normal -0.896678 0.442683 0
    outer loop
      vertex 19.1549 -6.47835 19.8
      vertex 19.0825 -6.625 18.8
      vertex 19.0825 -6.625 19.8
    endloop
  endfacet
  facet normal -0.0653624 0.997862 0
    outer loop
      vertex 18.1632 -7.23931 18.8
      vertex 18 -7.25 19.8
      vertex 18.1632 -7.23931 19.8
    endloop
  endfacet
  facet normal -0.0653624 0.997862 0
    outer loop
      vertex 18 -7.25 19.8
      vertex 18.1632 -7.23931 18.8
      vertex 18 -7.25 18.8
    endloop
  endfacet
  facet normal 0.896678 0.442683 0
    outer loop
      vertex 16.9175 -6.625 19.8
      vertex 16.8451 -6.47835 18.8
      vertex 16.8451 -6.47835 19.8
    endloop
  endfacet
  facet normal 0.896678 0.442683 0
    outer loop
      vertex 16.8451 -6.47835 18.8
      vertex 16.9175 -6.625 19.8
      vertex 16.9175 -6.625 18.8
    endloop
  endfacet
  facet normal 0.659448 0.75175 -0
    outer loop
      vertex 17.239 -6.99169 18.8
      vertex 17.1161 -6.88388 19.8
      vertex 17.239 -6.99169 19.8
    endloop
  endfacet
  facet normal 0.659448 0.75175 0
    outer loop
      vertex 17.1161 -6.88388 19.8
      vertex 17.239 -6.99169 18.8
      vertex 17.1161 -6.88388 18.8
    endloop
  endfacet
  facet normal -0.442411 0.896812 0
    outer loop
      vertex 18.625 -7.08253 18.8
      vertex 18.4784 -7.15485 19.8
      vertex 18.625 -7.08253 19.8
    endloop
  endfacet
  facet normal -0.442411 0.896812 0
    outer loop
      vertex 18.4784 -7.15485 19.8
      vertex 18.625 -7.08253 18.8
      vertex 18.4784 -7.15485 18.8
    endloop
  endfacet
  facet normal -0.321322 0.94697 0
    outer loop
      vertex 18.4784 -7.15485 18.8
      vertex 18.3235 -7.20741 19.8
      vertex 18.4784 -7.15485 19.8
    endloop
  endfacet
  facet normal -0.321322 0.94697 0
    outer loop
      vertex 18.3235 -7.20741 19.8
      vertex 18.4784 -7.15485 18.8
      vertex 18.3235 -7.20741 18.8
    endloop
  endfacet
  facet normal -0.659448 0.75175 0
    outer loop
      vertex 18.8839 -6.88388 18.8
      vertex 18.761 -6.99169 19.8
      vertex 18.8839 -6.88388 19.8
    endloop
  endfacet
  facet normal -0.659448 0.75175 0
    outer loop
      vertex 18.761 -6.99169 19.8
      vertex 18.8839 -6.88388 18.8
      vertex 18.761 -6.99169 18.8
    endloop
  endfacet
  facet normal -0.831579 0.555406 0
    outer loop
      vertex 18.9917 -6.76095 18.8
      vertex 19.0825 -6.625 19.8
      vertex 19.0825 -6.625 18.8
    endloop
  endfacet
  facet normal -0.831579 0.555406 0
    outer loop
      vertex 19.0825 -6.625 19.8
      vertex 18.9917 -6.76095 18.8
      vertex 18.9917 -6.76095 19.8
    endloop
  endfacet
  facet normal 0.321322 0.94697 -0
    outer loop
      vertex 17.6765 -7.20741 18.8
      vertex 17.5216 -7.15485 19.8
      vertex 17.6765 -7.20741 19.8
    endloop
  endfacet
  facet normal 0.321322 0.94697 0
    outer loop
      vertex 17.5216 -7.15485 19.8
      vertex 17.6765 -7.20741 18.8
      vertex 17.5216 -7.15485 18.8
    endloop
  endfacet
  facet normal 0.195175 0.980768 -0
    outer loop
      vertex 17.8368 -7.23931 18.8
      vertex 17.6765 -7.20741 19.8
      vertex 17.8368 -7.23931 19.8
    endloop
  endfacet
  facet normal 0.195175 0.980768 0
    outer loop
      vertex 17.6765 -7.20741 19.8
      vertex 17.8368 -7.23931 18.8
      vertex 17.6765 -7.20741 18.8
    endloop
  endfacet
  facet normal 0.947038 0.321123 0
    outer loop
      vertex 16.8451 -6.47835 19.8
      vertex 16.7926 -6.32352 18.8
      vertex 16.7926 -6.32352 19.8
    endloop
  endfacet
  facet normal 0.947038 0.321123 0
    outer loop
      vertex 16.7926 -6.32352 18.8
      vertex 16.8451 -6.47835 19.8
      vertex 16.8451 -6.47835 18.8
    endloop
  endfacet
  facet normal 0.555434 0.831561 -0
    outer loop
      vertex 17.375 -7.08253 18.8
      vertex 17.239 -6.99169 19.8
      vertex 17.375 -7.08253 19.8
    endloop
  endfacet
  facet normal 0.555434 0.831561 0
    outer loop
      vertex 17.239 -6.99169 19.8
      vertex 17.375 -7.08253 18.8
      vertex 17.239 -6.99169 18.8
    endloop
  endfacet
  facet normal 0.0653624 0.997862 -0
    outer loop
      vertex 18 -7.25 18.8
      vertex 17.8368 -7.23931 19.8
      vertex 18 -7.25 19.8
    endloop
  endfacet
  facet normal 0.0653624 0.997862 0
    outer loop
      vertex 17.8368 -7.23931 19.8
      vertex 18 -7.25 18.8
      vertex 17.8368 -7.23931 18.8
    endloop
  endfacet
  facet normal 0.75186 0.659323 0
    outer loop
      vertex 17.1161 -6.88388 19.8
      vertex 17.0083 -6.76095 18.8
      vertex 17.0083 -6.76095 19.8
    endloop
  endfacet
  facet normal 0.75186 0.659323 0
    outer loop
      vertex 17.0083 -6.76095 18.8
      vertex 17.1161 -6.88388 19.8
      vertex 17.1161 -6.88388 18.8
    endloop
  endfacet
  facet normal 0.442411 0.896812 -0
    outer loop
      vertex 17.5216 -7.15485 18.8
      vertex 17.375 -7.08253 19.8
      vertex 17.5216 -7.15485 19.8
    endloop
  endfacet
  facet normal 0.442411 0.896812 0
    outer loop
      vertex 17.375 -7.08253 19.8
      vertex 17.5216 -7.15485 18.8
      vertex 17.375 -7.08253 18.8
    endloop
  endfacet
  facet normal -0.831581 -0.555403 0
    outer loop
      vertex 19.0825 0.625 18.8
      vertex 18.9917 0.760951 19.8
      vertex 18.9917 0.760951 18.8
    endloop
  endfacet
  facet normal -0.831581 -0.555403 0
    outer loop
      vertex 18.9917 0.760951 19.8
      vertex 19.0825 0.625 18.8
      vertex 19.0825 0.625 19.8
    endloop
  endfacet
  facet normal -0.321322 -0.94697 0
    outer loop
      vertex 18.3235 1.20741 18.8
      vertex 18.4784 1.15485 19.8
      vertex 18.3235 1.20741 19.8
    endloop
  endfacet
  facet normal -0.321322 -0.94697 -0
    outer loop
      vertex 18.4784 1.15485 19.8
      vertex 18.3235 1.20741 18.8
      vertex 18.4784 1.15485 18.8
    endloop
  endfacet
  facet normal 0.442411 -0.896812 0
    outer loop
      vertex 17.375 1.08253 18.8
      vertex 17.5216 1.15485 19.8
      vertex 17.375 1.08253 19.8
    endloop
  endfacet
  facet normal 0.442411 -0.896812 0
    outer loop
      vertex 17.5216 1.15485 19.8
      vertex 17.375 1.08253 18.8
      vertex 17.5216 1.15485 18.8
    endloop
  endfacet
  facet normal 0.947038 -0.321123 0
    outer loop
      vertex 16.7926 0.323524 19.8
      vertex 16.8451 0.478354 18.8
      vertex 16.8451 0.478354 19.8
    endloop
  endfacet
  facet normal 0.947038 -0.321123 0
    outer loop
      vertex 16.8451 0.478354 18.8
      vertex 16.7926 0.323524 19.8
      vertex 16.7926 0.323524 18.8
    endloop
  endfacet
  facet normal -0.980784 0.195096 0
    outer loop
      vertex 19.2074 -0.323524 18.8
      vertex 19.2393 -0.163157 19.8
      vertex 19.2393 -0.163157 18.8
    endloop
  endfacet
  facet normal -0.980784 0.195096 0
    outer loop
      vertex 19.2393 -0.163157 19.8
      vertex 19.2074 -0.323524 18.8
      vertex 19.2074 -0.323524 19.8
    endloop
  endfacet
  facet normal -0.659445 -0.751753 0
    outer loop
      vertex 18.761 0.991692 18.8
      vertex 18.8839 0.883883 19.8
      vertex 18.761 0.991692 19.8
    endloop
  endfacet
  facet normal -0.659445 -0.751753 -0
    outer loop
      vertex 18.8839 0.883883 19.8
      vertex 18.761 0.991692 18.8
      vertex 18.8839 0.883883 18.8
    endloop
  endfacet
  facet normal 0.0653624 -0.997862 0
    outer loop
      vertex 17.8368 1.23931 18.8
      vertex 18 1.25 19.8
      vertex 17.8368 1.23931 19.8
    endloop
  endfacet
  facet normal 0.0653624 -0.997862 0
    outer loop
      vertex 18 1.25 19.8
      vertex 17.8368 1.23931 18.8
      vertex 18 1.25 18.8
    endloop
  endfacet
  facet normal -0.442411 -0.896812 0
    outer loop
      vertex 18.4784 1.15485 18.8
      vertex 18.625 1.08253 19.8
      vertex 18.4784 1.15485 19.8
    endloop
  endfacet
  facet normal -0.442411 -0.896812 -0
    outer loop
      vertex 18.625 1.08253 19.8
      vertex 18.4784 1.15485 18.8
      vertex 18.625 1.08253 18.8
    endloop
  endfacet
  facet normal 0.997856 -0.0654404 0
    outer loop
      vertex 16.75 0 19.8
      vertex 16.7607 0.163157 18.8
      vertex 16.7607 0.163157 19.8
    endloop
  endfacet
  facet normal 0.997856 -0.0654404 0
    outer loop
      vertex 16.7607 0.163157 18.8
      vertex 16.75 0 19.8
      vertex 16.75 0 18.8
    endloop
  endfacet
  facet normal 0.831581 -0.555403 0
    outer loop
      vertex 16.9175 0.625 19.8
      vertex 17.0083 0.760951 18.8
      vertex 17.0083 0.760951 19.8
    endloop
  endfacet
  facet normal 0.831581 -0.555403 0
    outer loop
      vertex 17.0083 0.760951 18.8
      vertex 16.9175 0.625 19.8
      vertex 16.9175 0.625 18.8
    endloop
  endfacet
  facet normal 0.195175 -0.980768 0
    outer loop
      vertex 17.6765 1.20741 18.8
      vertex 17.8368 1.23931 19.8
      vertex 17.6765 1.20741 19.8
    endloop
  endfacet
  facet normal 0.195175 -0.980768 0
    outer loop
      vertex 17.8368 1.23931 19.8
      vertex 17.6765 1.20741 18.8
      vertex 17.8368 1.23931 18.8
    endloop
  endfacet
  facet normal 0.751865 -0.659317 0
    outer loop
      vertex 17.0083 0.760951 19.8
      vertex 17.1161 0.883883 18.8
      vertex 17.1161 0.883883 19.8
    endloop
  endfacet
  facet normal 0.751865 -0.659317 0
    outer loop
      vertex 17.1161 0.883883 18.8
      vertex 17.0083 0.760951 19.8
      vertex 17.0083 0.760951 18.8
    endloop
  endfacet
  facet normal -0.997856 -0.0654404 0
    outer loop
      vertex 19.25 0 18.8
      vertex 19.2393 0.163157 19.8
      vertex 19.2393 0.163157 18.8
    endloop
  endfacet
  facet normal -0.997856 -0.0654404 0
    outer loop
      vertex 19.2393 0.163157 19.8
      vertex 19.25 0 18.8
      vertex 19.25 0 19.8
    endloop
  endfacet
  facet normal -0.947038 0.321123 0
    outer loop
      vertex 19.1549 -0.478354 18.8
      vertex 19.2074 -0.323524 19.8
      vertex 19.2074 -0.323524 18.8
    endloop
  endfacet
  facet normal -0.947038 0.321123 0
    outer loop
      vertex 19.2074 -0.323524 19.8
      vertex 19.1549 -0.478354 18.8
      vertex 19.1549 -0.478354 19.8
    endloop
  endfacet
  facet normal -0.751865 -0.659317 0
    outer loop
      vertex 18.9917 0.760951 18.8
      vertex 18.8839 0.883883 19.8
      vertex 18.8839 0.883883 18.8
    endloop
  endfacet
  facet normal -0.751865 -0.659317 0
    outer loop
      vertex 18.8839 0.883883 19.8
      vertex 18.9917 0.760951 18.8
      vertex 18.9917 0.760951 19.8
    endloop
  endfacet
  facet normal -0.195175 -0.980768 0
    outer loop
      vertex 18.1632 1.23931 18.8
      vertex 18.3235 1.20741 19.8
      vertex 18.1632 1.23931 19.8
    endloop
  endfacet
  facet normal -0.195175 -0.980768 -0
    outer loop
      vertex 18.3235 1.20741 19.8
      vertex 18.1632 1.23931 18.8
      vertex 18.3235 1.20741 18.8
    endloop
  endfacet
  facet normal -0.0653624 -0.997862 0
    outer loop
      vertex 18 1.25 18.8
      vertex 18.1632 1.23931 19.8
      vertex 18 1.25 19.8
    endloop
  endfacet
  facet normal -0.0653624 -0.997862 -0
    outer loop
      vertex 18.1632 1.23931 19.8
      vertex 18 1.25 18.8
      vertex 18.1632 1.23931 18.8
    endloop
  endfacet
  facet normal -0.555425 -0.831566 0
    outer loop
      vertex 18.625 1.08253 18.8
      vertex 18.761 0.991692 19.8
      vertex 18.625 1.08253 19.8
    endloop
  endfacet
  facet normal -0.555425 -0.831566 -0
    outer loop
      vertex 18.761 0.991692 19.8
      vertex 18.625 1.08253 18.8
      vertex 18.761 0.991692 18.8
    endloop
  endfacet
  facet normal 0.997856 0.0654404 0
    outer loop
      vertex 16.7607 -0.163157 19.8
      vertex 16.75 0 18.8
      vertex 16.75 0 19.8
    endloop
  endfacet
  facet normal 0.997856 0.0654404 0
    outer loop
      vertex 16.75 0 18.8
      vertex 16.7607 -0.163157 19.8
      vertex 16.7607 -0.163157 18.8
    endloop
  endfacet
  facet normal 0.980784 -0.195096 0
    outer loop
      vertex 16.7607 0.163157 19.8
      vertex 16.7926 0.323524 18.8
      vertex 16.7926 0.323524 19.8
    endloop
  endfacet
  facet normal 0.980784 -0.195096 0
    outer loop
      vertex 16.7926 0.323524 18.8
      vertex 16.7607 0.163157 19.8
      vertex 16.7607 0.163157 18.8
    endloop
  endfacet
  facet normal 0.896673 -0.442693 0
    outer loop
      vertex 16.8451 0.478354 19.8
      vertex 16.9175 0.625 18.8
      vertex 16.9175 0.625 19.8
    endloop
  endfacet
  facet normal 0.896673 -0.442693 0
    outer loop
      vertex 16.9175 0.625 18.8
      vertex 16.8451 0.478354 19.8
      vertex 16.8451 0.478354 18.8
    endloop
  endfacet
  facet normal 0.321322 -0.94697 0
    outer loop
      vertex 17.5216 1.15485 18.8
      vertex 17.6765 1.20741 19.8
      vertex 17.5216 1.15485 19.8
    endloop
  endfacet
  facet normal 0.321322 -0.94697 0
    outer loop
      vertex 17.6765 1.20741 19.8
      vertex 17.5216 1.15485 18.8
      vertex 17.6765 1.20741 18.8
    endloop
  endfacet
  facet normal 0.659445 -0.751753 0
    outer loop
      vertex 17.1161 0.883883 18.8
      vertex 17.239 0.991692 19.8
      vertex 17.1161 0.883883 19.8
    endloop
  endfacet
  facet normal 0.659445 -0.751753 0
    outer loop
      vertex 17.239 0.991692 19.8
      vertex 17.1161 0.883883 18.8
      vertex 17.239 0.991692 18.8
    endloop
  endfacet
  facet normal 0.555425 -0.831566 0
    outer loop
      vertex 17.239 0.991692 18.8
      vertex 17.375 1.08253 19.8
      vertex 17.239 0.991692 19.8
    endloop
  endfacet
  facet normal 0.555425 -0.831566 0
    outer loop
      vertex 17.375 1.08253 19.8
      vertex 17.239 0.991692 18.8
      vertex 17.375 1.08253 18.8
    endloop
  endfacet
  facet normal -0.997856 0.0654404 0
    outer loop
      vertex 19.2393 -0.163157 18.8
      vertex 19.25 0 19.8
      vertex 19.25 0 18.8
    endloop
  endfacet
  facet normal -0.997856 0.0654404 0
    outer loop
      vertex 19.25 0 19.8
      vertex 19.2393 -0.163157 18.8
      vertex 19.2393 -0.163157 19.8
    endloop
  endfacet
  facet normal 0.980784 0.195096 0
    outer loop
      vertex 16.7926 -0.323524 19.8
      vertex 16.7607 -0.163157 18.8
      vertex 16.7607 -0.163157 19.8
    endloop
  endfacet
  facet normal 0.980784 0.195096 0
    outer loop
      vertex 16.7607 -0.163157 18.8
      vertex 16.7926 -0.323524 19.8
      vertex 16.7926 -0.323524 18.8
    endloop
  endfacet
  facet normal -0.195175 0.980768 0
    outer loop
      vertex 18.3235 -1.20741 18.8
      vertex 18.1632 -1.23931 19.8
      vertex 18.3235 -1.20741 19.8
    endloop
  endfacet
  facet normal -0.195175 0.980768 0
    outer loop
      vertex 18.1632 -1.23931 19.8
      vertex 18.3235 -1.20741 18.8
      vertex 18.1632 -1.23931 18.8
    endloop
  endfacet
  facet normal -0.896673 -0.442693 0
    outer loop
      vertex 19.1549 0.478354 18.8
      vertex 19.0825 0.625 19.8
      vertex 19.0825 0.625 18.8
    endloop
  endfacet
  facet normal -0.896673 -0.442693 0
    outer loop
      vertex 19.0825 0.625 19.8
      vertex 19.1549 0.478354 18.8
      vertex 19.1549 0.478354 19.8
    endloop
  endfacet
  facet normal -0.947038 -0.321123 0
    outer loop
      vertex 19.2074 0.323524 18.8
      vertex 19.1549 0.478354 19.8
      vertex 19.1549 0.478354 18.8
    endloop
  endfacet
  facet normal -0.947038 -0.321123 0
    outer loop
      vertex 19.1549 0.478354 19.8
      vertex 19.2074 0.323524 18.8
      vertex 19.2074 0.323524 19.8
    endloop
  endfacet
  facet normal -0.980784 -0.195096 0
    outer loop
      vertex 19.2393 0.163157 18.8
      vertex 19.2074 0.323524 19.8
      vertex 19.2074 0.323524 18.8
    endloop
  endfacet
  facet normal -0.980784 -0.195096 0
    outer loop
      vertex 19.2074 0.323524 19.8
      vertex 19.2393 0.163157 18.8
      vertex 19.2393 0.163157 19.8
    endloop
  endfacet
  facet normal -0.751865 0.659317 0
    outer loop
      vertex 18.8839 -0.883883 18.8
      vertex 18.9917 -0.760951 19.8
      vertex 18.9917 -0.760951 18.8
    endloop
  endfacet
  facet normal -0.751865 0.659317 0
    outer loop
      vertex 18.9917 -0.760951 19.8
      vertex 18.8839 -0.883883 18.8
      vertex 18.8839 -0.883883 19.8
    endloop
  endfacet
  facet normal -0.896673 0.442693 0
    outer loop
      vertex 19.0825 -0.625 18.8
      vertex 19.1549 -0.478354 19.8
      vertex 19.1549 -0.478354 18.8
    endloop
  endfacet
  facet normal -0.896673 0.442693 0
    outer loop
      vertex 19.1549 -0.478354 19.8
      vertex 19.0825 -0.625 18.8
      vertex 19.0825 -0.625 19.8
    endloop
  endfacet
  facet normal -0.0653624 0.997862 0
    outer loop
      vertex 18.1632 -1.23931 18.8
      vertex 18 -1.25 19.8
      vertex 18.1632 -1.23931 19.8
    endloop
  endfacet
  facet normal -0.0653624 0.997862 0
    outer loop
      vertex 18 -1.25 19.8
      vertex 18.1632 -1.23931 18.8
      vertex 18 -1.25 18.8
    endloop
  endfacet
  facet normal 0.896673 0.442693 0
    outer loop
      vertex 16.9175 -0.625 19.8
      vertex 16.8451 -0.478354 18.8
      vertex 16.8451 -0.478354 19.8
    endloop
  endfacet
  facet normal 0.896673 0.442693 0
    outer loop
      vertex 16.8451 -0.478354 18.8
      vertex 16.9175 -0.625 19.8
      vertex 16.9175 -0.625 18.8
    endloop
  endfacet
  facet normal 0.659445 0.751753 -0
    outer loop
      vertex 17.239 -0.991692 18.8
      vertex 17.1161 -0.883883 19.8
      vertex 17.239 -0.991692 19.8
    endloop
  endfacet
  facet normal 0.659445 0.751753 0
    outer loop
      vertex 17.1161 -0.883883 19.8
      vertex 17.239 -0.991692 18.8
      vertex 17.1161 -0.883883 18.8
    endloop
  endfacet
  facet normal -0.442411 0.896812 0
    outer loop
      vertex 18.625 -1.08253 18.8
      vertex 18.4784 -1.15485 19.8
      vertex 18.625 -1.08253 19.8
    endloop
  endfacet
  facet normal -0.442411 0.896812 0
    outer loop
      vertex 18.4784 -1.15485 19.8
      vertex 18.625 -1.08253 18.8
      vertex 18.4784 -1.15485 18.8
    endloop
  endfacet
  facet normal -0.321322 0.94697 0
    outer loop
      vertex 18.4784 -1.15485 18.8
      vertex 18.3235 -1.20741 19.8
      vertex 18.4784 -1.15485 19.8
    endloop
  endfacet
  facet normal -0.321322 0.94697 0
    outer loop
      vertex 18.3235 -1.20741 19.8
      vertex 18.4784 -1.15485 18.8
      vertex 18.3235 -1.20741 18.8
    endloop
  endfacet
  facet normal -0.659445 0.751753 0
    outer loop
      vertex 18.8839 -0.883883 18.8
      vertex 18.761 -0.991692 19.8
      vertex 18.8839 -0.883883 19.8
    endloop
  endfacet
  facet normal -0.659445 0.751753 0
    outer loop
      vertex 18.761 -0.991692 19.8
      vertex 18.8839 -0.883883 18.8
      vertex 18.761 -0.991692 18.8
    endloop
  endfacet
  facet normal -0.555425 0.831566 0
    outer loop
      vertex 18.761 -0.991692 18.8
      vertex 18.625 -1.08253 19.8
      vertex 18.761 -0.991692 19.8
    endloop
  endfacet
  facet normal -0.555425 0.831566 0
    outer loop
      vertex 18.625 -1.08253 19.8
      vertex 18.761 -0.991692 18.8
      vertex 18.625 -1.08253 18.8
    endloop
  endfacet
  facet normal -0.831581 0.555403 0
    outer loop
      vertex 18.9917 -0.760951 18.8
      vertex 19.0825 -0.625 19.8
      vertex 19.0825 -0.625 18.8
    endloop
  endfacet
  facet normal -0.831581 0.555403 0
    outer loop
      vertex 19.0825 -0.625 19.8
      vertex 18.9917 -0.760951 18.8
      vertex 18.9917 -0.760951 19.8
    endloop
  endfacet
  facet normal 0.321322 0.94697 -0
    outer loop
      vertex 17.6765 -1.20741 18.8
      vertex 17.5216 -1.15485 19.8
      vertex 17.6765 -1.20741 19.8
    endloop
  endfacet
  facet normal 0.321322 0.94697 0
    outer loop
      vertex 17.5216 -1.15485 19.8
      vertex 17.6765 -1.20741 18.8
      vertex 17.5216 -1.15485 18.8
    endloop
  endfacet
  facet normal 0.195175 0.980768 -0
    outer loop
      vertex 17.8368 -1.23931 18.8
      vertex 17.6765 -1.20741 19.8
      vertex 17.8368 -1.23931 19.8
    endloop
  endfacet
  facet normal 0.195175 0.980768 0
    outer loop
      vertex 17.6765 -1.20741 19.8
      vertex 17.8368 -1.23931 18.8
      vertex 17.6765 -1.20741 18.8
    endloop
  endfacet
  facet normal 0.947038 0.321123 0
    outer loop
      vertex 16.8451 -0.478354 19.8
      vertex 16.7926 -0.323524 18.8
      vertex 16.7926 -0.323524 19.8
    endloop
  endfacet
  facet normal 0.947038 0.321123 0
    outer loop
      vertex 16.7926 -0.323524 18.8
      vertex 16.8451 -0.478354 19.8
      vertex 16.8451 -0.478354 18.8
    endloop
  endfacet
  facet normal 0.0653624 0.997862 -0
    outer loop
      vertex 18 -1.25 18.8
      vertex 17.8368 -1.23931 19.8
      vertex 18 -1.25 19.8
    endloop
  endfacet
  facet normal 0.0653624 0.997862 0
    outer loop
      vertex 17.8368 -1.23931 19.8
      vertex 18 -1.25 18.8
      vertex 17.8368 -1.23931 18.8
    endloop
  endfacet
  facet normal 0.751865 0.659317 0
    outer loop
      vertex 17.1161 -0.883883 19.8
      vertex 17.0083 -0.760951 18.8
      vertex 17.0083 -0.760951 19.8
    endloop
  endfacet
  facet normal 0.751865 0.659317 0
    outer loop
      vertex 17.0083 -0.760951 18.8
      vertex 17.1161 -0.883883 19.8
      vertex 17.1161 -0.883883 18.8
    endloop
  endfacet
  facet normal 0.831581 0.555403 0
    outer loop
      vertex 17.0083 -0.760951 19.8
      vertex 16.9175 -0.625 18.8
      vertex 16.9175 -0.625 19.8
    endloop
  endfacet
  facet normal 0.831581 0.555403 0
    outer loop
      vertex 16.9175 -0.625 18.8
      vertex 17.0083 -0.760951 19.8
      vertex 17.0083 -0.760951 18.8
    endloop
  endfacet
  facet normal 0.442411 0.896812 -0
    outer loop
      vertex 17.5216 -1.15485 18.8
      vertex 17.375 -1.08253 19.8
      vertex 17.5216 -1.15485 19.8
    endloop
  endfacet
  facet normal 0.442411 0.896812 0
    outer loop
      vertex 17.375 -1.08253 19.8
      vertex 17.5216 -1.15485 18.8
      vertex 17.375 -1.08253 18.8
    endloop
  endfacet
  facet normal 0.555425 0.831566 -0
    outer loop
      vertex 17.375 -1.08253 18.8
      vertex 17.239 -0.991692 19.8
      vertex 17.375 -1.08253 19.8
    endloop
  endfacet
  facet normal 0.555425 0.831566 0
    outer loop
      vertex 17.239 -0.991692 19.8
      vertex 17.375 -1.08253 18.8
      vertex 17.239 -0.991692 18.8
    endloop
  endfacet
  facet normal -0.555434 -0.831561 0
    outer loop
      vertex 18.625 7.08253 18.8
      vertex 18.761 6.99169 19.8
      vertex 18.625 7.08253 19.8
    endloop
  endfacet
  facet normal -0.555434 -0.831561 -0
    outer loop
      vertex 18.761 6.99169 19.8
      vertex 18.625 7.08253 18.8
      vertex 18.761 6.99169 18.8
    endloop
  endfacet
  facet normal 0.980782 -0.195105 0
    outer loop
      vertex 16.7607 6.16316 19.8
      vertex 16.7926 6.32352 18.8
      vertex 16.7926 6.32352 19.8
    endloop
  endfacet
  facet normal 0.980782 -0.195105 0
    outer loop
      vertex 16.7926 6.32352 18.8
      vertex 16.7607 6.16316 19.8
      vertex 16.7607 6.16316 18.8
    endloop
  endfacet
  facet normal 0.195175 0.980768 -0
    outer loop
      vertex 17.8368 4.76069 18.8
      vertex 17.6765 4.79259 19.8
      vertex 17.8368 4.76069 19.8
    endloop
  endfacet
  facet normal 0.195175 0.980768 0
    outer loop
      vertex 17.6765 4.79259 19.8
      vertex 17.8368 4.76069 18.8
      vertex 17.6765 4.79259 18.8
    endloop
  endfacet
  facet normal 0.442411 -0.896812 0
    outer loop
      vertex 17.375 7.08253 18.8
      vertex 17.5216 7.15485 19.8
      vertex 17.375 7.08253 19.8
    endloop
  endfacet
  facet normal 0.442411 -0.896812 0
    outer loop
      vertex 17.5216 7.15485 19.8
      vertex 17.375 7.08253 18.8
      vertex 17.5216 7.15485 18.8
    endloop
  endfacet
  facet normal 0.947038 -0.321123 0
    outer loop
      vertex 16.7926 6.32352 19.8
      vertex 16.8451 6.47835 18.8
      vertex 16.8451 6.47835 19.8
    endloop
  endfacet
  facet normal 0.947038 -0.321123 0
    outer loop
      vertex 16.8451 6.47835 18.8
      vertex 16.7926 6.32352 19.8
      vertex 16.7926 6.32352 18.8
    endloop
  endfacet
  facet normal -0.896678 -0.442683 0
    outer loop
      vertex 19.1549 6.47835 18.8
      vertex 19.0825 6.625 19.8
      vertex 19.0825 6.625 18.8
    endloop
  endfacet
  facet normal -0.896678 -0.442683 0
    outer loop
      vertex 19.0825 6.625 19.8
      vertex 19.1549 6.47835 18.8
      vertex 19.1549 6.47835 19.8
    endloop
  endfacet
  facet normal -0.980782 -0.195105 0
    outer loop
      vertex 19.2393 6.16316 18.8
      vertex 19.2074 6.32352 19.8
      vertex 19.2074 6.32352 18.8
    endloop
  endfacet
  facet normal -0.980782 -0.195105 0
    outer loop
      vertex 19.2074 6.32352 19.8
      vertex 19.2393 6.16316 18.8
      vertex 19.2393 6.16316 19.8
    endloop
  endfacet
  facet normal -0.831579 -0.555406 0
    outer loop
      vertex 19.0825 6.625 18.8
      vertex 18.9917 6.76095 19.8
      vertex 18.9917 6.76095 18.8
    endloop
  endfacet
  facet normal -0.831579 -0.555406 0
    outer loop
      vertex 18.9917 6.76095 19.8
      vertex 19.0825 6.625 18.8
      vertex 19.0825 6.625 19.8
    endloop
  endfacet
  facet normal -0.659448 -0.75175 0
    outer loop
      vertex 18.761 6.99169 18.8
      vertex 18.8839 6.88388 19.8
      vertex 18.761 6.99169 19.8
    endloop
  endfacet
  facet normal -0.659448 -0.75175 -0
    outer loop
      vertex 18.8839 6.88388 19.8
      vertex 18.761 6.99169 18.8
      vertex 18.8839 6.88388 18.8
    endloop
  endfacet
  facet normal -0.321322 -0.94697 0
    outer loop
      vertex 18.3235 7.20741 18.8
      vertex 18.4784 7.15485 19.8
      vertex 18.3235 7.20741 19.8
    endloop
  endfacet
  facet normal -0.321322 -0.94697 -0
    outer loop
      vertex 18.4784 7.15485 19.8
      vertex 18.3235 7.20741 18.8
      vertex 18.4784 7.15485 18.8
    endloop
  endfacet
  facet normal 0.0653624 -0.997862 0
    outer loop
      vertex 17.8368 7.23931 18.8
      vertex 18 7.25 19.8
      vertex 17.8368 7.23931 19.8
    endloop
  endfacet
  facet normal 0.0653624 -0.997862 0
    outer loop
      vertex 18 7.25 19.8
      vertex 17.8368 7.23931 18.8
      vertex 18 7.25 18.8
    endloop
  endfacet
  facet normal 0.997857 -0.0654392 0
    outer loop
      vertex 16.75 6 19.8
      vertex 16.7607 6.16316 18.8
      vertex 16.7607 6.16316 19.8
    endloop
  endfacet
  facet normal 0.997857 -0.0654392 0
    outer loop
      vertex 16.7607 6.16316 18.8
      vertex 16.75 6 19.8
      vertex 16.75 6 18.8
    endloop
  endfacet
  facet normal 0.831579 -0.555406 0
    outer loop
      vertex 16.9175 6.625 19.8
      vertex 17.0083 6.76095 18.8
      vertex 17.0083 6.76095 19.8
    endloop
  endfacet
  facet normal 0.831579 -0.555406 0
    outer loop
      vertex 17.0083 6.76095 18.8
      vertex 16.9175 6.625 19.8
      vertex 16.9175 6.625 18.8
    endloop
  endfacet
  facet normal 0.195175 -0.980768 0
    outer loop
      vertex 17.6765 7.20741 18.8
      vertex 17.8368 7.23931 19.8
      vertex 17.6765 7.20741 19.8
    endloop
  endfacet
  facet normal 0.195175 -0.980768 0
    outer loop
      vertex 17.8368 7.23931 19.8
      vertex 17.6765 7.20741 18.8
      vertex 17.8368 7.23931 18.8
    endloop
  endfacet
  facet normal 0.75186 -0.659323 0
    outer loop
      vertex 17.0083 6.76095 19.8
      vertex 17.1161 6.88388 18.8
      vertex 17.1161 6.88388 19.8
    endloop
  endfacet
  facet normal 0.75186 -0.659323 0
    outer loop
      vertex 17.1161 6.88388 18.8
      vertex 17.0083 6.76095 19.8
      vertex 17.0083 6.76095 18.8
    endloop
  endfacet
  facet normal -0.997857 -0.0654392 0
    outer loop
      vertex 19.25 6 18.8
      vertex 19.2393 6.16316 19.8
      vertex 19.2393 6.16316 18.8
    endloop
  endfacet
  facet normal -0.997857 -0.0654392 0
    outer loop
      vertex 19.2393 6.16316 19.8
      vertex 19.25 6 18.8
      vertex 19.25 6 19.8
    endloop
  endfacet
  facet normal -0.195175 0.980768 0
    outer loop
      vertex 18.3235 4.79259 18.8
      vertex 18.1632 4.76069 19.8
      vertex 18.3235 4.79259 19.8
    endloop
  endfacet
  facet normal -0.195175 0.980768 0
    outer loop
      vertex 18.1632 4.76069 19.8
      vertex 18.3235 4.79259 18.8
      vertex 18.1632 4.76069 18.8
    endloop
  endfacet
  facet normal -0.831579 0.555406 0
    outer loop
      vertex 18.9917 5.23905 18.8
      vertex 19.0825 5.375 19.8
      vertex 19.0825 5.375 18.8
    endloop
  endfacet
  facet normal -0.831579 0.555406 0
    outer loop
      vertex 19.0825 5.375 19.8
      vertex 18.9917 5.23905 18.8
      vertex 18.9917 5.23905 19.8
    endloop
  endfacet
  facet normal 0.0653624 0.997862 -0
    outer loop
      vertex 18 4.75 18.8
      vertex 17.8368 4.76069 19.8
      vertex 18 4.75 19.8
    endloop
  endfacet
  facet normal 0.0653624 0.997862 0
    outer loop
      vertex 17.8368 4.76069 19.8
      vertex 18 4.75 18.8
      vertex 17.8368 4.76069 18.8
    endloop
  endfacet
  facet normal 0.555434 0.831561 -0
    outer loop
      vertex 17.375 4.91747 18.8
      vertex 17.239 5.00831 19.8
      vertex 17.375 4.91747 19.8
    endloop
  endfacet
  facet normal 0.555434 0.831561 0
    outer loop
      vertex 17.239 5.00831 19.8
      vertex 17.375 4.91747 18.8
      vertex 17.239 5.00831 18.8
    endloop
  endfacet
  facet normal 0.980782 0.195105 0
    outer loop
      vertex 16.7926 5.67648 19.8
      vertex 16.7607 5.83684 18.8
      vertex 16.7607 5.83684 19.8
    endloop
  endfacet
  facet normal 0.980782 0.195105 0
    outer loop
      vertex 16.7607 5.83684 18.8
      vertex 16.7926 5.67648 19.8
      vertex 16.7926 5.67648 18.8
    endloop
  endfacet
  facet normal -0.947038 -0.321123 0
    outer loop
      vertex 19.2074 6.32352 18.8
      vertex 19.1549 6.47835 19.8
      vertex 19.1549 6.47835 18.8
    endloop
  endfacet
  facet normal -0.947038 -0.321123 0
    outer loop
      vertex 19.1549 6.47835 19.8
      vertex 19.2074 6.32352 18.8
      vertex 19.2074 6.32352 19.8
    endloop
  endfacet
  facet normal -0.75186 -0.659323 0
    outer loop
      vertex 18.9917 6.76095 18.8
      vertex 18.8839 6.88388 19.8
      vertex 18.8839 6.88388 18.8
    endloop
  endfacet
  facet normal -0.75186 -0.659323 0
    outer loop
      vertex 18.8839 6.88388 19.8
      vertex 18.9917 6.76095 18.8
      vertex 18.9917 6.76095 19.8
    endloop
  endfacet
  facet normal -0.442411 -0.896812 0
    outer loop
      vertex 18.4784 7.15485 18.8
      vertex 18.625 7.08253 19.8
      vertex 18.4784 7.15485 19.8
    endloop
  endfacet
  facet normal -0.442411 -0.896812 -0
    outer loop
      vertex 18.625 7.08253 19.8
      vertex 18.4784 7.15485 18.8
      vertex 18.625 7.08253 18.8
    endloop
  endfacet
  facet normal -0.195175 -0.980768 0
    outer loop
      vertex 18.1632 7.23931 18.8
      vertex 18.3235 7.20741 19.8
      vertex 18.1632 7.23931 19.8
    endloop
  endfacet
  facet normal -0.195175 -0.980768 -0
    outer loop
      vertex 18.3235 7.20741 19.8
      vertex 18.1632 7.23931 18.8
      vertex 18.3235 7.20741 18.8
    endloop
  endfacet
  facet normal -0.0653624 -0.997862 0
    outer loop
      vertex 18 7.25 18.8
      vertex 18.1632 7.23931 19.8
      vertex 18 7.25 19.8
    endloop
  endfacet
  facet normal -0.0653624 -0.997862 -0
    outer loop
      vertex 18.1632 7.23931 19.8
      vertex 18 7.25 18.8
      vertex 18.1632 7.23931 18.8
    endloop
  endfacet
  facet normal 0.896678 -0.442683 0
    outer loop
      vertex 16.8451 6.47835 19.8
      vertex 16.9175 6.625 18.8
      vertex 16.9175 6.625 19.8
    endloop
  endfacet
  facet normal 0.896678 -0.442683 0
    outer loop
      vertex 16.9175 6.625 18.8
      vertex 16.8451 6.47835 19.8
      vertex 16.8451 6.47835 18.8
    endloop
  endfacet
  facet normal 0.321322 -0.94697 0
    outer loop
      vertex 17.5216 7.15485 18.8
      vertex 17.6765 7.20741 19.8
      vertex 17.5216 7.15485 19.8
    endloop
  endfacet
  facet normal 0.321322 -0.94697 0
    outer loop
      vertex 17.6765 7.20741 19.8
      vertex 17.5216 7.15485 18.8
      vertex 17.6765 7.20741 18.8
    endloop
  endfacet
  facet normal 0.659448 -0.75175 0
    outer loop
      vertex 17.1161 6.88388 18.8
      vertex 17.239 6.99169 19.8
      vertex 17.1161 6.88388 19.8
    endloop
  endfacet
  facet normal 0.659448 -0.75175 0
    outer loop
      vertex 17.239 6.99169 19.8
      vertex 17.1161 6.88388 18.8
      vertex 17.239 6.99169 18.8
    endloop
  endfacet
  facet normal 0.555434 -0.831561 0
    outer loop
      vertex 17.239 6.99169 18.8
      vertex 17.375 7.08253 19.8
      vertex 17.239 6.99169 19.8
    endloop
  endfacet
  facet normal 0.555434 -0.831561 0
    outer loop
      vertex 17.375 7.08253 19.8
      vertex 17.239 6.99169 18.8
      vertex 17.375 7.08253 18.8
    endloop
  endfacet
  facet normal -0.980782 0.195105 0
    outer loop
      vertex 19.2074 5.67648 18.8
      vertex 19.2393 5.83684 19.8
      vertex 19.2393 5.83684 18.8
    endloop
  endfacet
  facet normal -0.980782 0.195105 0
    outer loop
      vertex 19.2393 5.83684 19.8
      vertex 19.2074 5.67648 18.8
      vertex 19.2074 5.67648 19.8
    endloop
  endfacet
  facet normal -0.321322 0.94697 0
    outer loop
      vertex 18.4784 4.84515 18.8
      vertex 18.3235 4.79259 19.8
      vertex 18.4784 4.84515 19.8
    endloop
  endfacet
  facet normal -0.321322 0.94697 0
    outer loop
      vertex 18.3235 4.79259 19.8
      vertex 18.4784 4.84515 18.8
      vertex 18.3235 4.79259 18.8
    endloop
  endfacet
  facet normal -0.75186 0.659323 0
    outer loop
      vertex 18.8839 5.11612 18.8
      vertex 18.9917 5.23905 19.8
      vertex 18.9917 5.23905 18.8
    endloop
  endfacet
  facet normal -0.75186 0.659323 0
    outer loop
      vertex 18.9917 5.23905 19.8
      vertex 18.8839 5.11612 18.8
      vertex 18.8839 5.11612 19.8
    endloop
  endfacet
  facet normal -0.555434 0.831561 0
    outer loop
      vertex 18.761 5.00831 18.8
      vertex 18.625 4.91747 19.8
      vertex 18.761 5.00831 19.8
    endloop
  endfacet
  facet normal -0.555434 0.831561 0
    outer loop
      vertex 18.625 4.91747 19.8
      vertex 18.761 5.00831 18.8
      vertex 18.625 4.91747 18.8
    endloop
  endfacet
  facet normal -0.947038 0.321123 0
    outer loop
      vertex 19.1549 5.52165 18.8
      vertex 19.2074 5.67648 19.8
      vertex 19.2074 5.67648 18.8
    endloop
  endfacet
  facet normal -0.947038 0.321123 0
    outer loop
      vertex 19.2074 5.67648 19.8
      vertex 19.1549 5.52165 18.8
      vertex 19.1549 5.52165 19.8
    endloop
  endfacet
  facet normal -0.0653624 0.997862 0
    outer loop
      vertex 18.1632 4.76069 18.8
      vertex 18 4.75 19.8
      vertex 18.1632 4.76069 19.8
    endloop
  endfacet
  facet normal -0.0653624 0.997862 0
    outer loop
      vertex 18 4.75 19.8
      vertex 18.1632 4.76069 18.8
      vertex 18 4.75 18.8
    endloop
  endfacet
  facet normal 0.321322 0.94697 -0
    outer loop
      vertex 17.6765 4.79259 18.8
      vertex 17.5216 4.84515 19.8
      vertex 17.6765 4.79259 19.8
    endloop
  endfacet
  facet normal 0.321322 0.94697 0
    outer loop
      vertex 17.5216 4.84515 19.8
      vertex 17.6765 4.79259 18.8
      vertex 17.5216 4.84515 18.8
    endloop
  endfacet
  facet normal 0.947038 0.321123 0
    outer loop
      vertex 16.8451 5.52165 19.8
      vertex 16.7926 5.67648 18.8
      vertex 16.7926 5.67648 19.8
    endloop
  endfacet
  facet normal 0.947038 0.321123 0
    outer loop
      vertex 16.7926 5.67648 18.8
      vertex 16.8451 5.52165 19.8
      vertex 16.8451 5.52165 18.8
    endloop
  endfacet
  facet normal 0.659448 0.75175 -0
    outer loop
      vertex 17.239 5.00831 18.8
      vertex 17.1161 5.11612 19.8
      vertex 17.239 5.00831 19.8
    endloop
  endfacet
  facet normal 0.659448 0.75175 0
    outer loop
      vertex 17.1161 5.11612 19.8
      vertex 17.239 5.00831 18.8
      vertex 17.1161 5.11612 18.8
    endloop
  endfacet
  facet normal 0.831579 0.555406 0
    outer loop
      vertex 17.0083 5.23905 19.8
      vertex 16.9175 5.375 18.8
      vertex 16.9175 5.375 19.8
    endloop
  endfacet
  facet normal 0.831579 0.555406 0
    outer loop
      vertex 16.9175 5.375 18.8
      vertex 17.0083 5.23905 19.8
      vertex 17.0083 5.23905 18.8
    endloop
  endfacet
  facet normal 0.997857 0.0654392 0
    outer loop
      vertex 16.7607 5.83684 19.8
      vertex 16.75 6 18.8
      vertex 16.75 6 19.8
    endloop
  endfacet
  facet normal 0.997857 0.0654392 0
    outer loop
      vertex 16.75 6 18.8
      vertex 16.7607 5.83684 19.8
      vertex 16.7607 5.83684 18.8
    endloop
  endfacet
  facet normal -0.997857 0.0654392 0
    outer loop
      vertex 19.2393 5.83684 18.8
      vertex 19.25 6 19.8
      vertex 19.25 6 18.8
    endloop
  endfacet
  facet normal -0.997857 0.0654392 0
    outer loop
      vertex 19.25 6 19.8
      vertex 19.2393 5.83684 18.8
      vertex 19.2393 5.83684 19.8
    endloop
  endfacet
  facet normal -0.442411 0.896812 0
    outer loop
      vertex 18.625 4.91747 18.8
      vertex 18.4784 4.84515 19.8
      vertex 18.625 4.91747 19.8
    endloop
  endfacet
  facet normal -0.442411 0.896812 0
    outer loop
      vertex 18.4784 4.84515 19.8
      vertex 18.625 4.91747 18.8
      vertex 18.4784 4.84515 18.8
    endloop
  endfacet
  facet normal -0.659448 0.75175 0
    outer loop
      vertex 18.8839 5.11612 18.8
      vertex 18.761 5.00831 19.8
      vertex 18.8839 5.11612 19.8
    endloop
  endfacet
  facet normal -0.659448 0.75175 0
    outer loop
      vertex 18.761 5.00831 19.8
      vertex 18.8839 5.11612 18.8
      vertex 18.761 5.00831 18.8
    endloop
  endfacet
  facet normal -0.896678 0.442683 0
    outer loop
      vertex 19.0825 5.375 18.8
      vertex 19.1549 5.52165 19.8
      vertex 19.1549 5.52165 18.8
    endloop
  endfacet
  facet normal -0.896678 0.442683 0
    outer loop
      vertex 19.1549 5.52165 19.8
      vertex 19.0825 5.375 18.8
      vertex 19.0825 5.375 19.8
    endloop
  endfacet
  facet normal 0.442411 0.896812 -0
    outer loop
      vertex 17.5216 4.84515 18.8
      vertex 17.375 4.91747 19.8
      vertex 17.5216 4.84515 19.8
    endloop
  endfacet
  facet normal 0.442411 0.896812 0
    outer loop
      vertex 17.375 4.91747 19.8
      vertex 17.5216 4.84515 18.8
      vertex 17.375 4.91747 18.8
    endloop
  endfacet
  facet normal 0.896678 0.442683 0
    outer loop
      vertex 16.9175 5.375 19.8
      vertex 16.8451 5.52165 18.8
      vertex 16.8451 5.52165 19.8
    endloop
  endfacet
  facet normal 0.896678 0.442683 0
    outer loop
      vertex 16.8451 5.52165 18.8
      vertex 16.9175 5.375 19.8
      vertex 16.9175 5.375 18.8
    endloop
  endfacet
  facet normal 0.75186 0.659323 0
    outer loop
      vertex 17.1161 5.11612 19.8
      vertex 17.0083 5.23905 18.8
      vertex 17.0083 5.23905 19.8
    endloop
  endfacet
  facet normal 0.75186 0.659323 0
    outer loop
      vertex 17.0083 5.23905 18.8
      vertex 17.1161 5.11612 19.8
      vertex 17.1161 5.11612 18.8
    endloop
  endfacet
endsolid OpenSCAD_Model
